type,german,english,german_full,s1,t1,s2,t2,s3,t3,s4,t4,s5,t5,s6,t6,s7,t7,s8,t8,s9,t9,s10,t10
other,nicht,not,nicht,"Zigarette? - Danke, ich rauche nicht.","Cigarette? - Thank you, I don't smoke.",Wie geht es dir? – Nicht so gut.,How are you? - Not so good.,Das Essen in der Kantine ist gar nicht schlecht.,The food in the canteen is not bad at all.,Du kommst immer zu spät! - Das stimmt nicht.,You're always late! - That's not true.
other,es,it,es,Mein Auto muss in die Werkstatt. Es ist kaputt.,My car has to go to the garage. It's broken.,"Wissen Sie nicht, wo Herr Müller ist? - Nein, ich weiß es nicht.","Don't you know where Mr. Müller is? - No, I don't know.",Es wurden bei der Diskussion viele Fragen gestellt.,Many questions were asked during the discussion.,Wer ist da? – Ich bin’s.,Who is it? - It's me.,Mir geht es gut.,I'm fine.,"Ich finde es sehr nett von Ihnen, dass Sie mich abholen.",I think it's very nice of you to pick me up.,"Es macht Spaß, zusammen ein Picknick zu machen.",It's fun to have a picnic together.
other,und,and,und,Ich habe heute und morgen frei.,I have today and tomorrow off.,Ich kaufe ein und mein Mann kocht.,I do the shopping and my husband cooks.
other,was,what,was,Was ist das?,What is that?,Was möchten Sie?,What would you like?,"Wissen Sie, was das ist?",Do you know what that is?,Hast du schon (et)was gegessen?,Have you eaten anything yet?
other,zu,"to, at, too",zu + Dativ,Ich bringe Sie zum Bahnhof.,I'll take you to the station.,Wann sind Sie zu Hause?,When are you at home?,Am besten gehen Sie zu Fuß.,The best way to get there is on foot.,Gehen Ihre Kinder schon/noch zur Schule?,Do your children already/still go to school?,Das Kleid ist mir zu teuer.,The dress is too expensive for me.,Bitte zwanzig Briefmarken zu 55 Cent.,Twenty stamps at 55 cents please.,Ich trinke zum Essen ein Bier.,I drink a beer with my meal.,Unsere Mannschaft hat 2 zu 1 gewonnen.,Our team won 2 to 1.,"Ich habe vor, mir ein neues Auto zu kaufen.",I am planning to buy a new car.,Hast du etwas zu trinken für mich?,Do you have a drink for me?
other,ein-,"a, one",ein-,Ich nehme ein Bier. Willst du auch eins?,I'll have a beer. Do you want one too?,Wir haben zu wenig Mitspieler. Wir brauchen noch einen.,We don't have enough players. We need one more.
other,in,"in, on, to",in + Akkusativ/Dativ,Ich wohne in Frankfurt.,I live in Frankfurt.,Meine Wohnung ist im dritten Stock.,My apartment is on the third floor.,Wollen wir heute ins Einkaufszentrum gehen?,Shall we go to the mall today?,Rufen Sie bitte in fünf Minuten noch einmal an.,Please call back in five minutes.,Im Mai war ich in Urlaub. (D) (A: auf),I was on vacation in May.,Wir sind in einer schwierigen Lage.,We are in a difficult situation.,Meine Tochter kommt nächstes Jahr ins Gymnasium. (A) (D: aufs),My daughter will start grammar school next year.
other,ja,yes,ja,Sind Sie verheiratet? – Ja.,"Are you married? - Yes, you are.","Hallo? – Ja, bitte? Wer spricht denn da?","Hello? - Yes, please? Who is this?","Denk bitte daran, die Tür abzuschließen. – Ja, ja, mach´ ich.","Please remember to lock the door. - Yes, yes, I will.","Heute Morgen um fünf hat es geschneit. – Ja, wirklich?",It snowed at five this morning - really?,"Ich würde ja gern kommen, aber es geht wirklich nicht.","I would love to come, but I really can't.","Du weißt ja, dass ich kein Bier trinke. Gib mir bitte einen Tee.","You know I don't drink beer. Give me a cup of tea, please.",Du bist hier in Berlin? – Das ist ja eine Überraschung.,You're here in Berlin? - That's a surprise.,Steige bitte ja nicht auf den Stuhl!,Please don't get on the chair!
other,mit,with,mit + Dativ,Ich gehe heute Abend mit Maria aus.,I'm going out with Maria tonight.,Wir suchen eine Dreizimmerwohnung mit Küche und Bad.,We are looking for a three-room apartment with kitchen and bathroom.,Ich hätte gern einen Tee mit Zitrone.,I would like a tea with lemon.,Mit meiner Mutter sind wir acht Personen.,"With my mother, there are eight of us.",Ich bin mit dem Fahrrad gekommen.,I came by bike.
other,wie,"how, as/like",wie,Wie heißt du?,What is your name?,Wie lange bist du schon hier?,How long have you been here?,Meine Frau ist so alt wie ich.,My wife is the same age as me.,Wie schreibt man das?,How do you write that?,Wie bitte?,Excuse me?,Wie gefällt dir unsere Wohnung?,How do you like our apartment?
other,auf,"on, at, in, awake, open",auf + Akkusativ/Dativ,Deine Brille liegt auf dem Schreibtisch.,Your glasses are on the desk.,Die Kinder spielen unten auf der Straße.,The children are playing in the street below.,Meine Eltern leben auf dem Land.,My parents live in the country.,Gestern waren wir auf einer Party.,Yesterday we went to a party.,Auf unsere Anzeige in der Abendzeitung hat sich noch niemand gemeldet.,Nobody has yet responded to our ad in the evening newspaper.,Wie heißt das auf Deutsch?,What is it called in German?,"Meine Tochter kommt nächstes Jahr aufs Gymnasium. (D) (A, CH: ins)","My daughter is going to grammar school next year. (D) (A, CH: ins)",Im Mai war ich auf Urlaub. (A) (D: in),I was on vacation in May. (A) (D: in),Ich bin schon seit zwei Stunden auf.,I've been up for two hours.," Komm herein, die Tür ist auf. (D) (A, CH: offen)"," Come in, the door is open. (D) (A, CH: open)"
other,dass,that,dass,"Rico hat mir gesagt, dass er auch zur Party kommt.",Rico told me that he's also coming to the party.
other,aber,but,aber,"Heute kann ich nicht, aber morgen ganz bestimmt.","I can't today, but I definitely can tomorrow.","Es lag sehr viel Schnee, aber Enzo ist trotzdem mit dem Motorrad gefahren.","There was a lot of snow, but Enzo rode the bike anyway.","Wir haben nur eine kleine Wohnung, sind aber damit zufrieden.","We only have a small apartment, but we are happy with it.",Es war sehr schön. Jetzt muss ich aber gehen.,It was very nice. But now I have to go.,"Ich würde gerne kommen, aber es geht leider nicht.","I would love to come, but unfortunately I can't.","Darf ich dich zu einem Kaffee einladen? – Aber ja, sehr gern.","Can I buy you a coffee? - Why yes, I would love to.",Du spielst aber gut Klavier.,But you play the piano well.
other,so,"so, as, like this",so,Wie macht man das? – So!,How do you do that? - Like this!,Sie müssen das so machen. Nicht so!,You have to do it like this. Not like this!,Sie sind auch hier! So ein Zufall!,You're here too! What a coincidence!,"Ich melde mich, so schnell ich kann.",I'll get back to you as soon as I can.,Wann treffen wir uns? – So gegen 10 Uhr. Ist dir das recht?,When do we meet? - Around 10 o'clock. Is that okay with you?,Dauert es lange? – Eine Stunde oder so kann es schon dauern.,Will it take long? - It can take an hour or so.,Ich hatte kein Geld dabei. Da haben sie mich so hineingelassen.,I didn't have any money with me. They let me in like that.,"So, jetzt bin ich fertig. Was machen wir jetzt?","So, now I'm done. What are we going to do now?",Fahren Sie bitte nicht so schnell!,Please do not drive so fast!,Meine Frau ist so groß wie ich.,My wife is as tall as I am.
other,hier/hier-,here,hier/hier-,Hier wohne ich.,This is where I live.,Von hier hat man eine herrliche Aussicht.,From here you have a wonderful view.,Hier sind die Schlüssel für meine Wohnung. Kannst Du meine Blumen gießen?,Here are the keys to my apartment. Can you water my flowers?,Hier ist Pamela Linke. Bitte hinterlassen Sie eine Nachricht.,This is Pamela Linke. Please leave a message.
verb,haben,to have,"haben, hat, hatte, hat gehabt",Wir haben Hunger.,We are hungry.,Heute habe ich keine Zeit.,I don't have time today.,Wir haben ein neues Auto.,We have a new car.,Kann ich bitte eine Suppe haben?,"Can I have some soup, please?",Unsere Wohnung hat vier Zimmer.,Our apartment has four rooms.,Ich habe heute viel zu tun.,I have a lot to do today.,Du hast es gut. Du kannst in Urlaub fahren.,You have it good. You can go on vacation.
other,für,for,für + Akkusativ,Ist Post für mich da?,Is there mail for me?,Ich habe die Schlüssel für meine Wohnung verloren.,I have lost the keys to my apartment.,Gibt es hier einen Sportverein für Jugendliche?,Is there a sports club for young people here?,Diese alten Möbel haben wir für 100 Euro bekommen.,We got this old furniture for 100 euros.,Für einen Anfänger spielt er schon sehr gut Klavier.,He already plays the piano very well for a beginner.,Du kannst nicht einkaufen gehen? Ich kann es für dich machen.,You can't go shopping? I can do it for you.,Für mich ist das ein schwerer Fehler.,"For me, that is a serious mistake.",Wir haben die Wohnung für ein Jahr gemietet.,We rented the apartment for a year.
other,von,"from, of",von + Dativ,Ich komme gerade vom Zahnarzt.,I've just come from the dentist.,Emil ist ein Freund von mir.,Emil is a friend of mine.,Haben Sie noch eine Zeitung von heute?,Do you still have a newspaper from today?,Von jetzt an müssen wir sparen.,From now on we have to save money.,Das Büro ist von 13 bis 15 Uhr geschlossen.,The office is closed from 1 p.m. to 3 p.m.
other,wenn,"if, when",wenn,"Kommst du zu der Party? - Vielleicht, wenn ich nicht arbeiten muss.","Are you coming to the party? - Maybe, if I don't have to work.","Gib mir Bescheid, wenn deine Mutter zu Hause ist.",Let me know when your mother is home.
other,nein,no,nein,"Noch ein Bier? – Nein, danke.","Another beer? - No, thanks.","Kommst du auch mit nach München? – Nein, ich habe keine Zeit.","Are you also coming to Munich? - No, I don't have time."
other,an,"on, at",an + Akkusativ/Dativ,Am Anfang war alles sehr schwierig.,Everything was very difficult at the beginning.,Dann sehen wir uns also am Dienstag.,So I'll see you on Tuesday.,Ich warte am Bahnhof auf dich.,I'll wait for you at the station.,"Am besten, du gehst zur Information und fragst da.",The best thing to do is to go to the information desk and ask there.,Das Licht war die ganze Nacht an.,The light was on all night.
other,noch,still,noch,Mein Bruder geht noch zur Schule.,My brother still goes to school.,"Bist du fertig. – Nein, noch nicht ganz.","Are you finished? - No, not quite yet.","Haben Sie noch einen Wunsch? – Ja, bitte noch ein Bier.","Do you have another wish? - Yes, another beer please.","Sonst noch etwas? – Nein, danke.","Anything else? - No, thank you.",Ich komme später. Ich muss erst noch einkaufen.,I'll be late. I have to go shopping first.,"Meine Freundin studiert, und abends arbeitet sie noch als Kellnerin.",My girlfriend is studying and she works as a waitress in the evenings.,Es ist nicht mehr viel Zeit. Nur noch fünf Minuten.,There's not much time left. Only five minutes left.,Ich habe nur noch 20 Euro.,I only have 20 euros left.,"Ist das Essen schon fertig. – Nein, es dauert noch ein paar Minuten.","Is the food ready yet? - No, it will take a few more minutes.",Ist Amadeo schon da? – Vielleicht kommt er noch.,Is Amadeo here yet? - Maybe he's still coming.
other,nur,only,nur,Im Kaufhaus gibt‘s T-Shirts für nur fünf Euro.,The department store sells T-shirts for just five euros.,Ich habe keinen Hunger. Ich möchte nur etwas trinken.,I'm not hungry. I just want something to drink.,Ich habe nur heute Abend Zeit.,I only have time tonight.,Kannst du mir Geld leihen? Tut mir leid. Ich habe nur fünf Euro dabei.,Can you lend me some money? I'm sorry. I only have five euros with me.
other,da,"there, because",da,Da drüben ist ein Getränkeautomat.,There's a drinks machine over there.,"Was Sie da sagen, ist richtig.",What you are saying is correct.,Ich wollte gerade einparken. Da kam ein Wagen rückwärts aus der Einfahrt.,I was just about to park. A car reversed out of the driveway.,Wir haben schon geschlossen. – Da kann man nichts machen.,We're already closed. - There's nothing you can do.,"Da Sie keinen Mitgliedsausweis haben, ist es etwas teurer.","As you do not have a membership card, it is a little more expensive.",Wir haben gerade über dich gesprochen. Da bist du ja.,We were just talking about you. There you are.,Welche Bluse nehmen Sie? – Die da.,Which blouse do you choose? - That one.
other,gut,good,gut,Ich kenne ein gutes Lokal.,I know a good restaurant.,Maria kann gut tanzen.,Maria can dance well.,"Ich glaube, die Wurst ist nicht mehr gut.",I don't think the sausage is good anymore.,Mir ist heute gar nicht gut.,I don't feel well at all today.,Wir hatten im Urlaub gutes Wetter.,We had good weather on our vacation.,Heute ist das Wetter wieder besser.,The weather is better again today.,Ich komme um 13 Uhr. – Gut!,I'll be there at 1 pm. - Good!,Guten Morgen!,Good morning!,Ein gutes neues Jahr!,Happy New Year!,Guten Appetit!,Enjoy your meal!
other,auch,also,auch,Ich muss leider gehen. – Ich auch.,"Unfortunately, I have to go. - Me too.",Ich arbeite die ganze Woche und muss auch am Wochenende arbeiten.,I work all week and also have to work at the weekend.,"Wir fahren auf jeden Fall, auch wenn es regnet.","We're definitely going, even if it rains.",Der Zug ist gerade eben abgefahren. Warum kommst du auch so spät!,The train has just left. Why are you so late!
other,schon,already,schon,Ist das Essen schon fertig?,Is the food ready yet?,Mirko ist erst fünf. Aber er kann schon lesen.,Mirko is only five. But he can already read.,Karl ist schon über 60. Aber er ist noch sehr fit.,"Karl is already over 60, but he's still very fit.","Mach schon, ich kann nicht länger warten.","Come on, I can't wait any longer.",Keine Sorge. Es wird schon klappen.,Don't worry. It will work out.,"Kommst du mit spazieren? – Ich hätte schon Lust, aber ich muss arbeiten.","Are you coming for a walk? - I'd like to, but I have to work.",Ich mag keine Kartoffeln. Und du? – Ich schon.,I don't like potatoes. What about you? - I do.
other,als,"when, than",als,"Als mein Mann kam, war die Party schon zu Ende.","When my husband arrived, the party was already over.",Sie können sich sowohl persönlich als auch im Internet anmelden.,You can register in person or online.,Meine Schwester ist älter als ich.,My sister is older than me.,"Es ist später, als ich dachte.",It's later than I thought.
verb,sein,to be,"sein, ist, war, ist gewesen",Ich bin Mechaniker.,I am a mechanic.,Das Auto ist jetzt fünfzehn Jahre alt.,The car is now fifteen years old.,Der Termin beim Zahnarzt ist erst übermorgen.,The dentist's appointment is the day after tomorrow.,Um 11 Uhr ist Pause.,There is a break at 11 o'clock.,Herr Müller ist in seinem Zimmer.,Mr. Müller is in his room.,Das ist schwer zu verstehen.,That is difficult to understand.,Mir ist kalt.,I'm cold.
noun,Mal,time,"das Mal, -e",Das machen wir nächstes Mal.,We'll do that next time.,Das erste Mal war ich vor fünf Jahren in England.,The first time I was in England was five years ago.,Bis zum nächsten Mal.,See you next time.
other,jetzt,now,jetzt,Ich muss jetzt gehen.,I have to go now.,Bis jetzt hat alles gut geklappt.,Everything has worked well so far.,Ab jetzt werde ich wieder öfter ins Fitness-Studio gehen.,From now on I'll be going to the gym more often again.,Ich habe jetzt schon dreimal bei meinem Bruder angerufen. Aber er ist nie da.,I've called my brother three times now. But he's never there.,Über viele Dinge denke ich jetzt anders als früher.,I think differently about many things now than I used to.
other,mal,"sometimes, times",mal,"Mal bin ich glücklich, mal traurig.","Sometimes I am happy, sometimes sad.",Drei mal drei ergibt neun.,Three times three equals nine.
other,dann,then,dann,"Ich muss noch schnell zur Post, dann komme ich.","I have to go to the post office quickly, then I'll be there.",Wir waren pünktlich am Bahnhof. Aber dann hatte der Zug Verspätung.,We were at the station on time. But then the train was late.,Ich habe im Moment sehr viel zu tun. – Dann will ich nicht länger stören.,I have a lot to do at the moment. - Then I won't bother you any longer.,"Wenn es nicht regnet, dann kommen wir.","If it doesn't rain, we'll come."
other,wie viel(e),how much/many,wie viel(e),Wie viel Geld hast du dabei?,How much money do you have with you?,Wie viel ist ein Euro hier wert?,How much is a euro worth here?,Wie viele Kinder haben Sie?,How many children do you have?
other,aus,"from, made of, out of, off",aus + Dativ,Frau Müller geht jeden Morgen um 8 Uhr aus dem Haus.,Mrs. Müller leaves the house every morning at 8 o'clock.,Frau Özgen kommt aus der Türkei.,Ms. Özgen comes from Turkey.,Die Möbel sind noch aus der Zeit um 1900.,The furniture dates from around 1900.,Ich trage nur Pullover aus reiner Wolle.,I only wear sweaters made of pure wool.,Wir haben aus Liebe geheiratet.,We got married for love.,Wann ist der Kurs aus?,When is the course over?,Ich seh‘ nichts! Das Licht ist aus!,I can't see anything! The light is off!
other,um,"at (with time), around",um + Akkusativ,Wir treffen uns um 8 Uhr.,We meet at 8 o'clock.,Die Apotheke ist gleich um die Ecke.,The pharmacy is just around the corner.,Die Benzinpreise sind schon wieder um 3 % gestiegen.,Petrol prices have already risen by 3% again.
other,doch,"yes, but, after all",doch,"Isst du kein Fleisch? – Doch, manchmal schon.","Don't you eat meat? - Yes, sometimes I do.",Ich habe es mir anders überlegt. Ich komme doch mit in die Stadt.,I've changed my mind. I'm coming into town after all.,Ihr kommt doch heute Abend?,"You're coming tonight, right?","Fragen Sie doch Herrn Müller, der ist Computerspezialist.","Just ask Mr. Müller, he is a computer specialist.","Ach, wenn doch schon Sonntag wäre!","Oh, if only it were already Sunday!"
other,oder,or,oder,Möchten Sie Kaffee oder Tee?,Would you like coffee or tea?,Entweder wir fahren mit dem Bus oder wir gehen zu Fuß.,Either we take the bus or we walk.
other,nach,"to, after",nach + Dativ,Ich fahre morgen nach Hamburg.,I'm going to Hamburg tomorrow.,Ich muss jetzt nach Hause.,I have to go home now.,Wir treffen uns nach dem Essen.,We meet after dinner.,Es ist schon nach acht. Wir müssen uns beeilen.,It's already after eight. We have to hurry.
noun,S-Bahn,suburban train,"die S-Bahn, -en",Die S-Bahn ist schneller als die Straßenbahn.,The S-Bahn is faster than the streetcar.
other,nichts,nothing,nichts,Ich habe noch nichts gegessen.,I haven't eaten anything yet.,Ich weiß auch nichts Genaues.,I don't know anything for sure either.,Ich habe nichts zum Schreiben dabei.,I have nothing to write with.,Entschuldigung! – Das macht nichts.,Sorry! - That doesn't matter.
other,man,"you, one",man,Wie schreibt man das?,How do you write that?,Hier darf man nicht parken.,You are not allowed to park here.
verb,werden,to become,"werden, wird, wurde, ist geworden",Es wird kalt.,It's getting cold.,Ich habe morgen Geburtstag. ? Wie alt wirst du denn?,It's my birthday tomorrow. - How old are you going to be?,Warum fährst du so schnell? Bist du verrückt geworden?!,Why are you driving so fast? Have you gone crazy?!,Mein Sohn möchte Polizist werden.,My son wants to be a policeman.,"Wohin fahren Sie in Urlaub? – Ich glaube, wir werden dieses Jahr zu Hause bleiben.",Where are you going on vacation? - I think we'll stay at home this year.
other,wo,where,wo,Wo waren Sie im Urlaub?,Where were you on vacation?,Wo wohnen Sie?,Where do you live?,Wo ist denn meine Uhr?,Where is my watch?
other,etwas,something,etwas,Ich muss dir etwas erzählen.,I have to tell you something.,Ich habe nur Tee. Etwas anderes kann ich Ihnen leider nicht anbieten.,"I only have tea. Unfortunately, I can't offer you anything else.",Haben Sie etwas zum Schreiben?,Do you have something to write about?,Wollen wir mit dem Nachtisch noch etwas warten?,Shall we wait a little longer for dessert?,So etwas habe ich noch nie gehört.,I've never heard anything like it.,Ich habe etwas Gutes für dich gekocht.,I've cooked something good for you.
other,mehr,more,mehr,Ich habe diesmal mehr gelernt als bei der letzten Prüfung.,I learned more this time than in the last exam.,Mehr kann ich nicht essen!,That's all I can eat!
other,bei,"near, at (someone’s place), while",bei + Dativ,Potsdam liegt bei Berlin.,Potsdam is located near Berlin.,Ich wohne bei meinen Eltern.,I live with my parents.,Bei uns ist das anders als bei euch. Wir essen kein Fleisch.,It's different for us than for you. We don't eat meat.,Ich habe kein Geld bei mir.,I don't have any money with me.,Wir wollen euch nicht beim Essen stören.,We don't want to disturb your meal.
other,also,"so, therefore",also,"Also, die Sache ist so: …","So, here's the thing: ...",Irina hat Urlaub. Sie kann uns also helfen.,Irina is on vacation. So she can help us.,"Also wirklich, jetzt reicht es.","Really, that's enough."
noun,Bitte,request,"die Bitte, -n",Ich habe eine Bitte. Kann ich mal Ihr Handy benutzen?,I have a request. Can I use your cell phone?
other,bitte,please,bitte,"Eine Tasse Kaffee, bitte!","A cup of coffee, please!",Bitte schön!,Here you go!,Wie bitte? Was haben Sie gesagt?,Excuse me? What did you say?,Sprechen Sie bitte langsam.,Please speak slowly.
other,immer,always,immer,Frau Bast kommt immer zu spät.,Mrs. Bast is always late.,Mein Kollege liegt immer noch im Krankenhaus.,My colleague is still in hospital.,Die Schmerzen werden immer schlimmer.,The pain gets worse and worse.
other,warum,why,warum,Warum besuchst du mich nicht?,Why don't you visit me?,"Ich weiß nicht, warum es hier so kalt ist.",I don't know why it's so cold here.
other,vor,"before, ago, in front of",vor + Akkusativ/Dativ,Ich bin vor einer Woche zurückgekommen.,I came back a week ago.,Das Auto steht vor der Tür.,The car is at the door.,Ich konnte vor Schmerzen nicht schlafen.,I couldn't sleep because of the pain.
other,los/los-,(see example sentence),los/los-,Los! Beeilt euch!,Come on! Hurry up!,Gibt es ein Problem? Was ist denn los?,Is there a problem? What's going on?,Achtung – fertig – los!,Ready - set - go!
verb,können,to be able to,"können, kann, konnte, hat gekonnt (hat können als Modalverb)",Ich kann den schweren Koffer nicht tragen.,I can't carry the heavy suitcase.,Sie können mit dem Bus zum Bahnhof fahren.,You can take the bus to the station.,Kann ich jetzt nach Hause gehen?,Can I go home now?,Können Sie mir helfen?,Can you help me?,Ich kann sehr gut Englisch und Deutsch.,I can speak English and German very well.,"Es kann sein, dass es heute noch regnet.",It may still rain today.
other,wieder/wieder-,again,wieder/wieder-,Wann kommst du wieder?,When will you be back?,Meine Mutter war krank. Jetzt ist sie aber wieder gesund.,My mother was ill. But now she's healthy again.,Mein Bruder kommt schon wieder zu spät.,My brother is late again.,Meine Eltern sind zu Besuch gekommen. Morgen fahren sie wieder zurück.,My parents have come to visit. They're going back tomorrow.
verb,sagen,to say,"sagen, sagt, sagte, hat gesagt",Entschuldigung! Was haben Sie gesagt?,Excuse me! What did you say?,"Können Sie mir bitte sagen, wo hier ein Geldautomat ist?",Can you please tell me where there is an ATM here?,Wie sagt man „sorry“ auf Deutsch?,How do you say "sorry" in German?,"Sag mal, wie geht’s dir denn?","Tell me, how are you?"
verb,machen,"to make, do","machen, macht, machte, hat gemacht",Was machst du am Wochenende?,What are you doing at the weekend?,Ich habe die Betten noch nicht gemacht.,I haven't made the beds yet.,Soll ich dir die Suppe noch einmal warm machen?,Shall I heat up the soup for you again?,Meine Arbeit macht mir viel Spaß.,I really enjoy my work.,Mach dir bitte keine Sorgen.,Please don't worry.,Tut mir leid. Die Küche hat schon geschlossen. – Da kann man nichts machen.,I'm sorry. The kitchen is already closed. - There's nothing we can do.,Das macht zusammen 20 Euro.,That makes a total of 20 euros.
other,danke,thanks,danke,"Soll ich Ihnen helfen? Nein, danke, nicht nötig.","Shall I help you? No, thanks, not necessary.",Guten Appetit! – Danke gleichfalls.,Enjoy your meal! - Thank you as well.
other,sehr,very,sehr,Ich habe mich sehr über Ihren Besuch gefreut.,I was very pleased about your visit.,Hier ist Ihr Essen. - Danke sehr.,Here is your food. - Thank you very much.,Das Wetter ist heute sehr schön.,The weather is very nice today.
other,denn,because,denn,"Ich lerne jetzt auch Portugiesisch, denn ich möchte nach Südamerika reisen.",I'm also learning Portuguese now because I want to travel to South America.,Wie ist das Spiel denn ausgegangen?,How did the game end?
noun,Mann,"man, husband","der Mann, ¨-er",In unserer Firma arbeiten fast nur Männer.,Almost only men work in our company.,Mein Mann arbeitet bei der Post.,My husband works at the post office.
verb,tun,to do,"tun, tut, tat, hat getan",Ich habe heute viel zu tun.,I have a lot to do today.,Was kann ich für Sie tun?,What can I do for you?,Ich habe zu viel Zucker in den Kaffee getan.,I put too much sugar in my coffee.,Es tut mir leid. Ich kann nicht kommen.,I'm sorry. I can't come.,Der Arm tut mir weh.,My arm hurts.,Ich habe endlich mal ausgeschlafen. Das hat gut getan.,I finally got a good night's sleep. That did me good.
verb,gehen,"to go, walk, function, be about (um; 7th sentence)","gehen, geht, ging, ist gegangen (um + Akkusativ)",Ich gehe jeden Morgen zu Fuß zur Arbeit.,I walk to work every morning.,Der nächste Zug geht erst in zwei Stunden.,The next train doesn't leave for another two hours.,Geht Ihre Uhr richtig?,Is your watch running correctly?,"Geht das bis morgen? – Nein, das geht nicht. Ich brauche mehr Zeit.","Is that possible until tomorrow? - No, that's not possible. I need more time.",Das Fenster geht auf die Straße.,The window opens onto the street.,Wie geht es Ihnen heute?,How are you doing today?,Um was geht es denn?,What is it all about?
verb,sehen,to see,"sehen, sieht, sah, hat gesehen",Ich sehe nicht gut. Ich brauche eine Brille.,I can't see well. I need glasses.,Ich habe einen schönen Film gesehen.,I saw a beautiful movie.,Darf ich mal Ihren Ausweis sehen?,May I see your ID?,Sieh mal! Es schneit.,Look! It's snowing.,"Ich komme gleich wieder, ich muss mal schnell nach dem Essen sehen.","I'll be right back, I have to check on the food.",Was machst du im Urlaub? – Ich weiß noch nicht. Mal sehen.,What are you doing on vacation? - I don't know yet. Let's see.,Du siehst deiner Mutter sehr ähnlich.,You look a lot like your mother.
other,vielleicht,"maybe, perhaps",vielleicht,Kommst du mit in die Stadt? - Ich weiß noch nicht. Vielleicht.,Are you coming into town? - I don't know yet. Maybe.,Vielleicht bekomme ich den Job.,Maybe I'll get the job.,Die Fahrkarte war vielleicht teuer!,The ticket may have been expensive!,Hast du vielleicht Kleingeld für mich?,Do you have any change for me?
other,wer,who,wer,Wer ist das? Kennst du die Frau?,Who is that? Do you know the woman?,Wer will die Prüfung machen?,Who wants to take the exam?
other,über,"above, over, about",über + Akkusativ/Dativ,Die Müllers wohnen direkt über uns.,The Müllers live directly above us.,"Pass bitte auf, wenn du über die Straße gehst.",Please be careful when you cross the road.,Fahren Sie über Stuttgart oder über Würzburg?,Are you traveling via Stuttgart or via Würzburg?,Übers Wochenende fahren wir in die Berge.,We're going to the mountains for the weekend.,Kinder über zehn Jahre müssen voll bezahlen.,Children over the age of ten must pay in full.,Ich suche ein Buch über die deutsche Küche.,I am looking for a book about German cuisine.
noun,Wissen,knowledge,das Wissen (Sg.),Es hat ein großes Wissen über Pflanzen.,It has a wealth of knowledge about plants.,Ich tue nichts ohne dein Wissen.,I do nothing without your knowledge.
other,um … zu,in order to,um … zu,"Um gesund zu bleiben, musst du Sport machen und Gemüse essen.","In order to stay healthy, you need to exercise and eat vegetables."
verb,wissen,to know,"wissen, weiß, wusste, hat gewusst","Weißt du, wie der Hausmeister heißt?",Do you know the janitor's name?,"Ich habe nicht gewusst, dass Pascal verheiratet ist.",I didn't know that Pascal was married.,Woher wissen Sie das?,How do you know that?
verb,müssen,"to have to, must","müssen, muss, musste, hat gemusst (hat müssen als Modalverb)",Wie lange müssen Sie arbeiten?,How long do you have to work?,Sie müssen die Miete pünktlich überweisen.,You must pay the rent on time.,Ich muss jeden Tag von 8 bis 18 Uhr arbeiten.,I have to work from 8 a.m. to 6 p.m. every day.,Du musst mich nicht abholen. Nur wenn du willst.,You don't have to pick me up. Only if you want to.
other,nie,never,nie,Der Chef ist nie da.,The boss is never there.,Warum bist du nie zufrieden?,Why are you never satisfied?,Bis morgen Abend schaffe ich die Arbeit nie.,I'll never get the work done by tomorrow evening.,Ich gehe nie wieder in dieses Restaurant.,I will never go to this restaurant again.
other,wirklich,really,wirklich,Du glaubst mir nicht? Es ist aber wirklich so.,You don't believe me? But it's really true.,Im Bahnhofsrestaurant isst man wirklich sehr gut.,The station restaurant serves really good food.
other,kein-,none,kein-,Ich habe leider heute keine Zeit.,"Unfortunately, I don't have time today.",Jetzt habe ich noch keinen Hunger.,I'm not hungry yet.,Ich habe keine Kinder.,I don't have any children.,Was für ein Auto haben Sie? – Ich habe keins.,What kind of car do you have? - I don't have one.
other,viel/viele,"much/many, a lot",viel/viele,Ich habe schon viel gelernt.,I have already learned a lot.,Ich wünsche Ihnen viel Spaß.,I wish you a lot of fun.,Hier regnet es viel.,It rains a lot here.,Das ist mir viel zu teuer.,That's far too expensive for me.,Im Winter sind viele Leute erkältet.,Many people get colds in winter.
noun,Weg,path,"der Weg, -e",Dieser Weg ist sehr breit und angenehm.,This path is very wide and pleasant.,Wir wohnen im/am Oberweg 10.,We live at Oberweg 10.,Können Sie mir den Weg zum Bahnhof erklären?,Can you tell me the way to the station?
other,weg/weg-,"gone, away",weg/weg-,Meine Handtasche ist weg!,My handbag is gone!,Den Brief darfst du nicht wegwerfen.,You must not throw the letter away.
other,einfach,"simple, simply",einfach,"Hin und zurück? – Nein, bitte nur einfach.","There and back? - No, just one way please.",Ich verstehe das nicht. Kannst du das bitte einfacher sagen?,"I don't understand that. Can you put it more simply, please?",Wir haben am Wochenende einen Ausflug gemacht. Es war einfach toll.,We went on a trip at the weekend. It was just great.
noun,Leben,life,"das Leben, -",Ich habe mich an das Leben auf dem Land gewöhnt.,I have become accustomed to life in the country.,Hier ist das Leben teuer.,Life is expensive here.
verb,leben,to live,"leben, lebt, lebte, hat gelebt",Leben Ihre Großeltern noch?,Are your grandparents still alive?,Herr Müller hat lange im Ausland gelebt.,Mr. Müller has lived abroad for a long time.,Von der Rente allein kann meine Tante nicht leben.,My aunt can't live on her pension alone.,Ich lebe noch bei meinen Eltern.,I still live with my parents.
noun,Zeit,time,"die Zeit, -en",Ich habe heute keine Zeit.,I don't have time today.,Es ist noch früh. Wir haben noch viel Zeit.,It's still early. We still have plenty of time.,Um welche Zeit sind Sie normalerweise zu Hause?,What time do you normally get home?,Um diese Zeit ist hier wenig los.,There's not much going on here at this time of day.
other,weil,because,weil,"Ich kann nicht kommen, weil ich krank bin.",I can't come because I'm ill.
verb,kommen,to come,"kommen, kommt, kam, ist gekommen",Woher kommen Sie? – Aus Frankreich.,Where are you from? - From France.,Wir gehen heute Abend ins Konzert. Kommen Sie auch?,We're going to the concert tonight. Are you coming too?,"Wenn Sie mal nach Köln kommen, besuchen Sie uns.","If you ever come to Cologne, pay us a visit.",Steffi kommt im Herbst in die Schule.,Steffi starts school in the fall.,Die Straßenbahn muss gleich kommen.,The streetcar must be coming soon.,Wer kommt als Nächster dran?,Who will be next?,Wie sind Sie denn auf diese Idee gekommen?,How did you come up with this idea?
other,heute,today,heute,Heute kann ich etwas früher nach Hause gehen.,Today I can go home a little earlier.,Ab heute bleibt unser Büro nachmittags geschlossen.,Our office will be closed in the afternoon from today.,Frau Müller kommt heute in acht Tagen zurück.,Mrs. Müller will be back in eight days.,Heute kann man sich eine Welt ohne Internet nicht mehr vorstellen.,"Today, we can no longer imagine a world without the Internet."
verb,wollen,to want,"wollen, will, wollte, hat gewollt (hat wollen als Modalverb)",Peter will Arzt werden.,Peter wants to become a doctor.,Wollen Sie einen Kaffee?,Would you like a coffee?,Meine Eltern wollten nicht mitfahren.,My parents didn't want to go.,Was hast du als Kind werden wollen?,What did you want to be when you were a child?,Tut mir leid. Ich wollte das nicht.,I'm sorry. I didn't mean to do that.
other,damit,"so that, with it",damit,"Mach schnell, damit wir nicht zu spät kommen.",Be quick so we're not too late.,Was macht man mit diesem Ding? - Damit kann man Dosen aufmachen.,What do you do with this thing? - You can open cans with it.
other,ganz,"whole, entire(ly)",ganz,Ich habe den ganzen Tag noch nichts gegessen.,I haven't eaten anything all day.,Den Zahnarzttermin habe ich ganz vergessen.,I completely forgot about the dentist appointment.,Ich finde Janis ganz nett.,I think Janis is quite nice.,Am Montag ist hier Ruhetag. Das weiß ich ganz sicher.,Monday is a day off here. I know that for sure.,Gott sei Dank ist meine Brille noch ganz.,Thank God my glasses are still in one piece.
other,sicher,"safe, sure",sicher,Dieses Auto ist besonders sicher.,This car is particularly safe.,"Bist du sicher, dass die Bank heute geöffnet ist?",Are you sure the bank is open today?,Das weiß ich ganz sicher.,I know that for sure.,Du bist jetzt sicher müde.,You must be tired now.
noun,Frau,"woman, wife, Ms., Mrs.","die Frau, -en",In meinem Deutschkurs sind mehr Frauen als Männer.,There are more women than men in my German course.,Ist Ihre Frau berufstätig?,Does your wife work?,"Guten Tag, Frau Müller!","Hello, Mrs. Müller!"
other,nun,now,nun,"Schade, dass du arbeiten musst. – Das ist nun mal so.",It's a shame that you have to work. - That's just the way it is.,Was ist jetzt? Kommst du nun endlich?,What is it now? Are you finally coming?
other,bis,"up to, until",bis + Akkusativ,Die Linie 8 fährt nur bis zum Hauptbahnhof.,Line 8 only goes as far as the main station.,Bis wann können Sie bleiben?,Until when can you stay?,Tschüs. Bis gleich!,Bye. See you soon!,Einige Züge hatten bis zu zwei Stunden Verspätung.,Some trains were up to two hours late.,Für die Renovierung brauchen wir drei bis vier Tage.,We need three to four days for the renovation.,"Warte hier, bis ich zurückkomme.",Wait here until I come back.
other,zurück/zurück-,back,zurück/zurück-,Bitte eine Fahrkarte nach Frankfurt und zurück!,One ticket to Frankfurt and back please!,Wann wirst du zurückkommen?,When will you be back?,Wann muss ich das Buch zurückgeben?,When do I have to return the book?
verb,lassen,"to leave, get sth. done for you","lassen, lässt, ließ, hat gelassen",Ich habe mein Gepäck am Bahnhof gelassen.,I left my luggage at the station.,Am Samstag lasse ich mir die Haare schneiden.,I'm having my hair cut on Saturday.,Ich lasse meine Kinder abends nur eine Stunde fernsehen.,I only let my children watch TV for an hour in the evening.,Kann ich mein Auto hier stehen lassen?,Can I leave my car here?,Wo habe ich nur meine Brille gelassen?,Where did I leave my glasses?,Ich habe meinen Anzug reinigen lassen.,I had my suit dry cleaned.,Lass mich in Ruhe. Ich muss arbeiten.,Leave me alone. I have to work.
other,hallo,hello,hallo,"Hallo, wie geht’s? − Danke, gut, und dir?","Hello, how are you? - Thanks, good, how are you?"
verb,meinen,"to think, mean","meinen, meint, meinte, hat gemeint",Dieser Film ist gut. Was meinst du?,This movie is good. What do you think?,"Ich meine, du solltest weniger rauchen.","I mean, you should smoke less."
noun,Gott,god,"der Gott, ¨-er",Glaubst du an Gott?,Do you believe in God?,Gott sei Dank ist ihm nichts passiert.,Thank God nothing happened to him.
other,genau,exactly,genau,Haben Sie die genaue Zeit?,Do you have the exact time?,"Sind Sie sicher, dass heute Ruhetag ist? – Ja, das weiß ich genau.","Are you sure today is a rest day? - Yes, I know that for sure.",Die Uhr geht genau.,The clock is accurate.,Es ist genau acht Uhr.,It's exactly eight o'clock.
other,klar,clear,klar,"Sie müssen noch mehr Deutsch lernen. – Ja, das ist mir klar.","You need to learn more German. - Yes, I realize that.",Kommst du mit? – Klar!,Are you coming? - Sure!,"Ich komme zu deinem Geburtstag, das ist doch klar.","I'm coming to your birthday, that's for sure.",Leider haben wir bei der Bahn keine klare Auskunft bekommen.,"Unfortunately, we did not get any clear information from the railroad."
noun,Leute,people,die Leute (Pl.),Auf der Party waren viele Leute.,There were a lot of people at the party.
noun,Vater,father,"der Vater, ¨-",Mein Vater arbeitet in einem Restaurant.,My father works in a restaurant.,Herr Müller ist Vater geworden.,Mr. Müller has become a father.
other,schön,beautiful,schön,Ich finde eure Wohnung sehr schön.,I think your apartment is very nice.,Es ist schön heute.,It's nice today.,Wir wünschen Ihnen einen schönen Aufenthalt in Kiel.,We wish you a pleasant stay in Kiel.,Schöne Grüße von Herrn Meier.,Best regards from Mr. Meier.,"Möchten Sie noch eine Tasse Kaffee? – Nein, danke schön.","Would you like another cup of coffee? - No, thank you.","Schön, dass du kommst.",Nice of you to come.,"Ich muss noch arbeiten. – Schön, dann bleiben wir zu Hause.","I still have to work. - Fine, we'll stay at home then."
other,ab,from,ab + Dativ,Die Fahrt kostet ab Hamburg 200 Euro.,The trip costs 200 euros from Hamburg.,Ab nächster Woche bleibt unser Geschäft samstags geschlossen.,Our store will be closed on Saturdays from next week.,Mein Bruder besucht uns ab und zu.,My brother visits us from time to time.
other,gerade,"straight, now",gerade,Das Bild hängt nicht gerade.,The picture is not hanging straight.,Kannst du später noch mal anrufen? Wir sind gerade beim Essen.,Can you call back later? We're having dinner right now.
verb,reden,to talk (about/with sb.),"reden, redet, redete, hat geredet (über + Akkusativ; mit + Dativ)",Worüber habt ihr gestern geredet?,What did you talk about yesterday?
other,wohl,"well, probably",wohl,Kann ich nach Hause gehen? Ich fühle mich nicht wohl.,Can I go home? I don't feel well.,Das wird wohl etwas länger dauern als geplant.,This will probably take a little longer than planned.
noun,Liebe,love,"die Liebe, -n",Wir haben aus Liebe geheiratet.,We got married for love.,Für mich ist das Wichtigste die Liebe zu meiner Familie und zu meinen Kindern.,"For me, the most important thing is the love I have for my family and my children.",Die Kinder haben die Geschenke mit viel Liebe gemacht.,The children made the presents with lots of love.
other,jemand,someone,jemand,Hat jemand einen Bleistift für mich?,Does anyone have a pencil for me?,"Kennst du jemand, der mir ein Fahrrad leihen kann?",Do you know anyone who can lend me a bike?
noun,Geld,money,"das Geld, -er",Ich habe nicht genug Geld dabei.,I don't have enough money with me.,Sie haben mir zu viel Wechselgeld gegeben.,They gave me too much change.
other,durch,through,durch + Akkusativ,Wir sind mit dem Fahrrad durch den Wald gefahren.,We cycled through the forest.,"Wenn Sie zum Bahnhof gehen, kommen Sie durch die Goethestraße.","If you walk to the station, you will pass through Goethestraße.",Wir haben den ganzen Mai durch geheizt.,We heated throughout the whole of May.,Wir haben unsere Wohnung durch einen Freund bekommen.,We got our apartment through a friend.
other,ob,whether,ob,"Ich weiß noch nicht, ob ich kommen kann.",I don't know yet whether I can come.
noun,Mutter,mother,"die Mutter, ¨-",Meine Mutter heißt Klara.,My mother's name is Klara.,Dieser Raum ist für Mütter mit kleinen Kindern reserviert.,This room is reserved for mothers with small children.
other,als ob,as if,als ob,"Er tut so, als ob wir nie darüber gesprochen hätten.",He acts as if we had never spoken about it.
other,raus/raus-,out,raus/raus-,Willst du rein oder raus?,Do you want in or out?,Er ist gerade rausgelaufen.,He just walked out.
noun,Paar,"pair, couple","das Paar, -e",Ina und Pedro sind ein Paar.,Ina and Pedro are a couple.,Gestern habe ich mir ein Paar neue Schuhe gekauft.,Yesterday I bought myself a new pair of shoes.
other,(ein) paar,"a couple, a few",(ein) paar,Ich komme gleich. Es dauert nur ein paar Minuten.,I'll be right there. It will only take a few minutes.,Wir fahren mit ein paar Freunden in Urlaub.,We're going on vacation with a few friends.
other,wieso,why,wieso,Wie lange sind Sie hier? – Wieso fragen Sie?,How long have you been here? - Why do you ask?
other,selbst,by oneself,selbst,Den Kuchen habe ich selbst gebacken.,I baked the cake myself.
other,ohne,without,ohne + Akkusativ,Bitte eine Pizza ohne Zwiebeln.,"A pizza without onions, please.","Ohne Auto ist es schwer, zur Arbeit zu kommen.",It's difficult to get to work without a car.,"Mein Sohn ist einfach mit dem Auto weggefahren, ohne mich zu fragen.",My son just drove off in the car without asking me.,"In diesem Haus kann man nichts machen, ohne dass die Nachbarn darüber reden.",You can't do anything in this house without the neighbors talking about it.
other,her/her-,"here, to here",her/her-,"Wir haben uns lange nicht gesehen. – Ja, das ist wirklich lange her.","We haven't seen each other for a long time. - Yes, it really has been a long time.",Komm her zu mir!,Come here to me!
verb,helfen,to help,"helfen, hilft, half, hat geholfen",Kannst du mir helfen? Ich muss nächsten Monat umziehen.,Can you help me? I have to move next month.,Die Tabletten haben mir gut geholfen.,The tablets have helped me well.
verb,finden,to find,"finden, findet, fand, hat gefunden",Meine Tante hat eine gute Arbeit gefunden.,My aunt has found a good job.,Ich kann meinen Schlüssel nicht finden.,I can't find my key.,Luigi finde ich sehr nett.,I think Luigi is very nice.
verb,(raus/heraus)finden,to find out,"(raus/heraus)finden, findet heraus, fand heraus, hat herausgefunden","Hast du schon rausgefunden, wann und wo man sich für den Kurs anmelden muss?",Have you found out when and where you have to register for the course?
other,"lange, lang",long (for time),"lange, lang",Wie lange dauert die Fahrt von Hamburg nach Berlin?,How long does the journey from Hamburg to Berlin take?,Wie lange bist du schon in Deutschland?,How long have you been in Germany?,Wartest du schon lange?,Have you been waiting long?,Wir sind noch lange nicht fertig mit der Arbeit.,We are far from finished with our work.,Wir haben lange gefrühstückt.,We had a long breakfast.,Beim Arzt muss man oft lange warten.,You often have to wait a long time at the doctor's.,Ich komme gleich. Es dauert nicht lange.,I'll be right there. It won't take long.
other,natürlich,"natural, of course",natürlich,Natürlich helfen wir dir.,Of course we will help you.,Kommst du auch wirklich zu meiner Party? – Natürlich.,Are you really coming to my party? - Of course.
other,gar,"cooked, entirely, at all",gar,Die Kartoffeln sind noch nicht gar.,The potatoes are not cooked yet.,Du räumst nie dein Zimmer auf. – Das ist gar nicht wahr.,You never tidy your room. - That's not true at all.
other,dort,there,dort,Dort drüben ist der Bahnhof.,The train station is over there.,Ich werde in fünf Minuten dort sein.,I'll be there in five minutes.
other,weiter/weiter-,further,weiter/weiter-,Ich möchte nicht stören. Bitte essen Sie ruhig weiter.,I don't want to disturb you. Please continue eating.,Haben Sie noch weitere Fragen?,Do you have any further questions?
verb,geben,to give,"geben, gibt, gab, hat gegeben",Geben Sie mir bitte eine Quittung!,Please give me a receipt!,Können Sie mir etwas zum Schreiben geben?,Can you give me something to write about?,Der Arzt hat mir eine Spritze gegeben.,The doctor gave me an injection.,Was gibt es im Fernsehen?,What's on television?,Es gibt bald Regen.,It will rain soon.
other,seit,"since, for (a period of time)",seit + Dativ,Wir wohnen seit dem 1. März in Dortmund.,We have been living in Dortmund since March 1.,"Seit ich in Deutschland wohne, lerne ich Deutsch.",I've been learning German since I moved to Germany.,Sie gehen seit zwei Jahren miteinander.,They have been dating for two years.
other,gleich,"same, equal(ly)",gleich,Ich komme gleich.,I'll be right there.,Wir sind gleich alt.,We are the same age.,"Es ist mir ganz gleich, was Sie von mir denken.",I don't care what you think of me.,Wir haben das gleiche Hemd an.,We're wearing the same shirt.
noun,Recht,"right, law","das Recht, -e",Nach deutschem Recht kann er dafür nicht bestraft werden.,"Under German law, he cannot be punished for this.",Ich hatte Vorfahrt. Ich war im Recht.,I had the right of way. I was in the right.,"Die Rechnung stimmt nicht? Dann haben Sie das Recht, das Geld zurückzubekommen.",The invoice is not correct? Then you have the right to get your money back.
other,recht,right,recht,"Ist es Ihnen recht, wenn ich morgen vorbeikomme?",Do you mind if I come by tomorrow?,Da haben Sie recht.,You're right about that.,Da muss ich Ihnen recht geben.,I have to agree with you.
other,recht-,right-,recht-,Ich habe mir den rechten Arm gebrochen.,I broke my right arm.
noun,Ordnung,order,"die Ordnung, -en",Mach mal etwas Ordnung in deinem Zimmer!,Tidy up your room a bit!,Bitte beachten Sie die Hausordnung.,Please observe the house rules.,Mit dem Motor ist etwas nicht in Ordnung.,There is something wrong with the engine.
other,richtig,"correct, right",richtig,"Was Sie da sagen, ist richtig.",What you are saying is correct.,Geht Ihre Uhr richtig?,Is your watch running correctly?,Das ist nicht die richtige Größe.,This is not the right size.
verb,hören,"to hear, listen","hören, hört, hörte, hat gehört",Ich kann nicht mehr so gut hören.,I can no longer hear so well.,Ich höre jeden Tag die Nachrichten.,I listen to the news every day.,Dieses Wort habe ich noch nie gehört.,I've never heard that word before.,"Ich habe gehört, dass Herr Müller im Krankenhaus liegt.",I have heard that Mr. Müller is in hospital.
other,dafür,for this,dafür,Meine Schwester interessiert sich für Politik. Ich interessiere mich nicht dafür.,My sister is interested in politics. I'm not interested in it.,"Ich bin dafür, dass wir möglichst früh losfahren.",I am in favor of leaving as early as possible.
other,wegen,"because of, due to",wegen + Dativ/Genitiv,Wegen Nebels konnte unser Flugzeug nicht landen.,Our plane was unable to land due to fog.,Ich rufe wegen meiner Tochter an.,I'm calling about my daughter.
noun,Mädchen,girl,"das Mädchen, -",Familie Kurz hat zwei Mädchen und einen Jungen.,The Kurz family has two girls and a boy.
verb,sollen,to be supposed to,"sollen, soll, sollte, hat gesollt (hat sollen als Modalverb)",Wann soll ich kommen?,When should I come?,"Ich habe im Radio gehört, es soll morgen regnen.",I heard on the radio that it's supposed to rain tomorrow.,"Sollten Sie mit dem Vorschlag nicht einverstanden sein, rufen Sie mich an.","If you do not agree with the proposal, please call me."
noun,Haus,house,"das Haus, ¨-er",Wir haben ein Haus gemietet.,We have rented a house.,Ich komme gerade von zu Hause.,I've just come from home.,Ich muss jetzt nach Hause.,I have to go home now.,Paul ist nicht zu Hause.,Paul is not at home.
noun,Freund,friend,"der Freund, -e",Ich sehe meine Freunde nur am Wochenende.,I only see my friends at the weekend.
noun,Essen,food,"das Essen, -",Darf ich Sie zum Essen einladen?,May I invite you to dinner?,Das Essen ist kalt geworden.,The food has gone cold.
noun,Angst,fear (of),"die Angst, “-e (vor + Dativ)",Du brauchst keine Angst zu haben. Der Hund tut dir nichts.,You don't need to be afraid. The dog won't hurt you.,"Ich habe Angst, vielleicht ist etwas passiert.","I'm scared, maybe something has happened."
verb,bleiben,to stay,"bleiben, bleibt, blieb, ist geblieben",Ich bleibe heute zu Hause.,I'm staying at home today.,Im Juni und Juli bleibt unser Geschäft samstags geschlossen.,Our store is closed on Saturdays in June and July.,Bleiben Sie bitte am Apparat.,Please stay on the line.,Bleiben Sie doch sitzen!,Why don't you stay seated?,Wir bleiben nur bis morgen.,We're only staying until tomorrow.
other,zusammen/zusammen-,together,zusammen/zusammen-,Wir haben als Kinder oft zusammen gespielt.,We often played together as children.,Zahlen bitte. - Zusammen oder getrennt?,Numbers please. - Together or separately?,Das macht zusammen 10 Euro 80.,That makes a total of 10 Euro 80.,Fuß und Ball musst du zusammenschreiben – Fußball!,You have to write foot and ball together - soccer!
noun,Welt,world,"die Welt, -en",Überall auf der Welt gibt es Probleme.,There are problems all over the world.,Ich habe die besten Eltern der Welt.,I have the best parents in the world.
other,unter,under,unter + Akkusativ/Dativ,Unter uns wohnt eine Familie mit drei Kindern.,A family with three children lives below us.,Die CDs sind im Regal unter dem Fernseher.,The CDs are on the shelf under the TV.
other,unter-,bottom,unter-,Mein Pass ist im unteren Regal.,My passport is on the bottom shelf.
other,schnell,fast,schnell,Warum fährst du so schnell?,Why are you driving so fast?,Bitte sagen Sie mir so schnell wie möglich Bescheid.,Please let me know as soon as possible.,"Ich bin gleich fertig, ich muss nur noch schnell telefonieren.","I'm almost done, I just have to make a quick phone call."
verb,essen,to eat,"essen, isst, aß, hat gegessen",Haben Sie schon zu Mittag gegessen?,Have you had lunch yet?,Ich esse gern Bananen.,I like to eat bananas.,Was gibt es heute zu essen?,What's for dinner today?
other,tot,dead,tot,Meine Großeltern sind schon lange tot.,My grandparents have been dead for a long time.
other,erst,"only, at first",erst,Sofia ist erst 20 Jahre alt.,Sofia is only 20 years old.,Ich habe das erst gestern erfahren.,I only found out about this yesterday.,Sprich erst mit dem Arzt.,Talk to your doctor first.,"Erst hat mir die Arbeit gar nicht gefallen, aber jetzt habe ich mich daran gewöhnt.","At first I didn't like the work at all, but now I've gotten used to it."
other,erst-,first,erst-,Ich war zum ersten Mal allein im Urlaub.,I was on vacation alone for the first time.,Ich wohne im ersten Stock.,I live on the second floor.,An erster Stelle kommt die Schule.,School comes first.
other,rein,pure,rein,Der Pullover ist aus reiner Wolle.,The sweater is made from pure wool.,"Es war reiner Zufall, dass ich die Uhr wiedergefunden habe.",It was pure coincidence that I found the watch again.,"Das Wasser ist so rein, dass man es trinken kann.",The water is so pure that you can drink it.
verb,nehmen,to take,"nehmen, nimmt, nahm, hat genommen",Was möchten Sie? – Ich nehme einen Salat.,What would you like? - I'll have a salad.,Nehmen Sie die Tabletten vor dem Essen!,Take the tablets before eating!,Wer hat die Flasche aus dem Kühlschrank genommen?,Who took the bottle out of the fridge?,Sollen wir ein Taxi nehmen?,Should we take a cab?,In diesem Jahr kann ich meinen Urlaub erst im Oktober nehmen.,This year I can only take my vacation in October.
verb,glauben,to believe (in),"glauben, glaubt, glaubte, hat geglaubt (an + Akkusativ)","Ich glaube, der Chef ist heute nicht im Büro.",I don't think the boss is in the office today.,"Er glaubt mir nicht, dass ich schon um 8 Uhr hier war.",He doesn't believe me that I was here at 8 o'clock.,Glaubst du an Zufälle?,Do you believe in coincidences?
verb,bringen,to bring,"bringen, bringt, brachte, hat gebracht",Bringen Sie mir bitte ein Glas Tee!,Please bring me a glass of tea!,Ich bringe dich nach Hause.,I'll take you home.,Die Abendzeitung hat einen Bericht über den Unfall gebracht.,The Abendzeitung newspaper published a report on the accident.
other,genug,enough,genug,Es ist noch genug Suppe da.,There is still enough soup left.,Ich habe jetzt lange genug gewartet.,I've waited long enough now.,Ich verdiene nicht genug.,I don't earn enough.
verb,brauchen,to need,"brauchen, braucht, brauchte, hat gebraucht",Ich brauche ein Auto.,I need a car.,Brauchst du die Zeitung noch?,Do you still need the newspaper?,Meine Großmutter ist krank. Sie braucht viel Ruhe.,My grandmother is ill. She needs a lot of rest.,Ich habe für die Renovierung eine Woche gebraucht.,It took me a week to complete the renovation.,Sie brauchen morgen nicht zu kommen. Ich schaffe das alleine.,You don't need to come tomorrow. I can manage on my own.
other,gegen,"against, towards",gegen + Akkusativ,Ich bin gegen einen Baum gefahren.,I drove into a tree.,Das ist gegen die Vorschrift.,This is against the regulation.,Haben Sie ein Mittel gegen Grippe?,Do you have a remedy for the flu?,Wir liefern nur gegen bar.,We only deliver against cash.,Ich bin gegen 14 Uhr wieder da.,I'll be back around 2 pm.,Ich bin gegen diesen Vorschlag.,I am against this proposal.,Wer spielt gegen wen?,Who is playing against whom?
noun,Moment,moment,"der Moment, -e",Warten Sie bitte einen Moment.,Please wait a moment.,Einen Moment bitte.,One moment please.,Ich habe im Moment sehr viel zu tun.,I have a lot to do at the moment.
noun,Junge,boy,"der Junge, -n (D) → A, CH: Bub",In der Schulklasse sind 15 Jungen und 10 Mädchen.,There are 15 boys and 10 girls in the class.
other,sonst,otherwise,sonst,"Haben sie sonst noch einen Wunsch? – Nein, danke. Das ist alles.","Do you have any other wishes? - No, thank you. That's all.","Wir müssen jetzt gehen, sonst wird es zu spät.","We have to go now, otherwise it will be too late.",Heute ist der Chef nicht mehr da. Sonst ist er um diese Zeit immer im Büro.,The boss isn't here today. He's usually always in the office at this time.
noun,Musik,music,"die Musik, -en",Wie findest du die Musik?,What do you think of the music?,Spanische Musik mag ich sehr.,I really like Spanish music.,Was für Musik hörst du gern?,What kind of music do you like to listen to?
noun,Arbeit,work,"die Arbeit, -en",Wie gefällt dir deine Arbeit?,How do you like your work?,Nach der Ausbildung hat Mohamed eine Arbeit gefunden.,Mohamed found a job after completing his training.
verb,fragen,to ask (for),"fragen, fragt, fragte, hat gefragt (nach + Dativ)",Darf ich Sie etwas fragen?,May I ask you a question?,Hat jemand nach mir gefragt?,Has anyone asked for me?,"Ich frage mich, ob das richtig war.",I wonder if that was the right thing to do.
noun,Herr,"Mr., gentleman","der Herr, -en","Da ist ein Herr, der möchte Sie sprechen.",There is a gentleman who would like to speak to you.,"Guten Tag, Herr Müller!","Hello, Mr. Müller!"
other,dabei,there(by),dabei,Was hast du dir dabei gedacht?,What were you thinking?,"Schön, dass du da bist. Ist deine Familie auch dabei?",It's great that you're here. Is your family there too?,Hast du einen Stift dabei?,Do you have a pen with you?
noun,Familie,family,"die Familie, -n",Ich habe eine große Familie.,I have a big family.
verb,warten,to wait (for),"warten, wartet, wartete, hat gewartet (auf + Akkusativ)",Können Sie ein paar Minuten warten?,Can you wait a few minutes?,Ich warte seit einer Stunde auf den Bus.,I've been waiting for the bus for an hour.
other,niemand,nobody,niemand,Ich habe geklingelt. Aber es war niemand zu Hause.,I rang the doorbell. But no one was home.
other,sofort,immediately,sofort,Warum sind Sie nicht sofort zum Arzt gegangen?,Why didn't you go to the doctor immediately?,Karten für das Konzert bekommen Sie ab sofort im Kartenbüro.,Tickets for the concert are now available from the ticket office.
other,bevor,before,bevor,"Bevor wir gehen, möchte ich noch etwas essen.","Before we go, I want to eat something."
other,einmal,once,einmal,Ich habe diese Oper leider nur einmal gesehen.,"Unfortunately, I have only seen this opera once.",Bitte rufen Sie morgen noch einmal an.,Please call again tomorrow.,Auf einmal ging das Licht aus.,Suddenly the light went out.,Ich kann nicht alles auf einmal machen.,I can't do everything at once.,Sehen wir uns (ein)mal wieder?,Will we see each other (again)?,Vor Jahren habe ich (ein)mal in Wien gewohnt.,Years ago I (once) lived in Vienna.,Komm doch bitte (ein)mal her und hilf mir.,Please come here (once) and help me.
noun,Problem,problem,"das Problem, -e",José spricht nicht gern über seine Probleme.,José doesn't like to talk about his problems.
noun,Sohn,son,"der Sohn, ¨-e",Mein jüngster Sohn ist vier.,My youngest son is four.
other,wann,when,wann,Wann kommst du?,When are you coming?,"Wissen Sie, wann der Kurs beginnt?",Do you know when the course starts?,Bis wann muss ich mich anmelden?,By when do I have to register?,Ab wann haben Sie geöffnet?,When do you open?
other,fertig,"finished, done, ready",fertig,Das Essen ist gleich fertig.,The food will be ready soon.,"Wenn ich mit der Arbeit fertig bin, gehe ich nach Hause.","When I've finished work, I go home.",Bist du fertig?,Are you ready?,Das war ein schlimmer Tag. Ich bin total fertig.,That was a bad day. I'm totally exhausted.
noun,Halt,stop,"der Halt, -e",Nächster Halt ist am Südbahnhof.,The next stop is at Südbahnhof.
other,allein,alone,allein,Ich gehe nicht gern allein spazieren.,I don't like walking alone.,"Soll ich Ihnen helfen? – Danke, ich schaffe es schon allein.","Shall I help you? - Thanks, I can manage on my own.",Es war sehr teuer. Allein das Essen hat schon über 50 Euro gekostet.,It was very expensive. The food alone cost over 50 euros.
other,halt,just,halt,Es gibt leider keine Karten mehr. – Schade. Da kann man nichts machen. Das ist halt so.,Unfortunately there are no more tickets. - What a pity. There's nothing you can do. That's just the way it is.
verb,sprechen,to speak (about),"sprechen, spricht, sprach, hat gesprochen (über + Akkusativ)",Können Sie bitte etwas lauter sprechen?,Can you please speak a little louder?,Jean spricht sehr gut Deutsch.,Jean speaks very good German.,Ich möchte nicht darüber sprechen.,I don't want to talk about it.,Die Bundeskanzlerin spricht heute Abend im Fernsehen.,The Federal Chancellor is speaking on television this evening.,Kann ich bitte Herrn Müller sprechen?,"Can I speak to Mr. Müller, please?"
other,beid-,both,beid-,Beide waren mit meinem Vorschlag einverstanden.,Both agreed with my proposal.,"Welche Bluse nehmen Sie, die rote oder die grüne? – Ich nehme beide.","Which blouse will you take, the red or the green? - I'll take both."
noun,Sache,thing,"die Sache, -n",Wir haben unsere Sachen im Hotel gelassen.,We left our things at the hotel.,Er hat zum Geburtstag viele Sachen bekommen.,He got lots of things for his birthday.,Das geht mich nichts an. Das ist Ihre Sache.,That's none of my business. It's your business.
noun,Hilfe,help,"die Hilfe, -n",Vielen Dank für Ihre Hilfe.,Thank you very much for your help.,"Haben Sie einen Kurs für Erste Hilfe gemacht? Das müssen Sie, wenn Sie den Führerschein machen wollen.",Have you done a first aid course? You must if you want to get your driver's license.,Hilfe! Jemand hat mir die Handtasche gestohlen. Bitte helfen Sie mir!,Help! Someone has stolen my handbag. Please help me!
other,"jeder, jedes, jede",each,"jeder, jedes, jede",Das Restaurant hat jeden Tag geöffnet.,The restaurant is open every day.,Jedes Kind bekommt ein Spiel.,Each child gets a game.,Die Prospekte bekommen Sie in jedem Reisebüro.,You can obtain brochures from any travel agency.,Im Supermarkt gibt es keine Schmerztabletten. Das weiß doch jeder.,There are no painkillers in the supermarket. Everyone knows that.
other,gern/gerne,"gladly, rather","gern/gerne, lieber, am liebsten",Ich helfe Ihnen gern.,I will be happy to help you.,Kaffee oder Tee? – Ich möchte lieber einen Tee.,Coffee or tea? - I would prefer a tea.,Am liebsten trinke ich Kaffee.,My favorite drink is coffee.
verb,halten,"to hold, keep, stop","halten, hält, hielt, hat gehalten",Kannst du mal kurz meine Handtasche halten?,Can you hold my handbag for a moment?,"Entschuldigung, hält dieser Zug auch in Darmstadt?","Excuse me, does this train also stop in Darmstadt?",Halten Sie bitte im Keller die Fenster geschlossen.,Please keep the windows closed in the cellar.,Alle Mieter müssen sich an die Hausordnung halten.,All tenants must adhere to the house rules.,Die Stadt will einen neuen Flughafen bauen. Was halten Sie davon?,The city wants to build a new airport. What do you think?,"Halt, Polizei! Fahren Sie bitte an den Straßenrand.","Stop, police! Please pull over to the side of the road."
noun,Kind,child,"das Kind, -er",Mein Bruder hat zwei Kinder.,My brother has two children.,Wir haben ein Kind bekommen.,We had a child.,Die Kinder spielen Fußball.,The children play soccer.
other,wahr,true,wahr,"Was ich sage, ist wahr.",What I say is true.,Es ist eine wahre Geschichte.,It is a true story.,"Es ist doch schön hier, nicht wahr?","It's nice here, isn't it?"
noun,Bruder,brother,"der Bruder, ¨-",Mein jüngster Bruder geht noch zur Schule.,My youngest brother is still at school.
verb,denken,"to think (of, about)","denken, denkt, dachte, hat gedacht (an + Akkusativ; über/von + Dativ)",Du lachst - was denkst du gerade?,You're laughing - what are you thinking?,"Ich denke, dass du recht hast.",I think you're right.,Wir diskutieren gerade über das Rauchen. Wie denken Sie darüber?,We are currently discussing smoking. What do you think about it?,"Denk bitte daran, die Heizung auszumachen.",Please remember to turn off the heating.,"Es ist mir ganz egal, was die Leute von mir denken.",I don't care what people think of me.,Ich denke oft an meine Familie.,I often think about my family.,"Ich hatte mir gedacht, dass wir zusammen fahren könnten.",I had thought that we could ride together.
noun,Dank,thanks,der Dank (Sg.),Vielen Dank für Ihre Mühe.,Thank you very much for your efforts.,Hier ist Ihr Kaffee. – Vielen Dank!,Here is your coffee. - Thank you very much!,Herzlichen Dank!,Thank you very much!,Gott sei Dank hat es nicht geregnet.,Thank goodness it didn't rain.
noun,Fall,case,"der Fall, ¨-e",Was würden Sie in diesem Fall tun?,What would you do in this case?,Rufen Sie auf jeden Fall vorher noch einmal an.,Be sure to call again beforehand.,"Für den Fall, dass meine Mutter aus dem Krankenhaus kommt, bleibe ich zu Hause.",I stay at home in case my mother comes out of hospital.
other,egal,"no matter, irrelevant",egal,"Es ist mir ganz egal, was die Leute denken.",I don't care what people think.,"Egal, wie das Wetter ist, ich gehe schwimmen.","No matter what the weather is like, I go swimming."
verb,kennen,"to know (a person, a place)","kennen, kennt, kannte, hat gekannt",Kennen Sie hier in der Nähe ein gemütliches Café?,Do you know of a cozy café nearby?,"Kennen Sie diese Frau? – Nein, leider nicht.","Do you know this woman? - No, unfortunately not.","Kennen Sie Berlin? – Ja, eine tolle Stadt.","Do you know Berlin? - Yes, it's a great city."
verb,vergessen,to forget,"vergessen, vergisst, vergaß, hat vergessen",Ich habe den Termin ganz vergessen.,I completely forgot the date.,Ich habe meinen Pass vergessen.,I have forgotten my passport.
noun,Frage,question,"die Frage, -n",Ich habe Ihre Frage leider nicht verstanden.,"Unfortunately, I did not understand your question.",Das kommt gar nicht infrage!,That is out of the question!
other,echt,real,echt,Ich träume von einem echten Perserteppich.,I dream of a real Persian carpet.,Der Film war echt gut.,The movie was really good.
other,eigentlich,actually,eigentlich,"Wir wollten eigentlich Freunde besuchen, aber dann sind wir doch zu Hause geblieben.","We actually wanted to visit friends, but then we stayed at home.",Die Sängerin nennt sich Arabella. Aber eigentlich heißt sie Uschi Müller.,The singer calls herself Arabella. But her real name is Uschi Müller.,Was willst du eigentlich von mir?,What do you actually want from me?
noun,Uhr,"clock, watch, time","die Uhr, -en",Wie viel Uhr ist es?,What time is it?,Es ist vier Uhr.,It's four o'clock.,Um wie viel Uhr müssen wir gehen?,What time do we have to leave?,Meine Uhr ist stehen geblieben.,My watch has stopped.
noun,Stadt,city,"die Stadt, ¨-e",Heidelberg ist eine alte Stadt.,Heidelberg is an old city.,Ich wohne lieber auf dem Land als in der Stadt.,I prefer living in the countryside to the city.,Gehst du mit mir in die Stadt?,Are you going into town with me?
verb,fahren,"to drive, go","fahren, fährt, fuhr, ist/hat gefahren",Wir sind mit dem Zug gefahren.,We traveled by train.,Fahr nicht so schnell.,Don't drive so fast.,Frau Koch fährt einen Mercedes.,Mrs. Koch drives a Mercedes.,Soll ich dich nach Hause fahren?,Shall I drive you home?,Er hat das Auto in die Garage gefahren.,He drove the car into the garage.
verb,(herunter-)fahren,to shut down,"(herunter-)fahren, fährt herunter, fuhr herunter, hat heruntergefahren",Zum Schluss musst du den Computer herunterfahren.,"Finally, you must shut down the computer."
verb,bekommen,"to get, receive","bekommen, bekommt, bekam, hat bekommen",Haben Sie meinen Brief bekommen?,Did you get my letter?,Ich bekomme jeden Tag eine Spritze.,I get an injection every day.,Was bekommen Sie? – 5 kg Kartoffeln.,What do you get? - 5 kg of potatoes.,Wir haben Besuch bekommen.,We have a visitor.,Laut Wetterbericht bekommen wir Regen.,"According to the weather forecast, we get rain.",Plötzlich bekam ich starke Kopfschmerzen.,Suddenly I got a severe headache.
noun,Kopf,head,"der Kopf, ¨-e",Ich habe Kopfschmerzen.,I have a headache.,Michael kann gut im Kopf rechnen.,Michael is good at mental arithmetic.
noun,Glück,"happiness, luck","das Glück, -e",Du hast dich nicht verletzt. Da hast du Glück gehabt.,You didn't hurt yourself. You were lucky.,Viel Glück bei der Prüfung!,Good luck with the exam!,Es hat geregnet. Zum Glück hatte ich einen Regenschirm dabei.,It was raining. Luckily I had an umbrella with me.
other,all-,all,all-,Sind alle Kinder da?,Are all the children there?,"Sonst noch (et)was? – Nein, danke. Das ist alles.","Anything else? - No, thank you. That's all.",Alles Gute!,All the best!
noun,Ende,end,"das Ende, -n",Ich wohne am Ende der Straße.,I live at the end of the street.,Die nächste Prüfung findet Ende August statt.,The next exam will take place at the end of August.,Rinaldo ist Ende fünfzig.,Rinaldo is in his late fifties.,Am Dienstag gehen die Ferien zu Ende.,The vacations come to an end on Tuesday.
other,bald,soon,bald,Besuchen Sie uns doch bald mal.,Come and visit us soon.,Geben Sie mir bitte so bald wie möglich Bescheid.,Please let me know as soon as possible.,"Auf Wiedersehen, bis bald!","Goodbye, see you soon!"
other,toll,great,toll,Ich habe mir ein tolles Kleid gekauft.,I bought myself a great dress.,Unser Urlaub war toll.,Our vacation was great.
other,bereit,ready,bereit,"Ich bin jederzeit bereit, dir zu helfen.",I am always ready to help you.,Das Paket liegt auf der Post für Sie bereit.,The parcel is ready for you at the post office.
other,weit,wide,weit,Wie weit ist es noch bis München?,How far is it to Munich?,Wie weit sind Sie mit der Arbeit?,How far along are you with the work?,Die Jacke ist mir zu weit.,The jacket is too wide for me.
noun,Ahnung,"idea, clue","die Ahnung, -en","Ich hatte keine Ahnung, dass du heute Geburtstag hast.",I had no idea it was your birthday today.
other,ein bisschen,a little,ein bisschen,"Wenn Sie ein bisschen warten, können wir zusammen gehen.","If you wait a bit, we can go together.",Möchten Sie noch ein bisschen Reis?,Would you like some more rice?,Können Sie bitte ein bisschen lauter sprechen?,Can you please speak a little louder?,Sprechen Sie Englisch? – Ein bisschen.,Do you speak English? - A little.
noun,Tür,door,"die Tür, -en",Machen Sie bitte die Tür zu! Es zieht.,Please close the door! There is a draught.
noun,Auto,car,"das Auto, -s",Mario fährt mit dem Auto zur Arbeit.,Mario drives to work by car.
noun,Polizei,police,"die Polizei, -en",Rufen Sie bitte die Polizei.,Please call the police.,Er arbeitet bei der Polizei.,He works for the police.
verb,stehen,to stand,"stehen, steht, stand, hat/ist gestanden",In meinem Beruf muss ich viel stehen.,I have to stand a lot in my job.,"Als wir kamen, stand das Essen schon auf dem Tisch.","When we arrived, the food was already on the table.",Der Bus steht schon an der Haltestelle.,The bus is already at the bus stop.,Was steht heute in der Zeitung?,What's in the newspaper today?,Nach 20 Minuten stand das Spiel 1:1.,"After 20 minutes, the score was 1:1.",Die neue Bluse steht dir gut.,The new blouse looks good on you.
verb,sterben,to die (of),"sterben, stirbt, starb, ist gestorben (an + Dativ)",Mein Kollege kommt heute nicht. Sein Vater ist gestern an einem Herzinfarkt gestorben.,My colleague isn't coming today. His father died of a heart attack yesterday.
other,draußen,outside,draußen,Es ist kalt draußen.,It's cold outside.,Wir müssen draußen warten.,We have to wait outside.
other,fast,almost,fast,Das Konzent ist fast zu Ende.,The concert is almost over.,Ich habe fast alles verstanden.,I understood almost everything.
other,vorbei/vorbei-,"past, over",vorbei/vorbei-,Die Linie 8 fährt am Krankenhaus vorbei.,Line 8 runs past the hospital.,Keine Sorge! Die Schmerzen sind in ein paar Minuten vorbei.,Don't worry! The pain will be over in a few minutes.,Kommst du um 3 Uhr bei mir vorbei?,Will you come by my place at 3 o'clock?
verb,treffen,to meet,"treffen, trifft, traf, hat getroffen",Wir treffen uns immer freitags.,We always meet on Fridays.,Ich habe Petra zufällig in der Stadt getroffen.,I met Petra by chance in the city.
verb,arbeiten,to work on/for,"arbeiten, arbeitet, arbeitete, hat gearbeitet (an/bei + Dativ)",Er arbeitet heute bis 16 Uhr.,He works until 4 p.m. today.,Arzu arbeitet als Krankenschwester im Krankenhaus.,Arzu works as a nurse at the hospital.
other,verrückt,crazy,verrückt,Bist du verrückt geworden?!,Have you gone mad?!,So eine verrückte Idee.,Such a crazy idea.
other,hinter/hinter-,behind,hinter/hinter- + Akkusativ/Dativ,Hinter dem Haus haben wir einen Garten.,We have a garden behind the house.,Fahren Sie Ihren Wagen bitte hinter das Haus.,Please drive your car behind the house.,Auf den hinteren Plätzen kann man nicht sehr viel sehen.,You can't see very much in the back seats.
verb,sorgen,to look after sb./sth.,"sorgen, sorgt, sorgte, hat gesorgt (für + Akkusativ)",Wer sorgt denn für die Kinder?,Who takes care of the children?,"Können Sie bitte dafür sorgen, dass die Heizung funktioniert?",Can you please make sure the heating works?
noun,Tochter,daughter,"die Tochter, ¨-",Das ist meine Tochter Katharina.,This is my daughter Katharina.
noun,Idee,idea,"die Idee, -n",Du willst ein Picknick machen? Ich finde die Idee toll.,You want to have a picnic? I think it's a great idea.
noun,Schwester,sister,"die Schwester, -n",Ich habe eine ältere Schwester und einen jüngeren Bruder.,I have an older sister and a younger brother.,Schwester Anna hat mir eine Schmerztablette gegeben.,Nurse Anna gave me a painkiller.
other,"drin, drinnen","inside, within","drin, drinnen",Wo wollt ihr sitzen? Draußen oder drinnen?,Where do you want to sit? Outside or inside?,Bei der Hitze ist es drinnen viel angenehmer.,It's much more pleasant inside in the heat.,In der Packung ist nichts mehr drin.,There is nothing left in the pack.
other,ruhig,"quiet, calm",ruhig,Ich suche ein ruhiges Zimmer.,I am looking for a quiet room.,Nachts ist es hier in der Straße sehr ruhig.,The street is very quiet at night.,Du kannst ruhig rauchen.,You can go ahead and smoke.
other,spät,late,spät,Wie spät ist es?,What time is it?,"Es ist schon spät, ich muss gehen.","It's getting late, I have to go.",Ich muss mich beeilen. Sonst komme ich zu spät.,I have to hurry. Otherwise I'll be late.,Sonntags stehen wir immer spät auf.,We always get up late on Sundays.,Am späten Nachmittag ist der Verkehr besonders stark.,Traffic is particularly heavy in the late afternoon.,Können Sie später noch mal anrufen?,Can you call back later?,Was willst du denn später mal werden?,What do you want to be when you grow up?
other,ziemlich,"pretty, quite",ziemlich,Ich bin schon ziemlich müde. Ich gehe ins Bett.,I'm already pretty tired. I'm going to bed.,Ich musste beim Arzt ziemlich lange warten.,I had to wait quite a long time at the doctor's.
noun,Name,name,"der Name, -n",Wie ist Ihr Name?,What is your name?,An den Namen kann ich mich nicht mehr erinnern.,I can no longer remember the name.
other,sogar,even,sogar,Auf dem Berg war es so kalt. Es hat sogar geschneit.,It was so cold on the mountain. It even snowed.
other,kurz,short,kurz,Ricardo hat kurze Haare.,Ricardo has short hair.,Kann ich Sie kurz sprechen?,Can I have a word with you?,Kurz vor 8 Uhr hat das Telefon geklingelt.,The phone rang just before 8 o'clock.,Mein Mann ist kurz nach mir gekommen.,My husband arrived shortly after me.,Ich bin vor Kurzem nach München gezogen.,I recently moved to Munich.,Ich wohne seit Kurzem in München.,I have recently moved to Munich.,Ich habe das Kleid kürzer machen lassen.,I had the dress made shorter.
verb,suchen,to search,"suchen, sucht, suchte, hat gesucht nach",Ich suche meine Brille.,I'm looking for my glasses.,Wir suchen eine größere Wohnung.,We are looking for a larger apartment.,Wen suchen Sie?,Who are you looking for?
other,je (nach),"depending (on), each",je (nach),Die Pullover kosten je nach Qualität zwischen 40 und 60 Euro.,"The sweaters cost between 40 and 60 euros, depending on the quality.","Fahren Sie im Juni oder im Juli? – Je nachdem, wann mein Mann Urlaub bekommt.","Are you going in June or July, depending on when my husband gets his vacation?"
other,woher,where from,woher,Woher kommst du?,Where are you from?,Unsere Nachbarn ziehen nach Berlin. – Woher wissen Sie das?,Our neighbors are moving to Berlin. - How do you know that?
other,lang,long,lang,Der Teppich ist 3 m lang und 2 m breit.,The carpet is 3 m long and 2 m wide.,Meine Schwester hat mir einen langen Brief geschrieben.,My sister wrote me a long letter.,Die Hose ist zu lang. Können Sie sie kürzer machen?,The pants are too long. Can you make them shorter?
verb,(sich) verstehen,"to understand, get along","(sich) verstehen, versteht, verstand, hat verstanden",Ich kann Sie kaum verstehen. Sprechen Sie bitte lauter.,I can hardly hear you. Please speak up.,Den Satz verstehe ich nicht.,I don't understand that sentence.,Ich verstehe nichts von Computern.,I know nothing about computers.,Unsere beiden Kinder verstehen sich sehr gut.,Our two children get on very well.
verb,spielen,to play,"spielen, spielt, spielte, hat gespielt","Wir haben einen großen Garten, da können die Kinder spielen.",We have a large garden where the children can play.,Am Sonntag spielen wir gegen die Fußballmannschaft der Nachbarschule.,On Sunday we play against the soccer team from the neighboring school.,Spielen Sie ein Instrument?,Do you play an instrument?,Spielen Sie Karten?,Do you play cards?
other,überhaupt,at all,überhaupt,Die Suppe schmeckt mir überhaupt nicht.,I don't like the soup at all.,Tut mir leid. Ich habe überhaupt keine Zeit.,I'm sorry. I don't have any time at all.,Du willst mit meinem Auto fahren? Hast du überhaupt einen Führerschein?,You want to drive my car? Do you even have a driver's license?
noun,Hand,hand,"die Hand, ¨-e",Wasch dir bitte die Hände vor dem Essen.,Please wash your hands before eating.,Gib mir bitte deine Hand. Wir gehen jetzt über die Straße.,Please give me your hand. We're crossing the road now.
noun,Grund,"reason, ground","der Grund, ¨-e",Sie haben Ihre Stelle gekündigt. Aus welchem Grund?,You have resigned from your job. For what reason?,"Sie haben keinen Grund, sich zu beschweren.",You have no reason to complain.
noun,Ruhe,"calmpeace, quiet, rest",die Ruhe,"Ruhe, bitte!","Quiet, please!",Lass mich jetzt endlich in Ruhe!,Leave me alone now!,Ich brauche meine Ruhe.,I need my peace and quiet.
noun,Tod,death,"der Tod, -e",Ich habe ihn vor seinem Tod noch einmal gesehen.,I saw him again before he died.
other,oben,"above, on top, upstairs",oben,Wir wohnen oben im 4. Stock.,We live upstairs on the 4th floor.,Die Butter liegt im Kühlschrank ganz oben.,The butter is at the top of the fridge.
other,gestern,yesterday,gestern,Ich bin erst gestern zurückgekommen.,I only got back yesterday.
verb,versuchen,to try,"versuchen, versucht, versuchte, hat versucht",Haben Sie es schon mal mit diesem Mittel versucht?,Have you ever tried this remedy?,"Ich habe immer wieder versucht, Sie zu erreichen.",I have tried to reach you again and again.,Versuchen Sie doch mal meinen Apfelkuchen.,Why don't you try my apple pie?
noun,Art,"kind, type","die Art, -en",Im Zoo haben sie 34 verschiedene Arten von Vögeln.,They have 34 different species of birds at the zoo.,Seine Art gefällt mir nicht.,I don't like his manner.,Man kann auf unterschiedliche Art und Weise ein Fest feiern.,You can celebrate a party in different ways.
other,endlich,finally,endlich,Endlich haben wir eine schöne Wohnung gefunden.,We have finally found a nice apartment.,Haben Sie sich nun endlich entschieden?,Have you finally made up your mind?
other,etwa,"about, approximately",etwa,Von hier sind es etwa zwanzig Kilometer.,It is about twenty kilometers from here.,Von zu Hause brauche ich etwa 10 Minuten bis zur Arbeit.,It takes me about 10 minutes to get to work from home.,Du bist doch nicht etwa krank?,"You're not ill, are you?"
other,schwer,"heavy, difficult",schwer,Der Koffer ist viel zu schwer.,The case is far too heavy.,Die Prüfung war schwer.,The test was difficult.,Das ist eine schwere Arbeit.,This is hard work.,Dieses Wort ist schwer zu erklären.,This word is difficult to explain.
other,anders,different(ly),anders,Anders geht das leider nicht.,"Unfortunately, there is no other way.",Oliver ist anders als seine Freunde.,Oliver is different from his friends.,Ich würde das anders machen.,I would do it differently.
other,miss-,miss-,miss-,Die Konferenz war ein Misserfolg.,The conference was a failure.,Das Misstrauen zwischen den beiden Parteien ist weiterhin groß.,The mistrust between the two parties remains high.,Sie haben mich missverstanden.,You have misunderstood me.,Das ist ein Missverständnis. Das habe ich nicht gesagt.,That's a misunderstanding. I didn't say that.
noun,Wasser,water,"das Wasser, ¨-",Kann ich bitte ein Glas Wasser haben?,"Can I have a glass of water, please?","Eine Cola und zwei Wasser, bitte!","A Coke and two waters, please!",Gibt es hier kein warmes Wasser?,Is there no hot water here?
noun,Geschichte,"history, story","die Geschichte, -n",Ich interessiere mich nicht für Geschichte.,I'm not interested in history.,Abends erzähle ich meinen Kindern immer eine Geschichte.,I always tell my children a story in the evening.
other,wenig/wenige,"little, few",wenig/wenige,Essen Sie immer so wenig?,Do you always eat so little?,Ich habe nur wenig geschlafen.,I only slept a little.,Hier gibt es nur wenige Geschäfte.,There are only a few stores here.
verb,holen,to get,"holen, holt, holte, hat geholt",Soll ich uns was zu trinken holen?,Shall I get us a drink?,Warum haben Sie nicht sofort einen Arzt geholt?,Why didn't you call a doctor immediately?
other,nett,nice,nett,Die Leute sind hier sehr nett.,The people here are very nice.,Ich habe viele nette Kollegen.,I have a lot of nice colleagues.,Vielen Dank! Das ist sehr nett von Ihnen.,Thank you very much! That's very kind of you.,Die Nachbarn waren sehr nett zu uns.,The neighbors were very nice to us.
noun,Wahrheit,truth,"die Wahrheit, -en",Sag mir bitte die Wahrheit. Hast du wieder geraucht?,Please tell me the truth. Have you been smoking again?
other,deshalb,therefore,deshalb,Ich war krank. Deshalb war ich nicht im Büro.,I was ill. That's why I wasn't in the office.
other,bestimmt,"certain, particular, definite",bestimmt,Das hat Nancy bestimmt nicht so gemeint.,Nancy certainly didn't mean that.,Möchtest du ein bestimmtes Brot?,Would you like a specific bread?
other,hoch,high,hoch,Der Berg ist fast 3000 m hoch.,The mountain is almost 3000 m high.,Das Hotel liegt hoch über dem See.,The hotel is situated high above the lake.,Die Benzinpreise sind sehr hoch.,Gasoline prices are very high.
noun,Alter,age,"das Alter, -",Wir sind etwa im gleichen Alter.,We are about the same age.,Alter: 26 Jahre,Age: 26 years
noun,Land,"country, countryside, land, state","das Land, ¨-er",Deutschland ist ein schönes Land.,Germany is a beautiful country.,Möchten Sie lieber auf dem Land oder in der Stadt wohnen?,Would you prefer to live in the countryside or in the city?,Wir haben ein Stück Land gekauft und wollen dort bauen.,We have bought a piece of land and want to build there.,In welchen Ländern warst du schon?,Which countries have you been to?
noun,Zimmer,room,"das Zimmer, -",Die Wohnung hat drei Zimmer.,The apartment has three rooms.,Ich habe ein Zimmer im Hotel Eden reserviert.,I have reserved a room at the Hotel Eden.
other,was für ein-,what kind of,was für ein-,Ich will mir ein Auto kaufen. – Was denn für eins?,I want to buy a car. - What kind of car?
noun,Wagen,"car, trolley","der Wagen, -",Ich habe meinen Wagen in die Werkstatt gebracht.,I took my car to the garage.,Im zweiten Wagen befindet sich das Zugrestaurant.,The train restaurant is located in the second carriage.
verb,gefallen,to like (something),"gefallen, gefällt, gefiel, hat gefallen",Wie gefällt es Ihnen hier?,How do you like it here?,Der Pullover gefällt mir gut.,I like the sweater.
noun,Spaß,fun,der Spaß (Sg.),Meine Arbeit macht mir viel Spaß.,I really enjoy my work.,Viel Spaß bei der Party!,Have fun at the party!
noun,Schuld,fault,die Schuld (Sg.),"Es ist nicht meine Schuld, dass das nicht geklappt hat.",It's not my fault that it didn't work out.
other,schuld,guilty,schuld,Ich hatte einen Unfall. Aber ich war nicht schuld.,I had an accident. But it wasn't my fault.
verb,(sich) verlassen,"to leave, rely on (auf)","(sich) verlassen, verlässt, verließ, hat verlassen (auf + Akkusativ)",Ich habe die Party um 3 Uhr verlassen.,I left the party at 3 o'clock.,Du kannst dich auf mich verlassen. Ich helfe dir auf jeden Fall.,You can rely on me. I will help you in any case.
verb,zeigen,to show,"zeigen, zeigt, zeigte, hat gezeigt",Zeig mir bitte deine Hausaufgaben.,Please show me your homework.,Der Bahnhof ist nicht weit entfernt. Ich zeige Ihnen den Weg.,The station is not far away. I'll show you the way.,Komm her! Ich zeige dir etwas.,Come here! I'll show you something.
other,ernst,serious,ernst,Der starke Verkehr ist ein ernstes Problem.,The heavy traffic is a serious problem.
noun,Ort,place,"der Ort, -e",Vergessen Sie Ort und Datum nicht.,Do not forget the place and date.
other,manchmal,sometimes,manchmal,Manchmal gehe ich mit meiner Frau ins Café.,Sometimes I go to the café with my wife.,Rauchen Sie? – Manchmal.,Do you smoke? - Sometimes.
noun,Seite,"side, page","die Seite, -n",Das hier ist die Goethestraße. Ich wohne auf der linken Seite.,This is Goethestraße. I live on the left-hand side.,Der Text steht auf Seite 20.,The text is on page 20.
other,zwischen,between,zwischen + Akkusativ/Dativ,Das Regal stellen wir zwischen die beiden Schränke.,We place the shelf between the two cupboards.,Heidelberg liegt zwischen Frankfurt und Stuttgart.,Heidelberg is located between Frankfurt and Stuttgart.,Zwischen 8 und 10 Uhr bin ich zu Hause.,I'm at home between 8 and 10 o'clock.
other,eben,"just, even",eben,Ich bin eben erst angekommen.,I've only just arrived.,Ich gebe auf. Ich habe eben kein Glück!,I give up. I just don't have any luck!,Es ist einfacher auf ebenen Flächen zu gehen.,It is easier to walk on even surfaces.
other,während,"while, during",während + Dativ/Genitiv,"Während ich arbeite, höre ich oft Musik.",I often listen to music while I work.,Während der Prüfung dürfen wir unsere Handys nicht benutzen.,We are not allowed to use our cell phones during the exam.
noun,Spiel,game,"das Spiel, -e",Monopoly ist ein ganz bekanntes Spiel.,Monopoly is a well-known game.,Nach 20 Minuten stand das Spiel 2:1.,"After 20 minutes, the score was 2:1."
noun,Chance,"chance, opportunity","die Chance, -n","Mein Mann hat gute Chancen, die Stelle zu bekommen.",My husband has a good chance of getting the job.
noun,Krieg,war,"der Krieg, -e",Es herrscht noch immer Krieg in diesem Land.,There is still a war going on in this country.,Der Lehrer spricht über den Zweiten Weltkrieg.,The teacher talks about the Second World War.
verb,erzählen,to tell (sb. about),"erzählen, erzählt, erzählte, hat erzählt (von + Dativ)",Mein Mann hat mir schon viel von Ihnen erzählt.,My husband has already told me a lot about you.,Ich muss meinen Kindern abends immer eine Geschichte erzählen.,I always have to tell my children a story in the evening.
verb,(sich) entschuldigen,to apologize to sb. (bei) for sth. (für),"(sich) entschuldigen, entschuldigt, entschuldigte, hat entschuldigt (bei + Dativ; für + Akkusativ)","Entschuldigen Sie bitte, dass ich Sie störe. Aber es gibt ein Problem.",I apologize for disturbing you. But there is a problem.,"Herr Meier lässt sich entschuldigen, er ist stark erkältet.","Mr. Meier sends his apologies, he has a bad cold.",Ich wollte mich bei dir für meine Unfreundlichkeit entschuldigen.,I wanted to apologize to you for my rudeness.
other,wichtig,important,wichtig,Die Prüfung ist sehr wichtig für mich.,The test is very important to me.,Morgen habe ich einen wichtigen Termin.,I have an important appointment tomorrow.
noun,Bett,bed,"das Bett, -en",Wir wollten uns neue Betten kaufen.,We wanted to buy new beds.,"Solange Sie Fieber haben, müssen Sie im Bett bleiben.","As long as you have a fever, you must stay in bed."
other,schlecht,bad,schlecht,Das Wetter ist schlecht.,The weather is bad.,Du siehst aber schlecht aus. Bist du krank?,But you look bad. Are you ill?,Es geht mir schlecht. Ich habe Fieber.,I feel bad. I have a fever.,Ich habe zu viel gegessen. Jetzt ist mir schlecht.,I've eaten too much. Now I feel sick.,Hier ist schlechte Luft. Mach bitte das Fenster auf.,The air here is bad. Please open the window.,Stell die Milch in den Kühlschrank. Sonst wird sie schlecht.,Put the milk in the fridge. Otherwise it will go bad.,Die Bezahlung in dieser Firma ist schlecht.,The pay in this company is poor.,Die Verbindung ist schlecht. Ich höre dich nicht gut.,The connection is bad. I can't hear you well.,Der Film war nicht schlecht. Er hat mir ganz gut gefallen.,The movie wasn't bad. I quite liked it.
noun,Schule,school,"die Schule, -n",Meine Tochter geht schon in die Schule.,My daughter is already at school.,Nächste Woche fängt die Schule wieder an.,School starts again next week.,Die Schule ist gleich hier um die Ecke.,The school is just around the corner.
noun,Entschuldigung,"excuse (me), sorry, apology","die Entschuldigung, -en","Oh, Entschuldigung! – Macht nichts. Kein Problem.","Oh, sorry! - Never mind. No problem."
noun,Wort,word (the grammatical unit),"das Wort, ¨-er",Ich kenne diese beiden Wörter nicht.,I don't know these two words.
noun,Wort,(somebody’s) word,"das Wort, -e",Sie hat mit wenigen Worten viel gesagt.,She said a lot in just a few words.
noun,Typ,"type, guy","der Typ, -en",Mein Nachbar ist ein netter Typ.,My neighbor is a nice guy.,Was für ein Typ bist du? Was machst du gerne?,What type of person are you? What do you like to do?,Kennen Sie sich mit den verschiedenen Typen aus? Auch mit meinem Auto?,Are you familiar with the different types? Even with my car?
verb,schlafen,to sleep,"schlafen, schläft, schlief, hat geschlafen",Haben Sie gut geschlafen?,Did you sleep well?,"Wenn Sie mal nach München kommen, können Sie bei uns schlafen.","If you ever come to Munich, you can sleep with us."
noun,Gesicht,face,"das Gesicht, -er",Wasch dir bitte das Gesicht.,Please wash your face.,Mach doch kein so trauriges Gesicht!,Don't make such a sad face!
other,falls,"if, in case",falls,"Falls es regnet, machen wir kein Picknick.","If it rains, we will not have a picnic."
other,bloß,"mere, just, only",bloß,Ich möchte nichts kaufen. Ich möchte mich bloß umsehen.,I don't want to buy anything. I just want to look around.,Komm bloß nicht zu spät. Wir müssen pünktlich am Bahnhof sein.,Just don't be late. We have to be at the station on time.,"Ach, wenn ich bloß mehr verdienen würde!","Oh, if only I earned more!"
other,unten,"below, downstairs, at the bottom",unten,"Wir wohnen im 3. Stock, meine Eltern unten im 1. Stock.","We live on the 3rd floor, my parents live downstairs on the 1st floor.",Sie ist mal kurz nach unten gegangen.,She went downstairs for a moment.
noun,Teil,part,"der Teil, -e",Was steht in dem Brief? Ich habe den ersten Teil nicht verstanden,What does the letter say? I didn't understand the first part,Der Film hat zwei Teile. Heute kommt Teil 1.,The movie has two parts. Part 1 is coming today.,Gefällt dir der neue Job? – Nur zum Teil.,Do you like the new job? - Only partly.
noun,Mensch,"human, person","der Mensch, -en",Die Menschen sind hier ein bisschen anders als im Süden.,People are a bit different here than in the south.
verb,stellen,to place,"stellen, stellt, stellte, hat gestellt",Stell das Bier in den Kühlschrank!,Put the beer in the fridge!,Ich hole noch Milch. Stell dich bitte schon mal in die Schlange an der Kasse.,I'm going to get some milk. Please join the queue at the checkout.,Wo kann ich mein Auto hinstellen?,Where can I park my car?,Würden Sie das Radio bitte etwas leiser stellen.,Could you please turn the radio down a little.,Haben Sie einen Moment Zeit? Wir möchten Ihnen ein paar Fragen stellen.,Do you have a moment? We would like to ask you a few questions.,Ich habe den Wecker auf 5 Uhr gestellt.,I set the alarm for 5 o'clock.
other,oft/öfter,often/more often,oft/öfter,Ich treffe mich oft mit meiner Freundin.,I often meet up with my girlfriend.,In letzter Zeit muss ich öfter Überstunden machen.,I've had to work overtime a lot recently.
noun,Sorge,"care, concern, worry","die Sorge, -n",Um Ihre Zukunft brauchen Sie sich keine Sorgen zu machen.,You don't need to worry about your future.
verb,trinken,to drink,"trinken, trinkt, trank, hat getrunken",Trinken Sie einen Tee mit uns?,Will you join us for tea?
other,dies-,this,dies-,Wohin fährst du dieses Jahr in Urlaub?,Where are you going on vacation this year?,Welche Hose nehmen Sie? – Diese hier.,Which pants do you choose? - These here.
noun,Ding,thing,"das Ding, -e",Gib mir bitte mal das Ding da drüben.,"Give me that thing over there, please."
verb,kriegen,to get,"kriegen, kriegt, kriegte, hat gekriegt",Haben Sie meinen Brief gekriegt?,Did you get my letter?,"Was kriegen Sie? – Ein Schwarzbrot, bitte.","What can I get you? - A loaf of brown bread, please."
noun,Blut,blood,das Blut (Sg.),Der Verletzte hat viel Blut verloren.,The injured person has lost a lot of blood.
other,ehrlich,honest,ehrlich,Sie ist ein ehrlicher Mensch.,She is an honest person.,Bitte sei in dieser Sache ehrlich.,Please be honest about this.,Die Pause haben wir uns ehrlich verdient.,We have honestly earned the break.
noun,Eltern,parents,die Eltern (Pl.),Ich wohne noch bei meinen Eltern.,I still live with my parents.
noun,Herz,heart,"das Herz, -en",Ich bin ganz nervös. Mir klopft das Herz.,I'm really nervous. My heart is pounding.,Wir müssen Ihr Herz untersuchen.,We need to examine your heart.
other,glücklich,"happy, lucky",glücklich,Meine Schwester hat geheiratet und ist sehr glücklich.,My sister got married and is very happy.,Ich wünsche Ihnen ein glückliches neues Jahr.,I wish you a happy new year.,Ich bin glücklich verheiratet.,I am happily married.
other,alt,old,alt,Wie alt sind Sie?,How old are you?,Maria ist eine alte Freundin von mir.,Maria is an old friend of mine.
other,frei,free,frei,Ist dieser Platz noch frei?,Is this seat still free?,Morgen haben wir frei.,We have tomorrow off.,Eintritt frei.,Free admission.,Ich trinke nur alkoholfreies Bier.,I only drink non-alcoholic beer.,Dieses Medikament ist rezeptfrei.,This medicine is available without prescription.,Die Schüler können die Arbeitszeit frei wählen.,Students are free to choose their own working hours.
other,möglich,possible,möglich,Kann ich bitte sofort einen Termin haben? – Das ist leider nicht möglich.,"Can I have an appointment immediately, please? - Unfortunately this is not possible."
noun,Fest,"festival, feast, party","das Fest, -e","Wenn ich 18 werde, feiern wir ein großes Fest.","When I turn 18, we'll have a big party.",Frohes Fest!,Merry Christmas!
other,fest,"firm, fixed",fest,"Mein Kollege glaubt fest daran, dass er die neue Stelle bekommt.",My colleague firmly believes that he will get the new job.,"Als wir nach Hause kamen, haben die Kinder schon fest geschlafen.","When we got home, the children were already fast asleep.",Für die nächste Familienfeier gibt es noch keinen festen Termin.,There is no fixed date yet for the next family celebration.
other,kaum,hardly,kaum,Ich kann Sie kaum verstehen. Bitte sprechen Sie lauter.,I can hardly hear you. Please speak up.,Es hat letzte Woche kaum geregnet.,It hardly rained last week.,Die Fahrt hat nicht lange gedauert. Kaum 20 Minuten.,The journey didn't take long. Barely 20 minutes.
noun,Platz,"place, seat, square","der Platz, ¨-e",In unserer Wohnung haben wir nicht genug Platz.,We don't have enough space in our apartment.,Ist dieser Platz noch frei?,Is this seat still free?,Nehmen Sie bitte Platz.,Please take a seat.,"Die Post ist auf dem Platz, direkt am Markt.","The post office is on the square, right next to the market."
noun,Rede,speech,"die Rede, -n",Der Präsident hat eine Rede gehalten.,The President gave a speech.
other,falsch,wrong,falsch,"Tut mir leid, ich habe die falsche Nummer gewählt.","I'm sorry, I dialed the wrong number.",Meine Uhr geht falsch.,My watch is wrong.,"Was Sie da sagen, ist falsch.",What you are saying is wrong.
other,sondern,but (rather),sondern,"Unser Besuch kommt nicht heute, sondern morgen.","Our visit is not coming today, but tomorrow."
noun,Nummer,number,"die Nummer, -n",Ich habe mich in der Hausnummer geirrt.,I made a mistake with the house number.,Ich habe die falsche Nummer gewählt.,I dialed the wrong number.,Der Wagen hatte eine Münchner Nummer.,The car had a Munich number.,Sie haben Zimmer Nummer zwölf.,You have room number twelve.,Bitte geben Sie mir Ihre Kontonummer.,Please give me your account number.,Haben Sie die Bluse eine Nummer kleiner?,Do you have the blouse one size smaller?
other,früher/früher-,earlier,früher/früher-,Früher habe ich in Berlin gewohnt.,I used to live in Berlin.,Wir nehmen den früheren Zug.,We take the earlier train.
other,wohin,where to,wohin,Wohin kommt der Schrank?,Where does the cupboard go?,Wohin fährt dieser Bus?,Where is this bus going?
other,außer,except,außer + Dativ,Außer Lisa hat sich niemand um die Stelle beworben.,"Apart from Lisa, no one else applied for the job.",Der Aufzug ist außer Betrieb.,The elevator is out of order.,Wir haben täglich außer Samstag geöffnet.,We are open every day except Saturday.
other,früh,early,früh,Hier ist schon am frühen Morgen starker Verkehr.,There is already heavy traffic here in the early morning.,Mein Vater arbeitet von früh bis spät.,My father works from early in the morning until late at night.,Ich bin heute sehr früh aufgestanden.,I got up very early today.,Wir sind eine halbe Stunde zu früh gekommen.,We arrived half an hour early.,Wecken Sie mich bitte morgen früh um 6 Uhr.,Please wake me up at 6 a.m. tomorrow morning.
verb,(sich) setzen,to sit down,"(sich) setzen, setzt, setzte, hat gesetzt",Darf ich mich zu Ihnen setzen?,May I sit with you?,"Bitte setzen Sie sich, wohin Sie wollen!",Please sit wherever you like!
other,zuerst,(at) first,zuerst,Wer war zuerst? – Der Herr hier.,Who was first? - The gentleman here.,Zuerst gibt es Mittagessen. Dann könnt ihr Schokolade essen.,First there's lunch. Then you can eat chocolate.,Zuerst hat mir die Arbeit gar nicht gefallen. Jetzt geht es besser.,At first I didn't like the work at all. Now it's better.
other,wahrscheinlich,probably,wahrscheinlich,Wahrscheinlich mache ich im Herbst noch einen Deutschkurs.,I'll probably do another German course in the fall.
verb,dürfen,"to may, be allowed","dürfen, darf, durfte, hat gedurft (hat dürfen als Modalverb)",Dürfen wir heute länger fernsehen?,Are we allowed to watch TV for longer today?,Sie dürfen hier nicht parken.,You are not allowed to park here.,Das hätten Sie nicht machen dürfen!,You shouldn't have done that!,Was darf ich Ihnen anbieten?,What can I offer you?,Ich suche ein gebrauchtes Auto. Es darf nicht mehr als 1000 Euro kosten.,I am looking for a used car. It must not cost more than 1000 euros.
noun,Telefon,telephone,"das Telefon, -e",1. Darf ich bitte Ihr Telefon benutzen?,1. may I please use your phone?
other,willkommen,welcome,willkommen,Herzlich willkommen in Köln.,Welcome to Cologne.
noun,Plan,plan,"der Plan, ¨-e","Was macht ihr im Sommer? – Ich weiß noch nicht, wir haben noch keine Pläne.","What are you doing in the summer? - I don't know yet, we don't have any plans.",Haben Sie einen Plan von Berlin?,Do you have a map of Berlin?
verb,retten,to rescue,"retten, rettet, rettete, hat gerettet",Der Arzt konnte das Kind noch retten.,The doctor was able to save the child.
other,hierher,(to) here,hierher,Ich komme oft hierher. In diesem Café gibt es guten Kuchen.,I come here often. This café serves good cakes.
noun,Fehler,error,"der Fehler, -","Ich glaube, da haben Sie einen Fehler gemacht.",I think you made a mistake there.,Die Schülerin hat den Fehler sofort gefunden.,The pupil found the error immediately.
noun,Pass,passport,"der Pass, ¨-e",Ich muss meinen Pass verlängern lassen.,I have to have my passport extended.,Im Hotel brauchst du bei der Anmeldung deinen Pass.,You will need your passport to register at the hotel.
other,vor allem,"above all, especially",vor allem,"Grüßen Sie alle von mir, vor allem Frau Meier.","Give my best to all of you, especially Mrs. Meier."
other,nächst-,next,nächst-,Wo ist hier die nächste Apotheke?,Where is the nearest pharmacy?,Rufen Sie bitte nächste Woche noch einmal an.,Please call again next week.,Wann fährt der nächste Zug nach Frankfurt?,When is the next train to Frankfurt?,Wer ist der Nächste bitte?,"Who's next, please?"
noun,Stunde,hour,"die Stunde, -n",Ich bin in einer Stunde wieder zurück.,I'll be back in an hour.,Wir haben heute nur vier Stunden Schule.,We only have four hours of school today.,Ich warte seit zwei Stunden auf dich.,I've been waiting for you for two hours.
noun,Menge,"quantity, a lot","die Menge, -n","Diesen Preis gibt es nur, wenn Sie große Mengen kaufen.",This price is only available if you buy large quantities.,Wir haben noch eine Menge Zeit.,We still have a lot of time.,Ich kenne schon eine Menge Leute in der Stadt.,I already know a lot of people in the city.,Das Auto hat bestimmt eine Menge Geld gekostet.,The car must have cost a lot of money.
other,langsam,slow,langsam,Könnten Sie bitte etwas langsamer sprechen?,Could you please speak a little slower?,Es wird langsam kalt. Es wird Herbst.,It's getting cold. Fall is coming.
other,bereits,already,bereits,Bitte melde dich bei Frau Kaiser. Sie hat bereits dreimal angerufen.,Please get in touch with Ms. Kaiser. She has already called three times.
verb,lieben,to love,"lieben, liebt, liebte, hat geliebt",Ich liebe meine Familie.,I love my family.,Meine Frau liebt ihren Beruf.,My wife loves her job.,"Wir sind schon lange verheiratet, aber wir lieben uns immer noch.","We've been married for a long time, but we still love each other."
noun,Büro,office,"das Büro, -s",Unser Büro bleibt samstags geschlossen.,Our office is closed on Saturdays.,Ich möchte in einem Büro arbeiten.,I would like to work in an office.
verb,schaffen,"to create, manage, accomplish","schaffen, schafft, schaffte, hat geschafft","Kannst du mir helfen, die Party vorzubereiten? Ich schaffe das nicht allein.",Can you help me prepare the party? I can't do it alone.,"Wir schafften es, das Projekt nach Plan abzuschließen.",We managed to finish the project on schedule.
other,leider,unfortunately,leider,Da kann ich Ihnen leider nicht helfen.,"Unfortunately, I can't help you there.",Hast du schon eine Antwort auf deinen Brief? – Leider nicht.,Have you received a reply to your letter yet? - Unfortunately not.,Leider kann ich nicht kommen. Ich muss zum Arzt.,"Unfortunately, I can't come. I have to see a doctor."
other,trotzdem,nevertheless,trotzdem,Es war ziemlich kalt. Trotzdem bin ich schwimmen gegangen.,"It was pretty cold. Nevertheless, I went swimming."
noun,"Doktor, Doktorin",doctor,"der Doktor, -en die Doktorin, -nen",Ist Frau Dr. Müller da?,Is Dr. Müller there?,Meine Tochter ist krank. Wir gehen zum Doktor.,My daughter is ill. We're going to the doctor.
other,voll,full (of),voll (von + Dativ),Die Flasche ist noch ganz voll.,The bottle is still completely full.,Vor den Feiertagen sind die Züge immer sehr voll.,The trains are always very full before the holidays.,Bitte unterschreiben Sie mit Ihrem vollen Namen.,Please sign your full name.
noun,Film,movie,"der Film, -e",Den Film musst du dir unbedingt ansehen.,You absolutely have to see this movie.
other,überall,everywhere,überall,"Ich habe überall gesucht, aber meine Brille ist weg.","I've looked everywhere, but my glasses are gone."
other,direkt,direct,direkt,Wir liefern Ihnen die Waren direkt ins Haus.,We deliver the goods directly to your home.,Das Dorf liegt direkt an der Autobahn.,The village is located directly on the highway.,Gibt es keinen direkten Zug nach Hamburg?,Is there no direct train to Hamburg?,Sie übertragen das Fußballspiel direkt.,They broadcast the soccer match directly.
noun,Tat,"deed, act","die Tat, -en",Dieser Mensch hat mit vielen guten Taten geholfen.,This person has helped with many good deeds.
noun,Schiff,ship,"das Schiff, -e",Sind Sie mit dem Schiff oder mit dem Flugzeug gekommen?,Did you come by boat or by plane?
noun,König,king,"der König, -e",Der spanische König ist in Deutschland zu Besuch.,The King of Spain is visiting Germany.
other,danach,"afterwards, then",danach,"Zuerst gehen wir einkaufen, danach grillen wir auf unserem Balkon.","First we go shopping, then we have a barbecue on our balcony."
verb,lernen,to learn,"lernen, lernt, lernte, hat gelernt",Wie lange lernen Sie schon Deutsch?,How long have you been learning German?
other,deswegen,therefore,deswegen,Ich habe falsch geparkt. Deswegen habe ich einen Strafzettel bekommen.,I parked incorrectly. That's why I got a parking ticket.
verb,nennen,to call,"nennen, nennt, nannte, hat genannt","Mein Freund heißt Alexander, aber alle nennen ihn Alex.","My boyfriend's name is Alexander, but everyone calls him Alex.",Wie nennt man dieses Gerät?,What is this device called?
noun,Feuer,fire,"das Feuer, -",Der Schaden durch das Feuer war sehr groß.,The damage caused by the fire was extensive.,Haben Sie Feuer?,Do you have a light?
verb,laufen,"to run, walk","laufen, läuft, lief, ist gelaufen","Ich bin gestern 100 m in 10,4 Sekunden gelaufen.",I ran 100 m in 10.4 seconds yesterday.,"Bist du mit dem Auto hier? – Nein, ich bin gelaufen.","Are you here by car? - No, I walked.",Jeden Morgen gehe ich eine halbe Stunde laufen.,I go running for half an hour every morning.,Wann läuft der Film?,When is the movie showing?,"Wie geht´s beruflich? – Danke, das Geschäft läuft gut.","How are things going professionally? - Thanks, business is going well."
verb,(sich) erinnern,"to remember, remind (about)","(sich) erinnern, erinnert, erinnerte, hat erinnert (an + Akkusativ)","Bitte, erinnern Sie mich noch einmal an den Termin","Please, remind me again of the date",Ich erinnere mich noch genau an Francescos Vater.,I still remember Francesco's father very well.
other,völlig,completely,völlig,Das halte ich für völlig ausgeschlossen.,I think that is completely out of the question.
noun,Stelle,"place, position","die Stelle, -n",Wir treffen uns hier an dieser Stelle.,We meet here at this point.,Ich habe eine neue Stelle.,I have a new job.,Diese Stelle in seinem Brief ist mir nicht ganz klar.,This passage in his letter is not entirely clear to me.,An Ihrer Stelle würde ich den Vertrag nicht unterschreiben.,"If I were you, I would not sign the contract."
verb,verlieren,to lose,"verlieren, verliert, verlor, hat verloren",Ich habe meine Brieftasche verloren.,I have lost my wallet.,Jennifer hat ihre Stelle verloren.,Jennifer has lost her job.,Sie dürfen den Mut nicht verlieren.,You must not lose heart.,Unsere Mannschaft hat 3:5 verloren.,Our team lost 3:5.
noun,Kaffee,coffee,"der Kaffee, -s",Bring bitte noch eine Packung Kaffee mit.,Please bring another packet of coffee.,Zum Frühstück trinke ich gerne Kaffee.,I like to drink coffee for breakfast.,Wir sind bei Müllers zum Kaffee eingeladen.,We are invited to Müllers for coffee.,"Einen Kaffee, bitte.","A coffee, please."
noun,Luft,air,"die Luft, ¨-e","Oh, hier ist aber schlechte Luft.","Oh, the air is bad here.",Die Seeluft tut mir gut.,The sea air is good for me.,Bitte mach das Fenster auf. Ich brauche frische Luft.,Please open the window. I need some fresh air.
verb,ziehen,"to pull, move (places)","ziehen, zieht, zog, hat/ist gezogen","Sie müssen ziehen, nicht drücken.","You have to pull, not push.",Wir sind vor drei Wochen nach Hamburg gezogen.,We moved to Hamburg three weeks ago.,"Machen Sie bitte die Tür zu, es zieht.","Please close the door, there's a draught."
verb,verschwinden,to disappear,"verschwinden, verschwindet, verschwand, ist verschwunden",Mein Ausweis ist verschwunden. Hast du ihn vielleicht gesehen?,My ID card has disappeared. Have you seen it?
verb,aufhören,to stop (with),"aufhören, hört auf, hörte auf, hat aufgehört (mit + Dativ)",Es hört nicht auf zu schneien.,It doesn't stop snowing.,Wann hört ihr mit der Arbeit auf?,When will you stop working?,Hier hört die Hauptstraße auf.,This is where the main road ends.
other,zwar,"although, namely",zwar,"Diese Schuhe sind zwar teuer, aber gut.","These shoes (although) are expensive, but good.","Ich kriege jetzt doch eine Woche Urlaub, und zwar nächsten Monat.",I'm getting a week's vacation next month after all.
other,groß,"large, tall",groß,Wir haben einen großen Garten.,We have a large garden.,Wie groß sind Sie?,How tall are you?,Die Jacke ist mir zu groß.,The jacket is too big for me.,"Wenn die Kinder groß sind, haben wir wieder mehr Zeit.","When the children grow up, we'll have more time again.",Ich habe keinen großen Hunger.,I'm not very hungry.
other,Groß-,grand-,Groß-,"z.B. die Großeltern, die Großmutter, der Großvater","e.g. the grandparents, the grandmother, the grandfather"
noun,Buch,book,"das Buch, ¨-er",Haben Sie ein Buch über die Geschichte von Berlin?,Do you have a book about the history of Berlin?
other,krank,"ill, sick",krank,Ich war zwei Wochen krank.,I was ill for two weeks.,Ich muss mich um meine kranke Großmutter kümmern.,I have to look after my sick grandmother.
noun,Wert,value,"der Wert, -e",Das Haus hat einen Wert von ca. 1 Mio. Euro.,The house has a value of approx. 1 million euros.,Es hat ja doch keinen Wert.,It has no value after all.,Auf Ihr Urteil lege ich großen Wert.,I attach great importance to your judgment.
noun,"Arzt, Ärztin",doctor,"der Arzt, ¨-e die Ärztin, -nen",Ich muss heute zum Arzt.,I have to go to the doctor today.,Wann warst du beim Zahnarzt?,When did you go to the dentist?
other,froh,"glad, happy",froh,"Ich bin froh, dass alles so gut geklappt hat.",I am glad that everything worked out so well.,Frohes Fest!,Merry Christmas!
other,wert,worth,wert,Das Auto ist vielleicht noch 1000 Euro wert.,The car may still be worth 1000 euros.
noun,Straße,street,"die Straße, -n",Wir wohnen in einer sehr kleinen Straße.,We live in a very small street.,Unser Haus ist eine Straße weiter.,Our house is one street away.
verb,rufen,to call (by shouting),"rufen, ruft, rief, hat gerufen","Ich habe die Kinder gerufen, aber sie haben mich nicht gehört.","I called the children, but they didn't hear me.",Wir haben sofort einen Arzt gerufen.,We called a doctor immediately.
verb,heiraten,to marry,"heiraten, heiratet, heiratete, hat geheiratet",Unsere Freunde heiraten nächsten Monat in Italien.,Our friends are getting married in Italy next month.,Wir haben 1980 geheiratet.,We got married in 1980.,Meine Schwester heiratet einen Japaner.,My sister is marrying a Japanese man.
other,super,super,super,Das war ein super Film!,That was a great movie!,Er kann super tanzen.,He's a great dancer.,Weißt du was? Ich komme mit. – Super!,You know what? I'm coming with you. - Super!
noun,Onkel,uncle,"der Onkel, -",Nächste Woche fahre ich zu meinem Onkel nach Berlin.,Next week I'm going to visit my uncle in Berlin.
other,total,total,total,Der Film war total langweilig.,The movie was totally boring.
noun,Party,party,"die Party, -s",Letzte Woche war ich auf einer Geburtstagsparty.,Last week I was at a birthday party.
verb,erklären,to explain,"erklären, erklärt, erklärte, hat erklärt","Kannst du mir erklären, wie man diesen Apparat bedient?",Can you explain to me how to operate this device?,"Ich kann mir nicht erklären, wie der Brief verschwinden konnte.",I can't explain how the letter could have disappeared.
noun,Wahl,"choice, election","die Wahl, -en",Sie haben die Wahl: mit Vollpension oder Halbpension?,You have the choice: full board or half board?,Die nächste Wahl ist im Herbst.,The next election is in the fall.
noun,Vertrauen,trust,das Vertrauen (Sg.),Ich habe Vertrauen zu Ihnen.,I have confidence in you.
other,damals,"then, at the time",damals,Mit 15 wollte ich gerne Klavier spielen lernen. Aber damals hatte ich kein Geld dafür.,"When I was 15, I wanted to learn to play the piano. But back then I didn't have the money."
verb,vertrauen,to trust,"vertrauen, vertraut, vertraute, hat vertraut",Ich kenne dich gut. Ich vertraue dir.,I know you well. I trust you.
other,leicht,"light, easy",leicht,Der Koffer ist ganz leicht. Ich kann ihn allein tragen.,The suitcase is very light. I can carry it on my own.,"Es ist nicht leicht, bei diesem Arzt einen Termin zu bekommen.",It is not easy to get an appointment with this doctor.
other,nachdem,after,nachdem,"Nachdem wir gegessen hatten, sind wir spazieren gegangen.","After we had eaten, we went for a walk."
noun,Gefühl,feeling,"das Gefühl, -e","Ich glaube, ich schaffe die Prüfung. Ich habe ein gutes Gefühl.",I think I'll pass the exam. I have a good feeling.
verb,(sich etwas) kaufen,to buy yourself something,"(sich etwas) kaufen, kauft, kaufte, hat gekauft",Im Supermarkt kauft man sehr günstig ein.,The supermarket is a very cheap place to shop.,Ich habe mir einen Pullover gekauft.,I bought myself a sweater.
other,interessiert,interested (in),interessiert (an + Dativ),Mein Nachbar zieht nächsten Monat aus. Sind Sie noch an der Wohnung interessiert?,My neighbor is moving out next month. Are you still interested in the apartment?
verb,möchten,"to want, wish","möchten, möchte, mochte, hat gemocht",Möchtest du auch einen Kaffee?,Would you like a coffee too?,Im Sommer möchten wir gern ans Meer fahren.,We would like to go to the sea in the summer.
noun,Stück/-stück,"piece, play","das Stück/-stück, -e",Ich nehme zwei Stück Zucker in den Kaffee.,I take two lumps of sugar in my coffee.,Möchten Sie noch ein Stück Kuchen?,Would you like another piece of cake?,Was kosten die Kulis? – Ein Euro pro Stück.,How much do the pens cost? - One euro per piece.,Ich begleite dich ein Stück.,I'll accompany you for a while.,Er spielt in dem Stück die Hauptrolle.,He plays the leading role in the play.
other,genauso,just as/like,genauso,Katarina sieht genauso aus wie ihre Schwester.,Katarina looks just like her sister.
noun,Zukunft,future,die Zukunft (Sg.),Du musst mehr für die Schule lernen. Denk an die Zukunft.,You need to study more for school. Think about the future.,In Zukunft werde ich vorsichtiger sein.,I will be more careful in future.
noun,Licht,light,"das Licht, -er",Kannst du bitte Licht machen? Ich kann so nichts sehen.,Can you please turn on the light? I can't see anything like this.,Es ist so dunkel. Wo macht man hier das Licht an?,It's so dark. Where do you turn on the light here?
noun,Himmel,sky,der Himmel (Sg.),Wir hatten im Urlaub so tolles Wetter. Immer Sonne und blauer Himmel.,We had such great weather on vacation. Always sunshine and blue skies.
noun,Überstunde,overtime,"die Überstunde, -n",Ich muss heute Überstunden machen.,I have to work overtime today.
noun,Nachricht,"message, news","die Nachricht, -en",Ich habe eine gute Nachricht für Sie. Sie haben die Prüfung bestanden.,I have good news for you. You have passed the exam.,Ich habe im Radio die Nachrichten gehört.,I heard the news on the radio.,Im Moment bin ich nicht zu Hause. Aber Sie können eine Nachricht hinterlassen.,I'm not at home at the moment. But you can leave a message.
other,drüben,over there,drüben,Dort drüben ist die Haltestelle.,The bus stop is over there.
verb,sich kümmern,"to look after sth./sb., take care of sth.","sich kümmern, kümmert sich, kümmerte sich, hat sich gekümmert (um + Akkusativ)",Ich kann nicht arbeiten. Ich muss mich um die Kinder kümmern.,I can't work. I have to look after the children.,Ich habe keine Zeit. Ich muss mich um das Essen kümmern.,I don't have time. I have to take care of the food.
other,laut,"loud, according to",laut,Lass uns gehen. Hier ist es mir zu laut.,Let's go. It's too loud here.,Können Sie bitte etwas lauter sprechen?,Can you please speak a little louder?,Laut Wetterbericht gibt es morgen Regen.,"According to the weather forecast, it's going to rain tomorrow."
verb,sitzen,to sit,"sitzen, sitzt, saß, hat/ist gesessen",Wo möchten Sie sitzen? – Bitte ganz hinten.,"Where would you like to sit? - Right at the back, please.",Die Jacke sitzt sehr gut.,The jacket fits very well.
noun,Erde,"earth, soil","die Erde, -n",Die Pflanzen brauchen neue Erde.,The plants need new soil.,Mein Sohn hat das Glas auf die Erde fallen lassen.,My son dropped the glass on the ground.,An der Konferenz nehmen Vertreter aus fast allen Ländern der Erde teil.,Representatives from almost every country in the world take part in the conference.
noun,Schlüssel,key,"der Schlüssel, -",Ich kann meine Schlüssel nicht finden.,I can't find my keys.
noun,Rest,rest,"der Rest, -e",Hier sind 100 Euro. Den Rest gebe ich dir später.,Here are 100 euros. I'll give you the rest later.,Es ist noch ein Rest Wein da. Möchtest du noch?,There's still some wine left. Would you like some more?
verb,passieren,to happen,"passieren, passiert, passierte, ist passiert",Entschuldigung! – Kein Problem. Es ist nichts passiert.,Excuse me! - No problem. Nothing has happened.,Wie ist der Unfall passiert?,How did the accident happen?,Man hat mir die Brieftasche gestohlen. – Das ist mir auch schon passiert.,My wallet has been stolen. - That's happened to me too.
other,eher,rather,eher,Ich stehe meist eher auf als mein Mann.,I usually get up earlier than my husband.,"Michael sieht gerne Serien, ich mag eher Krimis.","Michael likes watching series, I prefer crime thrillers."
noun,Gefängnis,prison,"das Gefängnis, -se",Er wurde zu fünf Jahren Gefängnis verurteilt.,He was sentenced to five years in prison.
noun,Opfer,victim,"das Opfer, -",Bei der Schiffskatastrophe gab es viele Opfer.,There were many victims of the shipwreck.
noun,Körper,body,"der Körper, -","Der Arzt sagt, ich muss etwas für meinen Körper tun, z. B. schwimmen oder Fahrrad fahren.","The doctor says I need to do something for my body, such as swimming or cycling."
noun,Schreiben,letter,"das Schreiben, -",Haben Sie mein Schreiben vom 3. März erhalten?,Did you receive my letter of March 3?
other,böse,"evil, bad",böse,Ich habe das Buch leider vergessen. Hoffentlich bist du mir nicht böse.,"Unfortunately, I've forgotten the book. I hope you're not angry with me.",Mach nicht so ein böses Gesicht!,Don't make such a bad face!,"Ich bin böse auf dich, du bist wieder nicht gekommen!","I'm angry with you, you didn't show up again!",Zeig mal! Du hast dich verletzt? Das sieht aber böse aus.,Let me see! You hurt yourself? That looks nasty.
verb,schreiben,to write,"schreiben, schreibt, schrieb, hat geschrieben",Ich habe dir einen Brief geschrieben.,I have written you a letter.,Ich schreibe dir eine E-Mail.,I'll write you an e-mail.,Mein Kugelschreiber schreibt nicht mehr.,My ballpoint pen no longer writes.
noun,Versuch,"attempt, try","der Versuch, -e",In der Forschung werden viele Versuche gemacht.,Many experiments are being carried out in research.,"Mein Versuch, etwas zu ändern, blieb ohne Erfolg.",My attempt to change something was unsuccessful.
verb,(sich) vorstellen,"to introduce, imagine","(sich) vorstellen, stellt vor, stellte vor, hat vorgestellt",So schwierig habe ich mir die Arbeit nicht vorgestellt.,I didn't imagine the work would be this difficult.,Darf ich dir meine Frau vorstellen?,May I introduce you to my wife?,Ich möchte mich vorstellen: Mein Name ist Schuster.,I would like to introduce myself: My name is Schuster.
other,sobald,as soon as,sobald,"Sobald ich den Termin weiß, gebe ich Ihnen Bescheid.","As soon as I know the date, I will let you know."
other,noch mal,again,noch mal,Vielen Dank nochmal.,Many thanks again.,Bitte sagen Sie das nochmal.,Please say that again.
noun,Wohnung,apartment,"die Wohnung, -en","Wir suchen eine möblierte Wohnung, möglichst im Zentrum.","We are looking for a furnished apartment, preferably in the city center."
verb,heißen,"to call oneself, mean","heißen, heißt, hieß, hat geheißen",Wie heißen Sie?,What is your name?,Wie heißt das auf Deutsch?,What is it called in German?,Die Erklärung verstehe ich nicht. Was heißt das?,I don't understand the explanation. What does that mean?
noun,Krankenhaus,hospital,"das Krankenhaus, ¨-er",Er hat sich verletzt und musste ins Krankenhaus.,He injured himself and had to go to hospital.
noun,Klasse,class,"die Klasse, -n",In der Klasse sind 24 Schülerinnen und Schüler.,There are 24 pupils in the class.,Im Herbst komme ich in die 7. Klasse.,I'll be in 7th grade in the fall.,"Einmal nach Frankfurt, 1. Klasse, bitte.","Once to Frankfurt, 1st class, please."
other,hart,hard,hart,Das Bett im Hotel war mir zu hart.,The bed in the hotel was too hard for me.,Die Brötchen sind ja ganz hart.,The rolls are really hard.,Ich habe eine harte Woche vor mir. Ich muss jeden Tag Überstunden machen.,I have a tough week ahead of me. I have to work overtime every day.,"Wir haben hart gearbeitet, um die Wohnung zu bezahlen.",We worked hard to pay for the apartment.
other,klasse,great,klasse,Ich finde unseren Lehrer klasse.,I think our teacher is great.
noun,Sinn,"sense, meaning, purpose","der Sinn, -e","Es hat keinen Sinn, noch ein Spiel zu beginnen. Es ist schon spät.",There's no point in starting another game. It's already late.
other,außerdem,"also, besides, in addition",außerdem,Möchten Sie außerdem noch etwas?,Is there anything else you would like?,"Der Film war langweilig, und außerdem haben die Schauspieler schlecht gespielt.",The movie was boring and the actors acted badly.
verb,ändern,to change,"ändern, ändert, änderte, hat geändert",Das Wetter hat sich geändert.,The weather has changed.,Ich habe meine Meinung inzwischen geändert.,I have since changed my mind.
verb,erfahren,to experience,"erfahren, erfährt, erfuhr, hat erfahren",Wann erfahren wir das Ergebnis der Prüfung?,When will we know the result of the audit?
verb,tragen,"to carry, wear","tragen, trägt, trug, hat getragen",Lass mich den Koffer tragen. Der ist zu schwer für dich.,Let me carry the suitcase. It's too heavy for you.,Mein Bruder trägt eine Brille.,My brother wears glasses.,Die Kosten trägt die Krankenkasse.,The costs are borne by the health insurance company.
other,wenigstens,at (the) least,wenigstens,"Ich habe keinen Hunger. – Ach, essen Sie wenigstens ein Stück Kuchen.","I'm not hungry. - Oh, at least eat a piece of cake."
other,vorsichtig,careful,vorsichtig,"Bitte fahr vorsichtig, die Straße ist glatt.","Please drive carefully, the road is slippery."
noun,Klassenarbeit,class work,"die Klassenarbeit, -en (D) → A: Schularbeit",Mein Sohn schreibt bei Klassenarbeiten immer gute Noten.,My son always gets good marks in class tests.
other,stolz,proud (of),stolz (auf + Akkusativ),Ich bin stolz auf dich. Das hast du sehr gut gemacht.,I am proud of you. You've done very well.
other,stark,strong,stark,Der Kaffee ist sehr stark.,The coffee is very strong.,Am späten Nachmittag ist der Verkehr besonders stark.,Traffic is particularly heavy in the late afternoon.,Ich habe starke Kopfschmerzen.,I have a severe headache.,Können Sie mir kein stärkeres Mittel verschreiben?,Can't you prescribe me a stronger remedy?,Es hat stark geregnet.,It was raining heavily.
other,besonders,"particularly, especially",besonders,Ich habe heute ein besonders günstiges Angebot gesehen.,I saw a particularly good deal today.,Durch den Sturm gab es besonders in Süddeutschland schwere Schäden.,"The storm caused severe damage, particularly in southern Germany.",Wie geht’s? – Nicht besonders.,How are you? - Not particularly.
noun,Schularbeit,school work,"die Schularbeit, -en (A) → D: Klassenarbeit",Mein Sohn schreibt bei Schularbeiten immer gute Noten.,My son always gets good marks for his schoolwork.
verb,schicken,to send,"schicken, schickt, schickte, hat geschickt",Ich habe meinen Freunden eine Einladung zur Hochzeit geschickt.,I sent my friends an invitation to the wedding.,Schick mir doch eine E-Mail.,Why don't you send me an e-mail?,Ich habe die Kinder einkaufen geschickt. Wir haben keine Milch mehr zu Hause.,I sent the children shopping. We have no more milk at home.
noun,Person,person,"die Person, -en",Eintritt pro Person: 2 Euro.,Admission per person: 2 euros.
other,solange,as long as,solange,"Solange Sie Fieber haben, dürfen Sie auf keinen Fall arbeiten gehen.","As long as you have a fever, you must not go to work under any circumstances."
verb,anrufen,to call (by phone),"anrufen, ruft an, rief an, hat angerufen",Ich rufe Sie heute Abend an.,I'll call you this evening.
verb,fühlen,to feel,"fühlen, fühlt, fühlte, hat gefühlt","Wie fühlen Sie sich? - Danke, ich fühle mich wohl.","How do you feel? - Thank you, I feel good.","Fühl mal, ob das Wasser nicht zu heiß ist.",Feel if the water is not too hot.
noun,Boden,"floor, ground, soil","der Boden, ¨-",Die Bücher lagen alle auf dem Boden.,The books were all on the floor.,Auf diesem Boden wächst Gemüse besonders gut.,Vegetables grow particularly well in this soil.
noun,Stimme,voice,"die Stimme, -n",Ich habe dich sofort an der Stimme erkannt.,I recognized you immediately by your voice.
other,still,"quiet, still",still,Sei doch mal einen Moment still!,Be quiet for a moment!,Maria kann nicht still sitzen.,Maria can't sit still.
noun,Sicherheit,"safety, security","die Sicherheit, -en",Sicherheit ist für mich sehr wichtig.,Safety is very important to me.
noun,Mund,mouth,"der Mund, ¨-er",Sie haben Halsschmerzen? Bitte machen Sie mal den Mund auf.,Do you have a sore throat? Please open your mouth.
verb,kämpfen,to fight (for/against),"kämpfen, kämpft, kämpfte, hat gekämpft (für/gegen + Akkusativ)",Die Frauen kämpfen für mehr Rechte.,The women are fighting for more rights.
verb,lachen,to laugh (about),"lachen, lacht, lachte, hat gelacht (über + Akkusativ)",Lachen ist gesund.,Laughter is healthy.,Wir haben viel gelacht.,We laughed a lot.,Die Kinder haben über den Witz gelacht.,The children laughed at the joke.
noun,Zeug/-zeug,stuff,das Zeug/-zeug,Was hast du mit meinen Sachen gemacht? – Ich habe dein ganzes Zeug in dein Zimmer getan.,What have you done with my things? - I put all your stuff in your room.
other,lustig,funny,lustig,Ich habe einen lustigen Film gesehen.,I saw a funny movie.,Mir ist heute etwas Lustiges passiert.,A funny thing happened to me today.
other,schlimm,bad,schlimm,Die Wunde sieht schlimm aus.,The wound looks bad.,Keine Angst. Das ist nicht so schlimm.,Don't worry. It's not that bad.
other,unglaublich,"incredible, unbelievable",unglaublich,Es ist unglaublich. Schon wieder so ein Unglück.,It's unbelievable. Another disaster like this.
noun,Laden,shop,"der Laden, ¨-",Dieses Kleid habe ich in einem Laden im Zentrum gekauft.,I bought this dress in a store in the city center.,Ich kaufe meine Zeitung immer beim Zeitungsladen am Eck.,I always buy my newspaper from the newsagent on the corner.
verb,führen,to lead,"führen, führt, führte, hat geführt",Der Lehrer führt seine Schüler durch das Museum.,The teacher guides his pupils through the museum.,Frau Meyer führt den Betrieb schon seit zehn Jahren.,Mrs. Meyer has been running the business for ten years.,Nach 20 Minuten führte unsere Mannschaft 2 : 0.,"After 20 minutes, our team led 2:0.",Die Straße führt direkt zum Bahnhof.,The road leads directly to the station.
verb,(runter/herunter)laden,to download,"(runter/herunter)laden, lädt herunter, lud herunter, hat heruntergeladen",Ich habe mir Musik aus dem Internet (he)runtergeladen.,I downloaded music from the Internet.
verb,schauen,"to look, watch","schauen, schaut, schaute, hat geschaut",Schau mal! Da vorne ist noch ein Platz frei.,Take a look! There's still a free seat up front.
noun,Meinung,opinion,"die Meinung, -en","Ich bin der Meinung, dass du recht hast.",I am of the opinion that you are right.,Ich habe meine Meinung geändert.,I have changed my mind.,Meiner Meinung nach gibt es hier zu viele Autos.,"In my opinion, there are too many cars here."
verb,lesen,to read,"lesen, liest, las, hat gelesen","Ich habe gelesen, dass es ab heute Sonderangebote gibt.",I read that there are special offers starting today.,Deine Schrift kann ich nicht gut lesen.,I can't read your writing very well.,In der Schule lesen wir ein Buch von Goethe.,At school we read a book by Goethe.
verb,geschehen,to happen,"geschehen, geschieht, geschah, ist geschehen",Vielen Dank für Ihre Hilfe. – Gern geschehen.,Thank you very much for your help. - You are welcome.,"Ich werde warten und sehen, was geschieht.",I will wait and see what happens.
noun,Geschäft,business,"das Geschäft, -e",Die Geschäfte schließen um 18.30 Uhr.,The stores close at 6.30 pm.,"Wissen Sie, wo hier ein Schuhgeschäft ist?",Do you know where there is a shoe store here?
noun,Verzeihung,"forgiveness, pardon",die Verzeihung,Verzeihung! Ich habe die falsche Nummer gewählt.,Excuse me! I dialed the wrong number.
verb,fliegen,to fly,"fliegen, fliegt, flog, ist geflogen",Der Vogel ist auf einen Baum geflogen.,The bird flew into a tree.,Diese Maschine fliegt direkt nach New York.,This plane flies directly to New York.,Ich bin nach Berlin geflogen.,I flew to Berlin.
other,vorher,"before, previously",vorher,Ich komme mit ins Café. Vorher muss ich aber noch zur Bank.,I'm coming with you to the café. But I have to go to the bank first.
noun,Schluss,"end, conclusion",der Schluss (Sg.),Ich muss jetzt Schluss machen. Es klingelt an der Tür.,I have to go now. The doorbell rings.,Zum Schluss nochmals herzlichen Dank.,"Finally, thank you once again."
verb,mögen,to like,"mögen, mag, mochte, hat gemocht",Ich mag keinen Reis.,I don't like rice.,Möchtest du noch ein Stück Kuchen?,Would you like another piece of cake?,Ich möchte gern Herrn Schmidt sprechen.,I would like to speak to Mr. Schmidt.,"Herr Müller, Sie möchten bitte sofort zum Chef kommen.","Mr. Müller, please see the boss immediately."
other,"meist-, die meisten",most,"meist-, die meisten",Wie gut kannst du Deutsch? – Das Meiste verstehe ich.,How well do you speak German? - I understand most of it.,Ich bin neu im Haus. Die meisten Nachbarn kenne ich noch nicht.,I'm new to the house. I don't know most of the neighbors yet.
other,perfekt,perfect,perfekt,Die Reiseorganisation war perfekt.,The organization of the trip was perfect.
noun,Handy,cell phone,"das Handy, -s","Ich habe kein Festnetztelefon, aber ein Handy.","I don't have a landline phone, but I do have a cell phone.",Soll ich Ihnen meine Handynummer geben?,Shall I give you my cell phone number?
other,hinten,at the back,hinten,Wo möchtest du sitzen? Hinten oder vorne?,Where do you want to sit? At the back or the front?,Bitte hinten aussteigen!,Please get out at the back!
verb,fallen,to fall,"fallen, fällt, fiel, ist gefallen",Das Glas ist auf den Boden gefallen.,The glass has fallen to the floor.,In den Bergen ist schon Schnee gefallen.,Snow has already fallen in the mountains.,Die Temperatur ist ganz plötzlich unter null gefallen.,The temperature has suddenly dropped below zero.
other,nötig,necessary,nötig,"Wenn es nötig ist, nehmen Sie noch eine Tablette.","If necessary, take another tablet.","Kann ich Ihnen helfen? – Danke, nicht nötig.","Can I help you? - Thank you, not necessary."
other,tatsächlich,"actually, in fact",tatsächlich,"Die Hose ist tatsächlich zu klein, obwohl sie so groß aussieht.","The pants are actually too small, even though they look so big."
verb,folgen,to follow,"folgen, folgt, folgte, ist gefolgt",Es folgen die Nachrichten.,The news follows.,Folgen Sie der Reiseleiterin.,Follow the tour guide.
verb,bitten,to ask (for),"bitten, bittet, bat, hat gebeten (um + Akkusativ)","Darf ich Sie bitten, kurz zuzuhören?",May I ask you to listen for a moment?,Der Arzt bat um eine Probe.,The doctor asked for a specimen.
verb,behalten,to keep,"behalten, behält, behielt, hat behalten",Darf ich die Zeitschrift behalten?,Can I keep the magazine?
noun,Nähe,"proximity, closeness",die Nähe (Sg.),Die Post ist ganz in der Nähe vom Bahnhof.,The post office is very close to the station.
other,plötzlich,suddenly,plötzlich,Es war zuerst so schön. Plötzlich hat es angefangen zu regnen.,It was so beautiful at first. Suddenly it started to rain.
noun,Tisch,table,"der Tisch, -e",Das Essen steht schon auf dem Tisch.,The food is already on the table.
other,jemals,ever,jemals,"Hast du jemals von dem Problem gehört? – Nein, nie.","Have you ever heard of the problem? - No, never."
verb,liegen,"to be, lie (in a place)","liegen, liegt, lag, hat/ist gelegen",Der Brief liegt schon auf Ihrem Schreibtisch.,The letter is already on your desk.,Judith liegt noch im Bett.,Judith is still in bed.,Er liegt schon seit drei Wochen im Krankenhaus.,He has been in hospital for three weeks.,Frankfurt liegt am Main.,Frankfurt is located on the Main.,In den Bergen liegt schon Schnee.,There is already snow in the mountains.
verb,verkaufen,to sell,"verkaufen, verkauft, verkaufte, hat verkauft",Ich habe unser altes Auto verkauft.,I sold our old car.
other,gefährlich,dangerous,gefährlich,"Achtung, hier ist eine gefährliche Kurve!","Watch out, this is a dangerous bend!",Du darfst nicht bei Rot über die Straße gehen. Das ist gefährlich.,You must not cross the road on red. That is dangerous.
verb,anfangen,to start (with),"anfangen, fängt an, fing an, hat angefangen (mit + Dativ)",Wann fängst du mit der Arbeit an?,When will you start work?,Hier fängt die Bahnhofstraße an.,This is where Bahnhofstrasse begins.
noun,Hotel,hotel,"das Hotel, -s",Im Urlaub sind wir in einem Hotel am Meer.,We are on vacation in a hotel by the sea.
noun,Meister,"master, champion","der Meister, -","Ich weiß nicht, wie man das macht. – Dann frag doch den Meister.",I don't know how to do that. - Then ask the master.,Unsere Mannschaft ist deutscher Meister geworden.,Our team has become German champions.
noun,Kampf,fight,"der Kampf, ¨-e",Im Schulbus gibt es immer einen Kampf um die Sitzplätze.,There is always a fight for seats on the school bus.
noun,Antwort,answer,"die Antwort, -en",Leider habe ich keine Antwort bekommen.,"Unfortunately, I have not received an answer."
other,obwohl,although,obwohl,"Obwohl meine Kollegin krank ist, geht sie arbeiten.","Although my colleague is ill, she goes to work."
other,komisch,"funny, strange",komisch,Das Essen schmeckt komisch. Probier mal.,The food tastes funny. Try it.,Der Film war sehr komisch. Wir haben viel gelacht.,The movie was very funny. We laughed a lot.,Eine grüne Hose und gelbe Schuhe? Das sieht komisch aus.,Green pants and yellow shoes? That looks strange.
verb,gewinnen,to win,"gewinnen, gewinnt, gewann, hat gewonnen",Ich möchte so gern einmal im Lotto gewinnen.,I would love to win the lottery one day.,Unsere Mannschaft hat gewonnen.,Our team has won.
other,unterwegs,on the road/way,unterwegs,Warte auf mich. Ich bin unterwegs und komme gleich.,Wait for me. I'm on my way and will be right there.,Unterwegs können wir noch etwas essen.,We can eat something on the way.,"Stell dir vor, der Brief war zwei Wochen unterwegs.",Imagine the letter was on the road for two weeks.
other,dumm,stupid,dumm,"Entschuldigung, das war dumm von mir.","Sorry, that was stupid of me.",Mir ist etwas Dummes passiert.,Something stupid happened to me.,Ich fand den Film wirklich sehr dumm.,I thought the movie was really stupid.
noun,Ärger,"anger, trouble",der Ärger (Sg.),Ich hatte heute Ärger im Büro. Ich habe mich mit einem Kollegen gestritten.,I had trouble at the office today. I got into an argument with a colleague.
noun,Bild,image,"das Bild, -er",Ein Bild von meinen Kindern hängt über meinem Schreibtisch.,A picture of my children hangs above my desk.
other,neu,new,neu,Mein Wagen ist noch ganz neu.,My car is still brand new.,Wir haben eine neue Wohnung.,We have a new apartment.,Man darf hier nicht mehr rauchen? Das ist mir ganz neu.,You're no longer allowed to smoke here? That's completely new to me.
verb,bezahlen,to pay,"bezahlen, bezahlt, bezahlte, hat bezahlt",Hast du die Rechnung schon bezahlt?,Have you already paid the bill?
other,dagegen,against,dagegen,"Vorsicht, da ist ein Baum! Fahr nicht dagegen!","Careful, there's a tree! Don't drive into it!",Sind Sie für oder gegen ein Rauchverbot? - Ich bin dagegen.,Are you for or against a smoking ban? - I am against it.,"Ich habe nichts dagegen, dass wir schon nach Hause gehen.",I don't mind if we go home already.
noun,Auge,eye,"das Auge, -n",Meine beiden Kinder haben blaue Augen.,Both my children have blue eyes.
other,verheiratet,married,verheiratet,Mit wem sind Sie verheiratet?,Who are you married to?,Meine Eltern sind seit 30 Jahren verheiratet.,My parents have been married for 30 years.
noun,Traum,dream,"der Traum, ¨-e",Mein Traum ist ein eigenes Geschäft.,My dream is to have my own business.
noun,Entscheidung,decision,"die Entscheidung, -en",Diese wichtige Entscheidung möchte ich zuerst mit meinem Mann besprechen.,I would like to discuss this important decision with my husband first.
other,Traum-,dream,Traum-,Mein Traumberuf ist Feuerwehrmann.,My dream job is a firefighter.
verb,regeln,to regulate,"regeln, regelt, regelte, hat geregelt",Die Ampel ist kaputt. Ein Polizist regelt den Verkehr.,The traffic light is broken. A policeman is directing the traffic.
noun,Fenster,windows,"das Fenster, -",Darf ich einen Moment das Fenster aufmachen?,May I open the window for a moment?
verb,fangen,to catch,"fangen, fängt, fing, hat gefangen",Das Kind hat den Ball gefangen.,The child has caught the ball.,Unsere Katze hat eine Maus gefangen.,Our cat has caught a mouse.
other,ständig,"permanent, constant",ständig,Ich habe schon ein paar Mal bei meiner Freundin angerufen. Es ist ständig besetzt.,I've already called my girlfriend a few times. It's always busy.
noun,Gefahr,danger,"die Gefahr, -en",Betreten der Baustelle auf eigene Gefahr.,Enter the construction site at your own risk.
other,absolut,absolute,absolut,"Was Sie da sagen, ist absolut falsch.",What you are saying is absolutely wrong.,Ich habe absolutes Vertrauen zu dir.,I have absolute confidence in you.
noun,Augenblick,moment,"der Augenblick, -e",Ich wollte gerade parken. In dem Augenblick ist ein Wagen aus der Ausfahrt gekommen.,"I was just about to park. At that moment, a car came out of the exit.","Einen Augenblick, bitte!","One moment, please!",Im Augenblick sind keine Plätze frei.,There are no places available at the moment.
noun,Bescheid,"information, notice","der Bescheid, -e",Den endgültigen Bescheid erhalten Sie in etwa vier Wochen.,You will receive the final decision in about four weeks.
noun,Ziel,goal,"das Ziel, -e",Ich will die Prüfung unbedingt schaffen. Das ist mein Ziel.,I really want to pass the exam. That is my goal.
other,Bescheid sagen,to let someone know,Bescheid sagen,Ich erkundige mich nach den Terminen und sage Ihnen dann Bescheid.,I will inquire about the dates and then let you know.
noun,Bewegung,movement,"die Bewegung, -en",Sie brauchen mehr Bewegung. Sie müssen regelmäßig spazieren gehen.,You need more exercise. You need to go for regular walks.
other,Bescheid geben,to let someone know,Bescheid geben,Kannst du mir bis morgen Bescheid geben?,Can you let me know by tomorrow?
other,"welcher, welche, welches",which,"welcher, welche, welches",Welcher Tag ist heute?,What day is it today?,Welchen Kurs hast du gemacht?,Which course did you do?
verb,zahlen,to pay,"zahlen, zahlt, zahlte, hat gezahlt","Herr Ober, zahlen bitte!","Waiter, please pay!",Ich hatte keinen Fahrschein und musste 60 Euro Strafe zahlen.,I didn't have a ticket and had to pay a fine of 60 euros.,Wir müssen im nächsten Jahr mehr Steuern zahlen.,We will have to pay more taxes next year.
noun,Anfang,beginning,"der Anfang, ¨-e",Wie war der Film? – Ich habe nur den Anfang gesehen.,How was the movie? - I only saw the beginning.,Am Anfang habe ich bei der Arbeit viele Fragen gestellt.,"In the beginning, I asked a lot of questions at work.",Mein Chef ist Anfang fünfzig.,My boss is in his early fifties.,"Meine Mutter war von Anfang an dagegen, dass ich nach Berlin ziehe.",My mother was against me moving to Berlin right from the start.,Wir machen Anfang Juli Ferien.,We go on vacation at the beginning of July.,Meine Freundin wohnt am Anfang der Straße.,My girlfriend lives at the beginning of the street.
verb,legen,to lay,"legen, legt, legte, hat gelegt",Ich habe Ihnen die Briefe auf den Schreibtisch gelegt.,I have put the letters on your desk.,Legen Sie die Zeitungen bitte dort ins Regal.,Please put the newspapers on the shelf there.
noun,"Anwalt, Anwältin","lawyer, attorney","der Anwalt, ¨-e die Anwältin, -nen",Ich werde das nicht bezahlen. Ich möchte zuerst mit meinem Anwalt sprechen.,I'm not going to pay that. I would like to speak to my lawyer first.
other,offen,open,offen,Komm rein. Die Haustür ist offen. (A) (D: auf),Come in. The front door is open. (A) (D: open),"Ich glaube, der Supermarkt ist jetzt noch offen.",I think the supermarket is still open now.,Im Sommer schlafe ich immer bei offenem Fenster.,In summer I always sleep with the window open.,Ich habe mit meinem Kollegen ganz offen über mein Problem gesprochen.,I spoke openly with my colleague about my problem.,Einzelne Fragen sind noch offen.,Some questions are still open.
noun,Bier,beer,"das Bier, -e","Ein Bier, bitte!","A beer, please!"
noun,"Partner, Partnerin",partner,"der Partner, - die Partnerin, -nen",Wir haben das Geschäft zusammen. Wir sind Partner.,We have the business together. We are partners.,Beide Partner kümmern sich um die Kinder.,Both partners look after the children.,Herr Aydin ist mein Geschäftspartner.,Mr. Aydin is my business partner.
other,klein,small,klein,Unsere Wohnung ist klein.,Our apartment is small.,Unser Kind ist noch klein.,Our child is still small.,Wir machen am Sonntag einen kleinen Ausflug.,We're going on a little excursion on Sunday.
other,süß,"sweet, cute",süß,Ich esse gern süße Sachen.,I like to eat sweet things.,Das ist aber ein süßes Baby!,What a cute baby!
noun,Finger,finger,"der Finger, -",Alessandro hat sich in den Finger geschnitten.,Alessandro has cut his finger.
noun,Ehe,marriage,"die Ehe, -n",Sie hat zwei Kinder aus erster Ehe.,She has two children from her first marriage.
noun,Rolle,role,"die Rolle, -n",Die Schauspielerin hat ihre Rolle sehr gut gespielt.,The actress played her role very well.,Geld spielt in diesem Fall keine Rolle.,Money plays no role in this case.
noun,Hochzeit,wedding,"die Hochzeit, -en",Claudia und Peter wollen ihre Hochzeit groß feiern.,Claudia and Peter want to celebrate their wedding in style.,Zu dieser Hochzeit kommen mehr als fünfzig Gäste.,More than fifty guests attend this wedding.
other,wach,awake,wach,Bist du schon lange wach?,Have you been awake long?,Ich bin gerade wach geworden.,I have just woken up.
noun,Arm,arm,"der Arm, -e",Mein Freund hat sich den Arm gebrochen.,My friend broke his arm.
other,arm,poor,arm,Die Regierung hilft armen Nachbarländern.,The government helps poor neighboring countries.,Ich hätte gerne 200 g fettarmen Käse.,I would like 200 g of low-fat cheese.
noun,"Chef, Chefin",boss,"der Chef, -s die Chefin, -nen","Das kann ich nicht allein entscheiden, da muss ich erst die Chefin fragen.","I can't decide that on my own, I have to ask the boss first."
verb,benutzen,to use,"benutzen, benutzt, benutzte, hat benutzt",Benutzen Sie bitte die öffentlichen Verkehrsmittel.,Please use public transportation.
other,hoffentlich,hopefully,hoffentlich,Hoffentlich hat unser Zug keine Verspätung.,Hopefully our train won't be late.
verb,tanzen,to dance,"tanzen, tanzt, tanzte, hat getanzt",Auf der Hochzeit haben wir viel getanzt.,We danced a lot at the wedding.
verb,ansehen,"to look at, view","ansehen, sieht an, sah an, hat angesehen",Warum siehst du mich so erschrocken an?,Why are you looking at me so shocked?,Darf ich eure Urlaubsfotos ansehen?,May I see your vacation photos?
noun,Zuhause,home,das Zuhause,Ich fühle mich hier wohl. Das ist mein Zuhause.,I feel comfortable here. This is my home.
other,wunderbar,wonderful,wunderbar,Im ganzen Urlaub hatten wir wunderbares Wetter.,We had wonderful weather throughout our vacation.,Diese Schokolade schmeckt wunderbar.,This chocolate tastes wonderful.
noun,Reise,journey,"die Reise, -n",Wir haben eine Reise nach Österreich gebucht.,We have booked a trip to Austria.,Auf der Reise haben wir nette Leute kennengelernt.,We got to know nice people on the trip.
noun,Dame,"lady, checkers","die Dame, -n",Sie ist eine nette alte Dame.,She is a nice old lady.,Meine Damen und Herren!,Ladies and gentlemen!,Sehr geehrte Damen und Herren.,Ladies and Gentlemen.
other,irgendwann,at some point,irgendwann,Ich habe Sie irgendwann schon mal gesehen.,I've seen you before at some point.
noun,Raum,room,"der Raum, ¨-e",Getränke gibt es im Raum nebenan.,Drinks are available in the room next door.
other,heiß,hot,heiß,Für die Jahreszeit ist es zu heiß.,It's too hot for the time of year.,Ich mache dir einen heißen Tee.,I'll make you some hot tea.
noun,Foto,photo,"das Foto, -s",Können Sie dieses Foto vergrößern?,Can you enlarge this photo?
other,kalt,cold,kalt,Es ist kalt heute.,It's cold today.,Du hast ja ganz kalte Hände.,Your hands are really cold.,Das Mittagessen ist kalt geworden.,Lunch has gone cold.,Abends essen wir immer kalt.,We always eat cold in the evening.,Wir hatten einen kalten Winter.,We had a cold winter.,Mir ist kalt. Mach bitte die Heizung an.,I'm cold. Please turn on the heating.
other,bisher,so far,bisher,Bisher ist alles in Ordnung.,Everything is fine so far.
other,unbedingt,"absolute(ly), really",unbedingt,Ich muss unbedingt mit dir sprechen.,I really need to talk to you.
noun,Zug,train,"der Zug, ¨-e",Unser Zug hatte 40 Minuten Verspätung.,Our train was 40 minutes late.,Ich fahre gern mit dem Zug.,I like traveling by train.
other,aller-,most (beautiful etc.),aller-,"Am allerbesten ist es, wenn du dich ins Bett legst und lange schläfst. Dann wirst du schnell wieder gesund.",The best thing to do is to lie in bed and sleep for a long time. Then you'll recover quickly.,"Das ist das Allerschönste, was ich je gesehen habe.",This is the most beautiful thing I have ever seen.
verb,schießen,to shoot,"schießen, schießt, schoss, hat geschossen",Unsere Mannschaft hat ein Tor geschossen.,Our team scored a goal.
other,müde,tired,müde,Ich bin müde. Ich gehe schlafen.,I am tired. I'm going to sleep.
noun,Brief,letter,"der Brief, -e",Ich schreibe nicht gern Briefe.,I don't like writing letters.
noun,Sucht,addiction,"die Sucht, ¨-e",Die Sucht nach Medikamenten nimmt zu.,Addiction to medication is on the rise.,Er kämpft gegen seine Alkoholsucht.,He fights against his alcohol addiction.,Das Internet kann zur Sucht werden.,The Internet can become an addiction.
other,bekannt,known,bekannt,Ein Onkel von mir ist ein bekannter Politiker.,An uncle of mine is a well-known politician.,Dieses Lied ist sehr bekannt.,This song is very well known.
noun,Unfall,accident,"der Unfall, ¨-e",Ich hatte letzte Woche einen Unfall.,I had an accident last week.
other,dahin,"(to) there, (until) then",dahin,Der Zug kommt in 30 Minuten. Bis dahin können wir einen Kaffee trinken.,The train arrives in 30 minutes. Until then we can have a coffee.
noun,Kontrolle,control,"die Kontrolle, -n",An den Grenzen gibt es kaum noch Kontrollen.,There are hardly any checks at the borders.,Fahrkartenkontrolle! Bitte Ihre Fahrkarten!,Ticket inspection! Your tickets please!
noun,Beispiel,example,"das Beispiel, -e",Können Sie mir ein Beispiel sagen?,Can you give me an example?,"Mein Freund hat viele Hobbys wie zum Beispiel Kochen, Tanzen, Fußballspielen.","My boyfriend has lots of hobbies, such as cooking, dancing and playing soccer.","Hier gibt’s so viele Sachen: beispielsweise Wurst, Obst, Brot …","There are so many things here: sausage, fruit, bread, for example..."
verb,schlagen,to beat,"schlagen, schlägt, schlug, hat geschlagen",Wer hat den Weltmeister geschlagen?,Who beat the world champion?,Ich muss einen Nagel in die Wand schlagen. Wo ist der Hammer?,I have to hammer a nail into the wall. Where's the hammer?,Das Herz schlug mir bis zum Hals.,My heart was beating up to my neck.
other,wütend,angry,wütend,Warum bist du so wütend?,Why are you so angry?
noun,Vorsicht,caution,die Vorsicht (Sg.),Vorsicht! Der Teller ist heiß.,Watch out! The plate is hot.
verb,beweisen,to prove,"beweisen, beweist, bewies, hat bewiesen","Wir können beweisen, dass Sie bei Rot über die Ampel gefahren sind.",We can prove that you drove through a red light.
other,zumindest,at least,zumindest,"Ich möchte nicht in der Stadt wohnen, zumindest jetzt nicht, wenn die Kinder noch so klein sind.","I don't want to live in the city, at least not now when the children are still so small."
other,hübsch,pretty,hübsch,Wir haben eine hübsche Wohnung gefunden.,We have found a nice apartment.,Dietmars neue Freundin ist sehr hübsch.,Dietmar's new girlfriend is very pretty.
noun,Verbindung,connection,"die Verbindung, -en",Die Verbindung ist sehr gut. Ich kann direkt mit diesem Zug fahren und muss nicht umsteigen.,The connection is very good. I can travel directly on this train and don't have to change trains.,Kannst du bitte lauter sprechen? Die Verbindung ist sehr schlecht.,Can you please speak up? The connection is very bad.
other,tief,deep,tief,"Vorsicht, Kinder! Das Wasser ist hier sehr tief.","Careful, children! The water is very deep here.",Der Schrank ist drei Meter breit und 60 Zentimeter tief.,The cupboard is three meters wide and 60 centimeters deep.,Bitte jetzt tief einatmen!,Please take a deep breath now!
noun,Richtung,direction,"die Richtung, -en",Der Zug in Richtung Köln hat Verspätung.,The train to Cologne is late.,Wo ist der Bahnhof? In welche Richtung muss ich fahren?,Where is the station? In which direction do I have to go?
noun,Lage,location,"die Lage, -n",Wir suchen eine Wohnung an/in zentraler Lage.,We are looking for an apartment in a central location.
other,sowieso,anyway,sowieso,Willst du mir den Brief mitgeben? Ich gehe sowieso zur Post.,Do you want to give me the letter? I'm going to the post office anyway.
noun,Kraft,"force, strength","die Kraft, ¨-e",Für diese Arbeit braucht man viel Kraft.,You need a lot of strength for this work.
other,normal,normal,normal,Fehler zu machen ist doch ganz normal.,Making mistakes is quite normal.
noun,Geschenk,gift,"das Geschenk, -e",Vielen Dank für das Geschenk.,Thank you very much for the gift.
noun,Bar,bar,"die Bar, -s",Setzen wir uns doch an die Bar!,Let's sit down at the bar!,Ich treffe meine Freundin in der Hotelbar.,I meet my girlfriend in the hotel bar.
noun,Tasche,bag,"die Tasche, -n","Ich habe nicht viel Gepäck, nur eine Tasche.","I don't have much luggage, just one bag.",Meine Jacke hat keine Taschen.,My jacket has no pockets.
other,bar,cash,bar,Zahlen Sie bar?,Do you pay in cash?
noun,Hunger,hunger,der Hunger (Sg.),"Möchtest du Suppe? – Nein danke, ich habe keinen Hunger.","Would you like some soup? - No thanks, I'm not hungry."
verb,lügen,to lie,"lügen, lügt, log, hat gelogen",Du sollst nicht lügen.,Thou shalt not lie.,"Glaube nicht alles, was man dir sagt. Es ist oft gelogen.",Don't believe everything you're told. It is often a lie.
noun,Beziehung,relationship,"die Beziehung, -en",Wir haben gute Beziehungen zu unseren Nachbarn.,We have good relations with our neighbors.
noun,Preis,price,"der Preis, -e",Die Preise sind schon wieder gestiegen.,Prices have already risen again.,Wer hat den ersten Preis gewonnen?,Who won the first prize?
noun,Witz,joke,"der Witz, -e",Wir haben Witze erzählt und viel gelacht.,We told jokes and laughed a lot.
noun,Liste,list,"die Liste, -n",Was brauchen wir für die Party? – Mach doch eine Einkaufsliste.,What do we need for the party? - Make a shopping list.
other,neben,"next to, besides",neben + Akkusativ/Dativ,Neben mir ist noch ein Platz frei.,There is still a free seat next to me.,Darf ich mich neben dich setzen?,May I sit next to you?,Die Apotheke ist gleich links neben der Post.,The pharmacy is just to the left of the post office.
noun,Firma,company,"die Firma, Firmen",Seit wann arbeiten Sie bei dieser Firma?,How long have you been working for this company?
noun,Rücken,back,"der Rücken, -",Mir tut der Rücken weh.,My back hurts.
other,schrecklich,terrible,schrecklich,Heute ist eine schreckliche Hitze.,It's a terrible heat today.,Das Restaurant war schrecklich voll.,The restaurant was terribly crowded.,Ich finde dieses Kleid schrecklich.,I think this dress is terrible.,Auf der Autobahn ist ein schrecklicher Unfall passiert.,A terrible accident has happened on the highway.
other,verliebt,in love,verliebt,Ich bin in Francesco verliebt.,I am in love with Francesco.
verb,öffnen,to open,"öffnen, öffnet, öffnete, hat geöffnet",Wann öffnen die Geschäfte?,When do the stores open?,Kannst du bitte das Fenster öffnen?,Can you please open the window?,Kannst Du mir helfen? Ich kann die Dose nicht öffnen.,Can you help me? I can't open the can.,Du öffnest die Datei mit einem Doppelklick.,Double-click the file to open it.,Der Laden ist samstags bis 16 Uhr geöffnet.,The store is open on Saturdays until 4 pm.
noun,Boot,boat,"das Boot, -e",An diesem See kann man Boote mieten.,Boats can be hired on this lake.
other,seltsam,strange,seltsam,"Es ist seltsam, dass mein Bruder noch nicht hier ist.",It's strange that my brother isn't here yet.,Sie hörte ein seltsames Geräusch.,She heard a strange noise.
noun,Tante,aunt,"die Tante, -n","Die Familie meiner Mutter ist sehr groß, daher habe ich viele Tanten.","My mother's family is very large, so I have lots of aunts."
verb,erwarten,to expect,"erwarten, erwartet, erwartete, hat erwartet",Ich erwarte einen Anruf aus Berlin.,I'm expecting a call from Berlin.,Frau Müller erwartet ein Kind.,Mrs. Müller is expecting a child.,Wir hatten nichts anderes erwartet.,We had expected nothing less.,"Ich kann es gar nicht erwarten, euch wieder zu sehen.",I can't wait to see you again.
noun,Wunder,"miracle, wonder","das Wunder, -","Ich bin mit dem Fahrrad gestürzt. Es war ein Wunder, dass nichts Schlimmes passiert ist.",I had a fall on my bike. It was a miracle that nothing bad happened.,"Du isst zu viel Schokolade. Kein Wunder, dass die Hose nicht mehr passt.",You eat too much chocolate. No wonder your pants no longer fit.
other,sauer,sour,sauer,Die Äpfel sind mir zu sauer.,The apples are too sour for me.,Die Milch ist sauer.,The milk is sour.,Immer kommst du zu spät. Ich bin wirklich sauer auf dich.,You're always late. I'm really angry with you.
other,vermutlich,"probably, presumably",vermutlich,Vermutlich sagt er die Wahrheit.,He is probably telling the truth.
other,jung,young,jung,Für diesen Film bist du noch zu jung.,You're still too young for this movie.,Meine Mutter ist jung geblieben.,My mother is young at heart.,Claudia ist 21. – Was? Noch so jung?,Claudia is 21 - What? Still so young?,Ich habe sehr jung geheiratet.,I got married very young.,Bei uns im Haus wohnen viele junge Leute.,A lot of young people live in our house.,Mein Bruder ist zehn Jahre jünger als ich.,My brother is ten years younger than me.,Ich bin in unserer Familie die Jüngste.,I am the youngest in our family.
verb,aussehen,to look,"aussehen, sieht aus, sah aus, hat ausgesehen",Sie sehen wieder besser aus. Sind Sie wieder gesund?,You look better again. Are you healthy again?,Er sieht genauso aus wie sein Vater.,He looks just like his father.,"Es sieht so aus, als ob es bald regnen würde.",It looks like it's going to rain soon.
other,links,left,links,An der Kreuzung müssen Sie nach links abbiegen.,Turn left at the crossroads.,Gehen Sie die nächste Straße links.,Take the next street on the left.
verb,geboren werden,to be born,"geboren werden, wird geboren, wurde geboren, ist geboren worden",Wann und wo sind Sie geboren?,When and where were you born?
verb,erreichen,to reach,"erreichen, erreicht, erreichte, hat erreicht","Wenn wir uns beeilen, erreichen wir noch den 8-Uhr-Zug.","If we hurry, we can still catch the 8 o'clock train.",Bis 17 Uhr können Sie mich im Büro erreichen.,You can reach me in the office until 5 pm.,Auf diese Art erreichen Sie bei mir gar nichts.,You won't achieve anything with me this way.,Dieser Zug erreicht eine Geschwindigkeit von 200 km/h.,This train reaches a speed of 200 km/h.
noun,Punkt,"point, period","der Punkt, -e",Das Konzert beginnt um Punkt 20 Uhr.,The concert starts at 8 pm sharp.,Beim letzten Satz fehlt der Punkt.,The period is missing from the last sentence.,Diesen Punkt haben wir noch nicht besprochen.,We have not yet discussed this point.
noun,Kirche,church,"die Kirche, -n",Diese Kirche ist aus dem 12. Jahrhundert.,This church dates back to the 12th century.
verb,verraten,"to betray, reveal","verraten, verrät, verriet, hat verraten",Wer hat dir das Geheimnis verraten?,Who told you the secret?,"Sein Blick verriet mir, dass er verletzt ist.",His look told me that he was hurt.
other,selber,by oneself,selber,Sie will das selber machen.,She wants to do it herself.
noun,Geburtstag,birthday,"der Geburtstag, -e",Herzlichen Glückwunsch zum Geburtstag!,Happy birthday to you!
noun,Haut,skin,"die Haut, -e",Haben Sie eine Creme für trockene Haut?,Do you have a cream for dry skin?
other,reich,rich,reich,"Wenn ich reich wäre, würde ich eine Weltreise machen.","If I were rich, I would go on a trip around the world."
other,traurig,sad,traurig,Ich bin traurig. Ich darf nicht mitfahren.,I am sad. I'm not allowed to go.,Das war ein sehr trauriger Film.,That was a very sad movie.
noun,Anruf,(phone) call,"der Anruf, -e",Ich warte auf einen Anruf aus Berlin.,I'm waiting for a call from Berlin.
noun,Karte,"map, card, ticket","die Karte, -n",Schreibst du mir eine Karte aus dem Urlaub?,Will you write me a card from your vacation?,Diese Karte gilt nur für die 2. Klasse.,This card is only valid for 2nd class.,Hast du schon die Karten für das Konzert abgeholt?,Have you picked up your tickets for the concert yet?,Haben Sie eine Karte von Norddeutschland?,Do you have a map of northern Germany?,"Herr Ober, bitte die Speisekarte.","Waiter, the menu please.",Spielen Sie Karten?,Do you play cards?
other,diesmal,this time,diesmal,Die letzten Spiele haben wir verloren. Diesmal haben wir zum Glück gewonnen.,"We lost the last few games. Fortunately, we won this time."
other,schade,a pity/shame,schade,Ich kann leider nicht mitkommen. – Das ist aber schade!,"Unfortunately, I can't come with you. - But that's a shame!","Schade, dass du nicht mitkommen kannst.",Too bad you can't come with us.
other,persönlich,personal(ly),persönlich,Hier gibt es zu viele Autos. Das ist meine persönliche Meinung.,There are too many cars here. That's my personal opinion.,Ich muss Herrn Meier persönlich sprechen.,I need to speak to Mr. Meier personally.
noun,Sonne,sun,"die Sonne, -n",Das Wetter ist schön. Die Sonne scheint.,The weather is nice. The sun is shining.,Ich habe zu lange in der Sonne gelegen.,I've been lying in the sun for too long.
other,lieb,"kind, dear",lieb,Die Kinder waren heute sehr lieb.,The children were very sweet today.,Vielen Dank für deine Hilfe. Das ist sehr lieb von dir.,Thank you very much for your help. That's very kind of you.,Liebe Frau Meier!,Dear Mrs. Meier!
other,nämlich,namely,nämlich,Ich muss leider gehen. Ich habe nämlich noch einen Termin beim Zahnarzt.,"Unfortunately, I have to go. I namely have an appointment at the dentist."
noun,"Professor, Professorin",professor,"der Professor, -en die Professorin, -nen",Unsere Nachbarin ist Professorin an der Universität.,Our neighbor is a professor at the university.
noun,Gericht,"court, dish","das Gericht, -e",Ich habe heute Vormittag einen Termin beim Gericht.,I have an appointment with the court this morning.,Mein Lieblingsgericht ist Pizza.,My favorite dish is pizza.
noun,Nase,nose,"die Nase, -n",Haben Sie Nasentropfen? Ich bin stark erkältet.,Do you have any nose drops? I have a bad cold.
other,ewig,"eternal, forever",ewig,Ich warte schon ewig auf mein neues Auto!,I've been waiting forever for my new car!
verb,singen,to sing,"singen, singt, sang, hat gesungen",Ich singe gern.,I like to sing.,"Ich kann heute nicht singen, ich bin erkältet.","I can't sing today, I have a cold."
noun,Bank,bench,"die Bank, ¨-e","Kommt, wir setzen uns auf die Bank da vorne.","Come on, let's sit on the bench in front."
noun,Bank,bank,"die Bank, -en",Bei welcher Bank haben Sie Ihr Konto?,Which bank do you have your account with?
noun,Fuß,foot,"der Fuß, ¨-e",Er hat sich den linken Fuß gebrochen.,He has broken his left foot.,Sind Sie zu Fuß gekommen?,Did you come on foot?
noun,Überraschung,surprise,"die Überraschung,-en",Ich habe eine Überraschung für dich.,I have a surprise for you.,"Das ist ja eine Überraschung. Ich dachte, du bist im Urlaub.",That's quite a surprise. I thought you were on vacation.
noun,Geheimnis,"secret, mystery","das Geheimnis, -se",Das kann ich dir nicht sagen. Das ist ein Geheimnis.,I can't tell you that. It's a secret.
noun,Kontakt,contact,"der Kontakt, -e",Ich habe wenig Kontakt zu meinen Kollegen.,I have little contact with my colleagues.
noun,Gold,gold,das Gold (Sg.),"Ist der Ring aus Gold? Nein, der sieht nur so aus.","Is the ring made of gold? No, it just looks like it."
noun,Wein,wine,"der Wein, -e",In diesem Restaurant gibt es sehr guten Wein.,This restaurant serves very good wine.
verb,erledigen,"to do, deal with, take of sth.","erledigen, erledigt, erledigte, hat erledigt",Diese zwei Pakete müssen zur Post. Könntest du das für mich erledigen?,These two parcels need to go to the post office. Could you do that for me?
other,gegenüber,opposite (of),gegenüber (von) + Dativ,Das Geschäft liegt direkt gegenüber der Post.,The store is located directly opposite the post office.,Dem Gast gegenüber ist das Rauchen nicht höflich.,Smoking is not polite towards the guest.,Das Café liegt gegenüber vom Bahnhof.,The café is opposite the train station.
noun,Schlaf,sleep,der Schlaf (Sg.),Das Kind macht jeden Tag nach dem Mittagessen einen kurzen Schlaf.,The child takes a short nap every day after lunch.,Genügend Schlaf ist wichtig für die Gesundheit.,Getting enough sleep is important for your health.
noun,Lust,desire,"die Lust, ¨-e",Ich habe keine Lust zu grillen.,I don't feel like barbecuing.,Hast du Lust auf einen Tee?,Fancy a cup of tea?
other,wunderschön,beautiful,wunderschön,Wir haben einen Ausflug gemacht. Es war wunderschön.,We went on an excursion. It was wonderful.,Ich habe mir ein wunderschönes Kleid gekauft.,I bought myself a beautiful dress.
other,übrigens,by the way,übrigens,"Übrigens, kennst du schon die neuen Nachbarn?","By the way, have you met the new neighbors yet?"
noun,Heim,home,"das Heim, -e",Meine Oma wohnt in einem Seniorenheim.,My grandma lives in a retirement home.
other,heim,home,heim,Ich will jetzt heim.,I want to go home now.
verb,gehören,to belong to,"gehören, gehört, gehörte, hat gehört (zu + Dativ)",Gehört Ihnen das Haus?,Do you own the house?,Die CD gehört zum Lehrbuch.,The CD belongs to the textbook.
noun,Blick,view,"der Blick, -e",Von hier hat man einen tollen Blick über die Stadt.,From here you have a great view over the city.
noun,Besuch,visit,"der Besuch, -e",Wir bekommen Besuch.,We have a visitor.,Ich mache einen Besuch im Krankenhaus.,I pay a visit to the hospital.,Ich bin hier nur zu Besuch.,I'm just here for a visit.
verb,(sich) bewegen,to move,"bewegen, bewegt, bewegte, hat bewegt (sich)",Ich kann mich vor Schmerzen kaum noch bewegen.,I can hardly move because of the pain.,Ich kann meinen Finger nicht mehr bewegen.,I can no longer move my finger.,Beide Zwillinge sprechen und bewegen sich auf ähnliche Art.,Both twins talk and move in a similar fashion.
verb,antworten,"to answer, reply (to)","antworten, antwortet, antwortete, hat geantwortet (auf + Akkusativ)",Jorge hat seit drei Wochen nicht auf meinen Brief geantwortet.,Jorge hasn't replied to my letter for three weeks.
noun,Hoffnung,hope,"die Hoffnung, -en",Man darf die Hoffnung nicht verlieren.,We must not lose hope.
verb,stecken,"to put, be","stecken, steckt, steckte, hat gesteckt",Wo ist denn mein Pass? Ich hatte ihn doch in die Handtasche gesteckt.,Where's my passport? I put it in my handbag.,Du kannst reingehen. Der Schlüssel steckt.,You can go in. The key is inserted.,Die Zeitung steckt im Briefkasten.,The newspaper is in the letterbox.
other,rechts,right,rechts,An der nächsten Kreuzung müssen Sie rechts abbiegen.,Turn right at the next intersection.,Der Bahnhof ist da vorne rechts.,The station is in front on the right.
other,interessant,interesting,interessant,Ich habe einen interessanten Bericht gelesen.,I read an interesting report.,Den Artikel über Brasilien finde ich sehr interessant.,I find the article about Brazil very interesting.
verb,(sich) entscheiden,to decide (on),"(sich) entscheiden, entscheidet, entschied, hat entschieden (für + Akkusativ)","Das kann ich nicht allein entscheiden, da muss ich erst fragen.","I can't decide that on my own, I have to ask first.",Für welchen Anzug haben Sie sich entschieden?,Which suit did you choose?
other,miteinander,with each other,miteinander,Sprechen Sie bitte miteinander.,Please talk to each other.
other,stilistisch,stylistic,stilistisch,Der Text ist stilistisch sehr schön.,The text is stylistically very beautiful.
other,indem,by (doing sth.),indem,"Du kannst die Datei öffnen, indem du hier klickst.",You can open the file by clicking here.
verb,wohnen,to live,"wohnen, wohnt, wohnte, hat gewohnt",Wir wohnen in einem alten Haus.,We live in an old house.,Ich wohne in München.,I live in Munich.,Wohnst du noch bei deinen Eltern?,Are you still living with your parents?
other,weder … noch,neither ... nor,weder … noch,Für Urlaub haben wir weder Zeit noch Geld.,We have neither time nor money for vacations.
noun,Möglichkeit,"possibility, option","die Möglichkeit, -en",Sie wollen ans Meer? Da gibt es mehrere Möglichkeiten.,You want to go to the sea? There are several options.
other,kaputt,broken,kaputt,Unsere Waschmaschine ist kaputt.,Our washing machine is broken.,Ich bin noch ganz kaputt von der Reise.,I'm still exhausted from the trip.
noun,Flugzeug,airplane,"das Flugzeug, -e",Das Flugzeug ist gerade gelandet.,The plane has just landed.
noun,Vergangenheit,the past,"die Vergangenheit, -en",In der Vergangenheit war das anders.,It was different in the past.
noun,Tee,tea,"der Tee, -s",Bitte einen Tee mit Zitrone.,"A tea with lemon, please.",Was kostet dieser Tee hier?,How much is this tea here?
other,entweder ... oder,either ... or,entweder ... oder,"Nur einer kann gewinnen, entweder du oder ich.","Only one person can win, either you or me."
verb,aufhalten,"to stay, hold up, stop","aufhalten, hält auf, hielt auf, hat aufgehalten",Wo hält er sich gerade auf? – In München.,Where is he at the moment? - In Munich.,Darf ich Ihnen die Tür aufhalten?,May I hold the door for you?,"Entschuldigen Sie die Verspätung, ich wurde aufgehalten.","Sorry I'm late, I was held up."
other,sauber,clean,sauber,Bringen Sie mir bitte ein sauberes Glas!,Please bring me a clean glass!,Ich muss noch das Bad sauber machen.,I still have to clean the bathroom.
other,nervös,nervous,nervös,Das Warten macht mich ganz nervös.,The wait makes me nervous.,Bei Prüfungen bin ich immer sehr nervös.,I'm always very nervous during exams.
noun,Gesellschaft,"society, company","die Gesellschaft, -en",Er will die Gesellschaft verändern.,He wants to change society.,Meine Frau arbeitet bei einer Versicherungsgesellschaft.,My wife works for an insurance company.,Ich fühle mich in großer Gesellschaft wohl.,I feel comfortable in good company.
verb,(sich) verstecken,to hide,"(sich) verstecken, versteckt, versteckte, hat versteckt",Ich habe das Geld hinter dem Regal versteckt.,I hid the money behind the shelf.,Die Kinder verstecken sich im Wald.,The children hide in the forest.
other,schuldig,guilty,schuldig,"Was bin ich Ihnen schuldig? – 50 Euro, bitte.","What do I owe you? - 50 euros, please."
noun,Hals,"throat, neck","der Hals, ¨-e",Mir tut der Hals weh.,My throat hurts.,Ich habe seit gestern Halsschmerzen.,I have had a sore throat since yesterday.
verb,schützen,to protect,"schützen, schützt, schützte, hat geschützt",Diese Impfung schützt vor Grippe.,This vaccination protects against influenza.
verb,besuchen,to visit,"besuchen, besucht, besuchte, hat besucht",Besuchen Sie uns doch mal.,Why not pay us a visit?,Sie müssen noch einen Kurs besuchen.,You still need to attend a course.
verb,passen,to fit,"passen, passt, passte, hat gepasst",Der Pullover passt mir nicht mehr.,The sweater no longer fits me.,Wann soll ich kommen? Passt es Ihnen morgen Abend?,When should I come? Is tomorrow evening convenient for you?,Passt das T-Shirt zu diesem Rock?,Does the T-shirt go with this skirt?
verb,erhalten,"to receive, preserve","erhalten, erhält, erhielt, hat erhalten",Ihr Schreiben vom 3. Januar haben wir erhalten.,We have received your letter dated January 3.,"Es ist wichtig, in der Stadt Grünflächen zu erhalten.",It is important to preserve green spaces in the city.
verb,teilen,to share,"teilen, teilt, teilte, hat geteilt",Mein Mann und ich teilen uns die Arbeit.,My husband and I share the work.,Wollen wir uns eine Pizza teilen?,Shall we share a pizza?,Was machst du mit dem Gewinn? – Ich teile ihn mit meiner Familie.,What are you doing with the winnings? - I share it with my family.
noun,Gebäude,building,"das Gebäude, -",In diesem Gebäude sind nur Büros.,There are only offices in this building.
noun,Zeichen,"sign, signal","das Zeichen, -","Bitte fangen Sie erst an, wenn ich Ihnen ein Zeichen gebe.",Please don't start until I give you a signal.
noun,"Richter, Richterin",judge,"der Richter, - die Richterin, -nen",Der Richter hat noch kein Urteil gesprochen.,The judge has not yet passed judgment.
noun,Küche,kitchen,"die Küche, -n","Ich suche eine Wohnung mit drei Zimmern, Küche und Bad.","I am looking for an apartment with three rooms, kitchen and bathroom.",Ich mag die deutsche Küche.,I like German cuisine.
noun,Vergnügen,pleasure,"das Vergnügen, -","Es ist ein Vergnügen, den Kindern beim Spielen zuzusehen.",It's a pleasure to watch the children play.,Ich wünsche dir viel Vergnügen bei der Party!,I hope you enjoy the party!
verb,sich vergnügen,to have fun,"sich vergnügen, vergnügt sich, vergnügte sich, hat sich vergnügt",Auf der Party habe ich mich sehr vergnügt.,I had a great time at the party.
verb,feiern,to celebrate,"feiern, feiert, feierte, hat gefeiert",Wir haben gestern Karls Geburtstag gefeiert.,We celebrated Karl's birthday yesterday.
noun,Situation,situation,"die Situation, -en",Ich bin in einer schwierigen Situation.,I am in a difficult situation.
other,allerdings,"however, certainly",allerdings,"Wir können uns morgen treffen, allerdings habe ich erst ab Mittag Zeit.","We can meet tomorrow, but I'm not free until midday."
noun,Rat,"advice, council",der Rat (Sg.),Was soll ich machen? Können Sie mir einen Rat geben?,What should I do? Can you give me any advice?
other,Achtung!,Attention!,Achtung!,"Achtung, hier endet die Straße!","Attention, the road ends here!"
noun,Kamera,camera,"die Kamera, -s",Ich habe eine ganz neue Kamera.,I have a brand new camera.
noun,Glückwunsch,congratulations,"der Glückwunsch, ¨-e",Herzlichen Glückwunsch zum Geburtstag!,Happy birthday to you!
other,statt,instead of,statt + Dativ/Genitiv,Kann ich diese Woche statt Donnerstag am Freitag kommen?,Can I come on Friday instead of Thursday this week?
verb,übernehmen,to take over,"übernehmen, übernimmt, übernahm, hat übernommen.",Ich habe das Geschäft von meinem Vater übernommen.,I took over the business from my father.
noun,Gegend,"region, area","die Gegend, -en",Der Schwarzwald ist eine sehr schöne Gegend.,The Black Forest is a very beautiful region.,Die Schule muss hier in der Gegend sein.,The school must be in the area.
noun,Wald,forest,"der Wald, ¨-er",Hinter unserem Haus fängt der Wald an.,The forest begins behind our house.,Ich gehe gern im Wald spazieren.,I like going for walks in the forest.
verb,erkennen,to recognize,"erkennen, erkennt, erkannte, hat erkannt",Ich habe Roberto gleich an seiner Stimme erkannt.,I recognized Roberto immediately by his voice.,Auf dem Foto kann man kaum etwas erkennen.,You can hardly see anything in the photo.,"Ich habe erkannt, dass es ein Fehler war, den Kurs nicht fertigzumachen.",I realized that it was a mistake not to finish the course.
noun,Glas,glass,"das Glas, ¨-er","Vorsicht, die Kanne ist aus Glas!","Be careful, the jug is made of glass!",Eine Flasche Mineralwasser und zwei Gläser bitte!,A bottle of mineral water and two glasses please!,Ein Glas Bier bitte.,A glass of beer please.
other,verantwortlich,responsible,verantwortlich,Sie sind für Ihre Kinder verantwortlich.,You are responsible for your children.
other,"herein-, rein-",in,"herein-, rein-",Kommt doch herein!,Come on in!
noun,Kleid,dress,"das Kleid, -er",Ich habe mir ein neues Kleid gekauft.,I bought myself a new dress.
verb,zerstören,to destroy,"zerstören, zerstört, zerstörte, hat zerstört",Der Sturm hat viele Häuser zerstört.,The storm destroyed many houses.
noun,Gesetz,law,"das Gesetz, -e",Das Parlament hat ein neues Gesetz beschlossen.,Parliament has passed a new law.
other,gemeinsam,together,gemeinsam,Du musst die Wohnung renovieren? Ich helfe dir. Wir können das gemeinsam machen.,Need to renovate your apartment? I'll help you. We can do it together.,Wir benutzen die Garage gemeinsam mit dem Nachbarn.,We use the garage together with the neighbor.
noun,Schritt,step,"der Schritt, -e",Die Sprachschule ist nur ein paar Schritte von hier.,The language school is just a few steps away.,Du musst der Anleitung Schritt für Schritt folgen.,You must follow the instructions step by step.
verb,beginnen,to start,"beginnen, beginnt, begann, hat begonnen",In zwei Wochen beginnen die Sommerferien.,The summer vacation starts in two weeks.
other,ungefähr,"approximate(ly), about",ungefähr,"Wie weit ist es bis zum Bahnhof? – Nicht weit, ungefähr zehn Minuten zu Fuß.","How far is it to the station? - Not far, about ten minutes on foot."
noun,Aufgabe,task,"die Aufgabe, -n",Hast du deine Hausaufgaben für die Schule schon gemacht?,Have you done your homework for school yet?,Das ist nicht meine Aufgabe.,That is not my job.
other,furchtbar,terrible,furchtbar,Dennis hat furchtbare Schmerzen.,Dennis is in terrible pain.,Das war mir furchtbar unangenehm.,That was terribly unpleasant for me.
other,übrig,left (over),übrig,Ist noch etwas zu essen übrig?,Is there any food left?
noun,Spur,"track, trace","die Spur, -en","Fahren Sie bitte auf der linken Spur, wenn Sie schneller fahren.",Please drive in the left lane if you are driving faster.
verb,melden,"to report, answer","melden, meldet, meldete, hat gemeldet",Ich habe schon zweimal angerufen. Aber es meldet sich niemand.,I have already called twice. But no one answers.,Den Unfall müssen Sie der Versicherung melden.,You must report the accident to the insurance company.,Warum hast du dich so lange nicht gemeldet? Warst du krank?,Why haven't you been in touch for so long? Were you ill?
verb,werfen,to throw,"werfen, wirft, warf, hat geworfen",Die Kinder haben Steine ins Wasser geworfen.,The children threw stones into the water.
noun,Freude,joy,"die Freude, -n",Diese Arbeit macht mir viel Freude.,I really enjoy this work.
verb,verzeihen,to forgive,"verzeihen, verzeiht, verzieh, hat verziehen",Das werde ich ihm nie verzeihen können.,I will never be able to forgive him for that.
noun,Adresse,address,"die Adresse, -n",Hast du schon meine neue Adresse?,Do you already have my new address?
noun,Messer,knife,"das Messer, -",Das Messer schneidet nicht gut.,The knife does not cut well.
other,gesund,healthy,gesund,Ich hatte Grippe. Jetzt bin ich wieder gesund.,I had the flu. Now I'm healthy again.,Zu viel Zucker ist nicht gesund.,Too much sugar is not healthy.
noun,Respekt,respect,der Respekt (Sg.),Ich habe großen Respekt vor meinem Lehrer.,I have great respect for my teacher.,Du solltest ihr mehr Respekt entgegenbringen.,You should show her more respect.,Ich habe bei der Prüfung alle Punkte erreicht! – Respekt!,I scored all the points in the exam! - Respect!
other,pro,per,pro,Eintritt pro Person: zwei Euro.,Admission per person: two euros.
verb,leisten,"to afford, perform","leisten, leistet, leistete, hat geleistet",So ein teures Auto kann ich mir leider nicht leisten.,"Unfortunately, I can't afford such an expensive car.",Bei einem Unfall muss jeder Erste Hilfe leisten.,"In the event of an accident, everyone must provide first aid."
verb,(hinunter) runterwerfen,to throw down,"(hinunter) runterwerfen, wirft runter, warf runter, hat runtergeworfen",Kannst du mir bitte den Schlüssel runterwerfen? Ich habe meinen vergessen.,Can you please throw me the key? I've forgotten mine.
verb,bedeuten,to mean,"bedeuten, bedeutet, bedeutete, hat bedeutet",Was bedeutet dieses Wort?,What does this word mean?,"Ich bin krank. Das bedeutet, dass ich heute nicht arbeiten kann.",I am ill. That means I can't work today.
noun,Ball,ball,"der Ball, ¨-e",Ich spiele gern mit meinen Kindern Ball.,I like playing ball with my children.
noun,Hälfte,half,"die Hälfte, -n",Bitte teilt euch die Schokolade. Jeder bekommt die Hälfte.,Please share the chocolate. Everyone gets half.,Die Hälfte vom Urlaub ist schon vorbei.,Half of the vacation is already over.,Was hat der Mann gesagt? Ich habe nur die Hälfte verstanden.,What did the man say? I only understood half of it.
noun,Gruppe,group,"die Gruppe, -n",Für Gruppen gibt es eine Ermäßigung.,There is a discount for groups.
verb,(sich) drehen,"to turn, revolve around (um)","(sich) drehen, dreht, drehte, hat gedreht (um + Akkusativ)",Drehen Sie zum Einschalten den Schalter nach rechts.,Turn the switch to the right to switch on.,Die Kinder drehen sich zur Musik im Kreis.,The children turn in circles to the music.,Bei Familie Huber dreht sich jetzt alles um das Baby.,"For the Huber family, everything now revolves around the baby."
noun,Eis,ice,das Eis (Sg.),Im Winter gibt es Eis und Schnee.,In winter there is ice and snow.,Bitte eine Cola ohne Eis.,"A Coke without ice, please."
noun,Eis,ice cream,"das Eis, - (D, A) → CH: Glace/Glacé",Zum Nachtisch gibt es Schokoladeneis.,For dessert there is chocolate ice cream.
noun,Erfolg,success,"der Erfolg, -e",Der Film war ein großer Erfolg.,The movie was a great success.,Ich wünsche Ihnen viel Erfolg bei der Prüfung.,I wish you every success with the exam.
other,zufrieden,satisfied (with),zufrieden (mit + Dativ),Meine Kinder haben heute Zeugnisse bekommen. Ich bin zufrieden.,My children got their report cards today. I am satisfied.,"Ich bin mit der Wohnung zufrieden. Sie ist nicht so groß, aber sie hat einen Balkon.","I'm happy with the apartment. It's not that big, but it has a balcony."
verb,danken,to thank (for),"danken, dankt, dankte, hat gedankt (für + Akkusativ)",Ich danke dir für die Einladung.,Thank you for the invitation.
verb,besorgen,"to get sb. sth., provide","besorgen, besorgt, besorgte, hat besorgt",Soll ich die Eintrittskarten besorgen?,Should I get the tickets?
verb,schließen,to close,"schließen, schließt, schloss, hat geschlossen","Bitte, schließen Sie die Tür.",Please close the door.,Die Banken sind am Samstag geschlossen.,The banks are closed on Saturday.,Wir schließen um 20.00 Uhr.,We close at 20.00 hrs.,Wann können wir den Mietvertrag abschließen?,When can we conclude the rental agreement?,Ich hatte die Papiere in den Schreibtisch eingeschlossen.,I had locked the papers in the desk.,Du kannst die Datei schließen. Ich bin fertig.,You can close the file. I am finished.,Sie mussten die Firma leider schließen.,"Unfortunately, they had to close the company."
other,worüber,what about,worüber,Worüber lachen Sie?,What are you laughing about?
verb,stimmen,"to be right, vote (for/against)","stimmen, stimmt, stimmte, hat gestimmt (für/gegen + Akkusativ)",Meine Adresse stimmt nicht mehr.,My address is no longer correct.,Das Wetter in Deutschland könnte besser sein. – Das stimmt.,The weather in Germany could be better. - That's right.,Die meisten Ratsmitglieder stimmten für die Resolution.,Most council members voted for the resolution.
noun,Bericht,report,"der Bericht, -e",Ich habe gestern einen interessanten Bericht gelesen.,I read an interesting report yesterday.
noun,Schmerz,pain,"der Schmerz, -en",Haben Sie Schmerzen?,Are you in pain?,Ich kann vor Schmerzen nicht laufen.,I can't walk because of the pain.
noun,Fernsehen,television,das Fernsehen (Sg.),Was gibt es heute Abend im Fernsehen?,What's on TV tonight?
verb,zu sein,to be closed,"zu sein, ist zu, war zu, ist zu gewesen",Am Sonntag sind die die meisten Läden zu.,Most stores are closed on Sunday.,Das Fenster war nicht zu.,The window was not closed.
verb,fernsehen,to television,"fernsehen, sieht fern, sah fern, hat ferngesehen",Meine Kinder dürfen abends nur eine Stunde fernsehen.,My children are only allowed to watch one hour of television in the evening.
other,schließlich,finally,schließlich,Ich musste lange warten. Aber schließlich habe ich den Job doch noch bekommen.,I had to wait a long time. But I finally got the job after all.,Ich helfe dir natürlich. Du bist schließlich mein Freund.,"I'll help you, of course. After all, you're my friend."
other,schwierig,difficult,schwierig,Die Prüfung war sehr schwierig.,The test was very difficult.
noun,Angebot,offer,"das Angebot, -e",Ich habe in der Zeitung ein paar günstige Wohnungsangebote gelesen.,I've read a few cheap apartment offers in the newspaper.,Der Käse ist heute im Angebot.,The cheese is on offer today.
other,nah(e),"near, close",nah(e),"Wie weit ist es zum Bahnhof? – Das ist ganz nah, nur zwei Minuten von hier.","How far is it to the station? - It's very close, just two minutes from here."
noun,Ring,ring,"der Ring, -e",Ich habe meinen Ring verloren.,I have lost my ring.
verb,rennen,to race,"rennen, rennt, rannte, ist gerannt","Ich bin sehr schnell gerannt, aber der Bus war schon weg.","I ran very fast, but the bus had already left."
noun,Lied,song,"das Lied, -er",Zu deinem Geburtstag singen wir dir ein Lied.,We'll sing you a song for your birthday.
other,fantastisch,fantastic,fantastisch,Die Aussicht ist fantastisch!,The view is fantastic!
noun,Insel,island,"die Insel, -n",Ich würde dieses Mal gern auf einer Insel Ferien machen.,I would like to go on vacation to an island this time.
verb,dauern,to last,"dauern, dauert, dauerte, hat gedauert",Wie lange dauert die Pause? – Eine halbe Stunde.,How long does the break last? - Half an hour.
other,daher,"therefore, from there",daher,"Ich bin erkältet, daher kann ich heute nicht kommen.","I have a cold, so I can't come today."
other,zufällig,"random, by chance",zufällig,Wir haben uns zufällig am Bahnhof getroffen.,We met by chance at the station.,Hast du zufällig meine Brille gesehen?,Did you happen to see my glasses?
noun,Dorf,village,"das Dorf, ¨-er",Unser Dorf liegt direkt an der Autobahn.,Our village is located directly on the highway.
other,mitten,in the middle,mitten,Wir haben eine Wohnung mitten in der Stadt.,We have an apartment in the middle of the city.,Das Flugzeug hatte Verspätung. Wir sind erst mitten in der Nacht angekommen.,The plane was delayed. We only arrived in the middle of the night.
other,einverstanden,"agreeable, agreed",einverstanden,"Als Termin schlage ich den 3. Mai vor. – Gut, einverstanden!","I suggest May 3 as the date. - Good, agreed!","Bist du einverstanden, wenn wir bald nach Hause gehen?",Are you okay if we go home soon?
verb,bauen,to build,"bauen, baut, baute, hat gebaut",Mein Nachbar hat ein Haus gebaut.,My neighbor has built a house.
verb,hängen,to hang,"hängen, hängt, hing/hängte, hat gehangen/gehängt",Das Bild hängt schief.,The picture hangs askew.,Hast du den Anzug wieder in den Schrank gehängt?,Did you put the suit back in the closet?
other,halb,half,halb,Treffen wir uns um halb neun?,Shall we meet at half past eight?,Bei dieser Firma habe ich ein halbes Jahr gearbeitet.,I worked for this company for six months.,Ich gebe Ihnen die Tomaten zum halben Preis.,I'll give you the tomatoes at half price.,Die Flasche ist ja noch halb voll.,The bottle is still half full.
other,leise,quiet,leise,Seid leise. Die anderen schlafen schon.,Be quiet. The others are already asleep.,Könntest du das Radio bitte etwas leiser stellen?,Could you please turn the radio down a little?
verb,unternehmen,"to undertake, do","unternehmen, unternimmt, unternahm, hat unternommen",Wollen wir heute Abend noch etwas unternehmen?,Shall we do something else tonight?
other,entlang,along,entlang + Akkusativ,Gehen Sie diese Straße entlang. Dann kommen Sie direkt zum Bahnhof.,Walk along this street. You will then come directly to the station.
verb,versprechen,to promise,"versprechen, verspricht, versprach, hat versprochen","Meine Mutter hat mir versprochen, mich abzuholen.",My mother promised to pick me up.
noun,Freiheit,freedom,"die Freiheit, -en","Wir wollen die Freiheit haben, unsere Meinung sagen zu können.",We want to have the freedom to express our opinion.
verb,verdienen,to earn,"verdienen, verdient, verdiente, hat verdient",In diesem Beruf verdient man gut.,You earn good money in this profession.,Er hat den Urlaub wirklich verdient.,He really deserves his vacation.
verb,(sich) unterhalten,"to chat (about), entertain","(sich) unterhalten, unterhält, unterhielt, hat unterhalten (über + Akkusativ)",Wir haben uns über das Fußballspiel unterhalten.,We talked about the soccer game.,Ich habe mich bei der Party sehr gut unterhalten.,I had a great time at the party.
noun,Schaden,damage,"der Schaden, ¨-",Ich hatte einen Unfall mit dem Auto. Jetzt muss ich den Schaden der Versicherung melden.,I had an accident with my car. Now I have to report the damage to the insurance company.
verb,schaden,"to damage, harm","schaden, schadet, schadete, hat geschadet",Ein kleines Glas Wein kann nicht schaden.,A small glass of wine can't hurt.
verb,beenden,to finish,"beenden, beendet, beendete, hat beendet",Du musst deine Ausbildung auf jeden Fall beenden.,You have to finish your training in any case.
noun,Park,park,"der Park, -s",Ich gehe gern im Park spazieren.,I like going for walks in the park.
verb,schätzen,"to esimate, value","schätzen, schätzt, schätzte, hat geschätzt","Wie alt ist der Chef? – Ich weiß nicht, ich schätze, um die Fünfzig.","How old is the boss? - I don't know, I guess around fifty.",Ich schätze deine gute Arbeit.,I appreciate your good work.
noun,Energie,energy,"die Energie, -n",Wir müssen Energie sparen.,We need to save energy.,"Abends habe ich keine Energie mehr, um Sport zu machen.","In the evening, I have no energy left to do sport."
noun,Fleisch,meat,das Fleisch (Sg.),Fleisch mag ich nicht.,I don't like meat.
other,besonder-,special,besonder-,Meine Eltern wollten uns mit dieser Reise eine ganz besondere Freude machen.,My parents wanted to give us a very special treat with this trip.
verb,reichen,"to reach, suffice","reichen, reicht, reichte, hat gereicht",Ich nehme nur eine Suppe. Das reicht mir.,I only have one soup. That's enough for me.,"Wie lange reicht das Papier noch? Ich glaube, wir müssen neues bestellen.",How long will the paper last? I think we'll have to order more.
noun,Zeitung,newspaper,"die Zeitung, -en",Ich lese manchmal Zeitung.,I sometimes read the newspaper.
other,worum,what about,worum,Kann ich Herrn Meier sprechen? – Worum geht es denn?,Can I speak to Mr. Meier? - What is this about?
other,betrunken,drunk,betrunken,"Wenn Sie betrunken Auto fahren, verlieren Sie Ihren Führerschein.","If you drive drunk, you will lose your driver's license."
noun,Gespräch,conversation,"das Gespräch, -e",Herr Müller ist gerade in einem Gespräch.,Mr. Müller is currently in a conversation.,Ich erwarte ein Gespräch aus Berlin.,I am expecting a conversation from Berlin.
verb,leiden,to suffer (from/due to),"leiden, leidet, litt, hat gelitten (an/unter + Dativ)",Er leidet an einer schweren Krankheit.,He suffers from a serious illness.,Sie leidet sehr unter den Verhältnissen.,She suffers greatly under the circumstances.
noun,See,lake,"der See, -n",Unser Hotel war direkt am See.,Our hotel was right on the lake.
noun,See,see,"die See, -n",Im Sommer fahren wir immer an die See.,We always go to the sea in summer.
noun,Unterschied,difference,"der Unterschied, -e","Können Sie mir sagen, was der Unterschied ist? Welche Fahrkarte ist günstiger?",Can you tell me what the difference is? Which ticket is cheaper?
noun,Wind,wind,"der Wind, -e",Der Wind kommt heute von Westen.,The wind is coming from the west today.
verb,schreien,to shout,"schreien, schreit, schrie, hat geschrien","Kinder, hört bitte auf, so laut zu schreien. – Ich muss arbeiten.","Children, please stop shouting so loudly. - I have to work.",Unser Baby hat heute Nacht viel geschrien.,Our baby cried a lot tonight.
noun,Wand,wall,"die Wand, ¨-e",Ich stelle das Regal rechts an die Wand.,I put the shelf on the right against the wall.,Die Wände sind hier sehr dünn. Man hört alles.,The walls are very thin here. You can hear everything.
noun,Bus,bus,"der Bus, -se",Ich fahre meistens mit dem Bus zur Arbeit.,I usually take the bus to work.
noun,Verhalten,behavior,das Verhalten (Sg.),Ich bewundere dein Verhalten in der schwierigen Situation.,I admire your behavior in this difficult situation.
noun,Loch,hole,"das Loch, ¨-er",Ich habe ein Loch im Zahn. Ich muss zum Zahnarzt.,I have a hole in my tooth. I have to go to the dentist.,"Deine Hose hat ein Loch. – Ich weiß, sie ist schon alt.",Your pants have a hole in them. - I know they're old.
noun,Interesse,interest,"das Interesse, -n","Ich habe viele Interessen: Sport, Lesen, Handarbeit, Tanzen","I have many interests: sport, reading, needlework, dancing"
verb,treten,"to step, kick","treten, tritt, trat, hat/ist getreten",Ich bin in ein Stück Glas getreten.,I stepped into a piece of glass.,Au! Du hast mich getreten!,Ouch! You kicked me!
verb,sich verhalten,to behave,"sich verhalten, verhält sich, verhielt sich, hat sich verhalten",Der Mann hat sich uns gegenüber merkwürdig verhalten.,The man behaved strangely towards us.
noun,"Polizist, Polizistin",policeman,"der Polizist, -en die Polizistin, -nen",Die Ampel war kaputt. Ein Polizist hat den Verkehr geregelt.,The traffic lights were broken. A policeman regulated the traffic.
noun,Flasche,bottle,"die Flasche, -n",Wo kann man die leeren Flaschen zurückgeben?,Where can I return the empty bottles?,Eine Flasche Bier bitte.,A bottle of beer please.
verb,fassen,"to catch, grasp","fassen, fasst, fasste, hat gefasst",Sie haben den Dieb gefasst.,They caught the thief.,"Ich habe den Entschluss gefasst, nach Wien zu ziehen.",I made the decision to move to Vienna.
noun,Meer,sea,"das Meer, -e",Wir machen immer Urlaub am Meer.,We always go on vacation by the sea.
noun,Maschine,machine,"die Maschine, -n",Ich habe eine neue Kaffeemaschine.,I have a new coffee machine.,Unsere Maschine soll um 7 Uhr 10 starten.,Our plane is due to take off at 7.10 am.
noun,Bein,leg,"das Bein, -e",Andreas hat sich das Bein gebrochen.,Andreas has broken his leg.
verb,verbringen,to spend (time),"verbringen, verbringt, verbrachte, hat verbracht",Wie haben Sie Ihren Urlaub verbracht?,How did you spend your vacation?
noun,Frühstück,breakfast,"das Frühstück, -e",Wir sitzen gerade beim Frühstück.,We are sitting down to breakfast.,Sollen wir Ihnen das Frühstück aufs Zimmer bringen?,Would you like us to bring breakfast to your room?
verb,aufpassen,"to watch out (for), look after","aufpassen, passt auf, passte auf, hat aufgepasst (auf + Akkusativ)",Tut mir leid. Da habe ich wohl nicht aufgepasst.,I'm sorry. I guess I wasn't paying attention.,Ich muss zu Hause bleiben und auf die Kinder aufpassen.,I have to stay at home and look after the children.
verb,sich freuen,"to be pleased about (über), look forward to (auf)","sich freuen, freut sich, freute sich, hat sich gefreut (auf/über + Akkusativ)","Es freut mich, dass alles so gut geklappt hat.",I'm delighted that everything went so well.,Ich habe mich über Ihr Geschenk sehr gefreut.,I was very pleased with your gift.,Ich freue mich schon auf meinen nächsten Urlaub.,I'm already looking forward to my next vacation.
other,offenbar,"apparently, obviously",offenbar,Das Restaurant ist heute offenbar geschlossen.,The restaurant is apparently closed today.
noun,Gelegenheit,opportunity,"die Gelegenheit, -en","Das Fest ist eine gute Gelegenheit, unsere Freunde zu sehen.",The festival is a good opportunity to see our friends.
noun,Lüge,lie,"die Lüge, -n",Das ist eine Lüge!,That is a lie!
verb,brechen,to break,"brechen, bricht, brach, hat gebrochen","Er hat sich beim Skifahren verletzt, sein Bein ist gebrochen.","He injured himself while skiing, his leg is broken.",Ich habe mir im Urlaub das Bein gebrochen.,I broke my leg on vacation.
noun,Zeitpunkt,"time, moment","der Zeitpunkt, e",Er ist krank. Das ist kein guter Zeitpunkt für einen Besuch.,He is ill. This is not a good time for a visit.
noun,Ecke,corner,"die Ecke, -n (D, CH) → A: Eck",Das Regal stellen wir hier in die Ecke.,We put the shelf here in the corner.,Das bekommen Sie im Kiosk an der Ecke.,You can get this at the kiosk on the corner.,Wo ist die Apotheke? ? Gleich um die Ecke.,Where is the pharmacy? ? Just around the corner.
noun,Brücke,bridge,"die Brücke, -n",Fahren Sie über die nächste Brücke und dann rechts.,Drive over the next bridge and then turn right.
noun,Druck,"pressure, push","der Druck, -e",Mit einem Knopfdruck schaltet man das Gerät ein.,The appliance is switched on at the touch of a button.,Wie hoch muss der Druck in den vorderen Reifen sein?,How high must the pressure in the front tires be?
noun,Nord-/Ostsee,north sea/baltic sea,die Nord-/Ostsee,Warst du schon mal an der Nord/Ostsee?,Have you ever been to the North/Baltic Sea?
noun,Oma,grandma,"die Oma, -s",Meine Oma ist achtzig Jahre alt geworden.,My grandma turned eighty years old.
noun,Auftrag,"order, assignment","der Auftrag, ¨-e",Ich komme im Auftrag von Frau Müller und soll Ihnen diesen Brief geben.,I have been commissioned by Mrs. Müller to give you this letter.,Im Moment hat die Firma besonders viele Aufträge.,The company has a particularly large number of orders at the moment.
other,leer,empty,leer,Das Restaurant war fast leer.,The restaurant was almost empty.,Die Kanne ist fast leer. Ich mache uns neuen Tee.,The pot is almost empty. I'll make us some more tea.
noun,Lösung,solution,"die Lösung, -en",Wir fahren alle zusammen mit dem Zug. Das ist die beste Lösung.,We all travel together by train. That's the best solution.,Die Aufgabe ist nicht schwer. Die Lösung ist ganz einfach.,The task is not difficult. The solution is quite simple.
noun,Pause,"break, pause","die Pause, -n",Wir machen zehn Minuten Pause.,We take a ten-minute break.
noun,Keller,cellar,"der Keller, -",Unser Keller ist nicht besonders groß.,Our cellar is not particularly large.
verb,weinen,to cry,"weinen, weint, weinte, hat geweint",Bitte nicht weinen. Du bekommst eine neue Puppe.,Please don't cry. You'll get a new doll.
verb,nutzen,to use,"nutzen, nutzt, nutzte, hat genutzt",Ich möchte das schöne Wetter nutzen und spazieren gehen.,I want to make the most of the nice weather and go for a walk.
verb,(sich) wünschen,to wish,"(sich) wünschen, wünscht, wünschte, hat gewünscht",Ich wünsche Ihnen alles Gute.,I wish you all the best.,Was wünschst du dir zum Geburtstag?,What do you want for your birthday?,Wünsch mir Glück!,Wish me luck!
noun,Verantwortung,responsibility,"die Verantwortung, -en",Sie tragen die Verantwortung für Ihre Kinder.,You are responsible for your children.
noun,Schloss,"lock, castle","das Schloss, ¨-er",An unserer Wohnungstür ist das Schloss kaputt.,The lock on our front door is broken.,Wir haben am Wochenende ein Schloss besichtigt.,We visited a castle at the weekend.
other,eckig,"angular, square",eckig,"Ich möchte einen eckigen Tisch, keinen runden.","I want a square table, not a round one."
noun,Hut,hat,"der Hut, ¨-e",Sie sollten im Sommer nicht ohne Hut in die Sonne gehen.,You should not go out in the sun in summer without a hat.
verb,lächeln,to smile,"lächeln, lächelt, lächelte, hat gelächelt",Schauen Sie in die Kamera. Bitte lächeln!,Look into the camera. Please smile!
other,vorhin,earlier,vorhin,Vorhin hat Heidrun angerufen. Du sollst sie zurückrufen.,Heidrun called earlier. She asked you to call her back.
other,ernsthaft,serious,ernsthaft,"Ich überlege ernsthaft, ob ich in eine andere Stadt ziehen soll.",I'm seriously considering moving to another city.
noun,Kosten,costs,die Kosten (Pl.),Die Kosten für die Reise bekomme ich von der Firma.,I get the costs for the trip from the company.
verb,kosten,to cost,"kosten, kostet, kostete, hat gekostet",Wie viel kostet das T-Shirt? – 15 Euro.,How much does the T-shirt cost? - 15 euros.,"Eine Wohnung zu finden, kostet viel Zeit.",Finding an apartment takes a lot of time.
noun,Haar,hair,"das Haar, -e",Meine Freundin hat langes schwarzes Haar.,My girlfriend has long black hair.,Die Haare unseres Hundes liegen überall in der Wohnung.,Our dog's hair is everywhere in the apartment.
noun,Operation,operation,"die Operation, -en",Seit der Operation kann ich mein Knie nicht mehr bewegen.,I have not been able to move my knee since the operation.
noun,Dach,roof,"das Dach, ¨-er",Wir müssen das Dach reparieren lassen.,We need to have the roof repaired.,Wir wohnen direkt unter dem Dach.,We live directly under the roof.
noun,Folge,"consequence, episode","die Folge, -n",Die Folgen des Unfalls waren schlimm.,The consequences of the accident were serious.
other,dankbar,grateful,dankbar,Ich bin Ihnen sehr dankbar für Ihre Hilfe.,I am very grateful for your help.
noun,Mut,courage,der Mut (Sg.),"Man braucht viel Mut, um in einem fremden Land ganz neu anzufangen.",It takes a lot of courage to start from scratch in a foreign country.
noun,Tier,animal,"das Tier, -e",Er mag Tiere sehr und geht darum oft in den Zoo.,He really likes animals and therefore often goes to the zoo.
noun,System,system,"das System, -e",Welches Betriebssystem hast du?,Which operating system do you have?,Ich kenne Ihr System nicht. Können Sie es mir erklären?,I don't know your system. Can you explain it to me?
noun,Rose,rose,"die Rose, -n",Rote Rosen sind ein schönes Geschenk.,Red roses are a beautiful gift.
noun,Thema,topic,"das Thema, Themen",Wir haben im Kurs viel über das Thema Umwelt gesprochen.,We talked a lot about the environment during the course.
other,dorthin,there(in),dorthin,Deine Tasche kannst du dorthin stellen.,You can put your bag there.
noun,Urlaub,vacation,"der Urlaub, -e (D, A) → CH: Ferien",Ich habe noch drei Tage Urlaub.,I still have three days of vacation.
other,vorwärts,forward,vorwärts,Ich kann nicht vorbei. Bitte fahr noch ein Stück vorwärts.,I can't pass. Please drive forward a bit more.
verb,überprüfen,"to check, examine","überprüfen, überprüft, überprüfte, hat überprüft","Bitte überprüfen Sie, ob Ihr Name richtig geschrieben ist.",Please check that your name is spelled correctly.
noun,Beweis,proof,"der Beweis, -e",Haben Sie dafür Beweise?,Do you have proof of this?
noun,Baum,tree,"der Baum, ¨-e",Wir haben zwei Bäume im Garten.,We have two trees in the garden.
verb,funktionieren,to function,"funktionieren, funktioniert, funktionierte, hat funktioniert","Können Sie mir bitte mal zeigen, wie der Automat funktioniert?",Can you please show me how the machine works?,Unsere Ehe funktioniert nicht mehr.,Our marriage no longer works.
noun,"Lehrer, Lehrerin",teacher,"der Lehrer, - die Lehrerin, -nen",Die Lehrerin hat heute viele Hausaufgaben gegeben.,The teacher gave a lot of homework today.
verb,hoffen,to hope (for),"hoffen, hofft, hoffte, hat gehofft (auf + Akkusativ)","Ich hoffe, dass ihr zu meinem Geburtstag kommen könnt.",I hope you can come to my birthday.,Wir alle hoffen auf besseres Wetter.,We are all hoping for better weather.
noun,Risiko,risk,"das Risiko, Risiken",Ich nehme keinen Kredit auf. Das Risiko ist mir zu hoch.,I don't take out a loan. The risk is too high for me.
noun,"Held, Heldin",hero,"der Held, -en die Heldin, -nen",Er spielt gern den Helden.,He likes to play the hero.,Sie ist die Heldin des Tages.,She is the heroine of the day.
other,prima,great,prima,Mit diesen Leuten verstehe ich mich prima.,I get on really well with these people.
noun,Gewalt,"force, violence","die Gewalt, -en","Ich mag keine Filme, in denen Gewalt vorkommt.",I don't like movies with violence in them.,Die Tür ließ sich nur mit Gewalt öffnen.,The door could only be opened by force.
verb,nachdenken,"to think about, ponder","nachdenken, denkt nach, dachte nach, hat nachgedacht (über + Akkusativ)","Ich weiß nicht, was ich machen soll. Ich muss nachdenken.",I don't know what to do. I have to think.
noun,Tor,"gate, goal","das Tor, -e",Hinter dem Tor geht es zur Fabrik.,Behind the gate is the factory.,Die Mannschaft konnte vier Tore schießen.,The team scored four goals.
other,-weise,"-ly, -wise",-weise,War der Test schwierig? – Teilweise.,Was the test difficult? - Partly.,Das ist möglicherweise nicht so einfach.,This may possibly not be so easy.
noun,Erfahrung,experience,"die Erfahrung, -en",Ich habe zehn Jahre Erfahrung in diesem Beruf.,I have ten years of experience in this profession.,Mit diesem Gerät haben wir gute Erfahrungen gemacht.,We have had good experiences with this device.
noun,Runde,"round, lap","die Runde, -n",Ich laufe jeden Tag fünf Runden im Park.,I run five laps of the park every day.,Wir müssen über die Probleme sprechen. Am besten mit allen in einer Runde.,We need to talk about the problems. Preferably with everyone in a group.
other,dringend,urgent,dringend,Ich muss dich dringend sprechen.,I urgently need to speak to you.,Ich erwarte einen dringenden Anruf.,I'm expecting an urgent call.,Bitte kommen Sie schnell. Es ist dringend.,Please come quickly. It is urgent.
verb,hinterlassen,to leave behind,"hinterlassen, hinterlässt, hinterließ, hat hinterlassen",Möchten Sie eine Nachricht hinterlassen?,Would you like to leave a message?
noun,Gewissen,conscience,das Gewissen (Sg.),Ich habe deinen Geburtstag vergessen. Ich habe ein ganz schlechtes Gewissen.,I forgot your birthday. I have a very guilty conscience.
verb,stören,to disturb,"stören, stört, störte, hat gestört",Darf ich Sie einen Augenblick stören?,May I disturb you for a moment?,Du kannst das Radio anlassen. Das stört mich nicht.,You can leave the radio on. That doesn't bother me.
noun,Stein,stone,"der Stein, -e",Die Kinder werfen Steine ins Wasser.,The children throw stones into the water.
verb,atmen,to breathe,"atmen, atmet, atmete, hat geatmet",Er hat eine Erkältung und kann nicht durch die Nase atmen.,He has a cold and can't breathe through his nose.
noun,Hose,"trousers, pants","die Hose, -n",Können Sie die Hose etwas kürzer machen?,Can you make the pants a little shorter?
noun,Tote,the dead,"der Tote, -n die Tote, -n",Bei dem Unfall gab es zwei Tote.,There were two fatalities in the accident.
verb,überlegen,"to consider, think","überlegen, überlegt, überlegte, hat überlegt",Ich kann mich nicht entscheiden. Ich muss mir das noch überlegen.,I can't make up my mind. I still have to think about it.,"Ich habe mir überlegt, ein Auto zu kaufen.",I've been thinking about buying a car.
noun,Restaurant,restaurant,"das Restaurant, -s",Wir essen heute im Restaurant.,We're eating in the restaurant today.
noun,Natur,nature,"die Natur, -en",Ich bin gern draußen in der Natur.,I like being outdoors in nature.
noun,Streit,"dispute, argument","der Streit, -e",Ich möchte keinen Streit mit den Nachbarn.,I don't want a fight with the neighbors.
verb,küssen,to kiss,"küssen, küsst, küsste, hat geküsst",Er nahm sie in die Arme und küsste sie.,He took her in his arms and kissed her.,Beim Verabschieden haben wir uns alle geküsst.,"When we said goodbye, we all kissed each other."
other,längst,long ago,längst,Wann reparierst du die Heizung. – Die habe ich schon längst repariert.,When are you going to repair the heating? - I've already repaired it.
noun,Bad,bathroom,"das Bad, ¨-er",Nach einem warmen Bad fühlt man sich gleich viel besser.,You immediately feel much better after a warm bath.,Ich möchte ein Zimmer mit Bad.,I would like a room with a bathroom.
other,normalerweise,normally,normalerweise,Wann haben Sie normalerweise Pause?,When do you normally have a break?
other,rauf/rauf-,up,rauf/rauf-,"Hier ist die Treppe, also los, schnell rauf!","Here are the stairs, so get up there quickly!",Möchtest du nicht raufkommen?,Don't you want to come up?
noun,Flug,flight,"der Flug, ¨-e",Ich habe den Flug für Sie gebucht.,I have booked the flight for you.
verb,beruhigen,"to calm, reassure","beruhigen, beruhigt, beruhigte, hat beruhigt",Beruhigen Sie sich bitte. Es ist alles in Ordnung.,Please calm down. Everything is fine.,Ich kann Sie beruhigen. Ihrem Sohn ist nichts passiert.,I can reassure you. Nothing has happened to your son.
verb,steigen,to rise,"steigen, steigt, stieg, ist gestiegen",Die Preise für Milch und Gemüse sind schon wieder gestiegen.,Prices for milk and vegetables have already risen again.,Gegen Abend ist das Fieber wieder gestiegen.,The fever rose again towards the evening.
other,mindestens,at least,mindestens,Ein guter Fernsehapparat kostet mindestens 500 Euro.,A good TV set costs at least 500 euros.,Bitte kommen Sie mindestens eine Stunde vor Abflug zum Flughafen.,Please arrive at the airport at least one hour before departure.
noun,Kuchen,cake,"der Kuchen, -",Ich habe einen Kuchen gebacken.,I baked a cake.
noun,Zustand,condition,"der Zustand, ¨-e","Als wir in die Wohnung eingezogen sind, war sie in sehr schlechtem Zustand.","When we moved into the apartment, it was in very poor condition."
noun,Wunsch,wish,"der Wunsch, ¨-e",Haben Sie sonst noch einen Wunsch?,Do you have any other wishes?,Mit den besten Wünschen für Sie und Ihre Familie.,With best wishes for you and your family.
noun,Farbe,color,"die Farbe, -n",Welche Farbe magst du am liebsten?,Which color do you like best?,Diese Farbe trocknet schnell.,This paint dries quickly.
verb,sich einigen,to come to an agreement,"sich einigen, einigt sich, einigte sich, hat sich geeinigt",Jeder hat einen anderen Vorschlag. Wir können uns leider nicht einigen.,"Everyone has a different proposal. Unfortunately, we can't agree."
noun,Zufall,coincidence,"der Zufall, ¨-e","So ein Zufall, dass ich dich hier treffe.",What a coincidence that I should meet you here.,"Durch Zufall habe ich gehört, dass die Wohnung frei ist.",I heard by chance that the apartment was available.
noun,Garten,garden,"der Garten, ¨-",Wir haben einen schönen großen Garten.,We have a beautiful large garden.
other,fair,fair,fair,"Ich finde, unsere Mannschaft hat sehr fair gespielt.",I think our team played very fairly.
noun,Koffer,suitcase,"der Koffer, -",Ich habe den Koffer schon gepackt.,I've already packed my suitcase.
noun,Kurs,course,"der Kurs, -e",Ich besuche regelmäßig einen Deutschkurs.,I regularly attend a German course.
other,seitdem,since (then),seitdem,Ich bin vor zwei Jahren nach Deutschland gekommen. Seitdem lerne ich Deutsch.,I came to Germany two years ago. I've been learning German ever since.
other,wahnsinnig,insane,wahnsinnig,Du fährst viel zu schnell. Bist du wahnsinnig?!,You're driving way too fast. Are you insane?!,Diese Musik gefällt mir wahnsinnig gut.,I really like this music.
other,ähnlich,similar,ähnlich + Dativ,Emilia ist in einer ganz ähnlichen Situation wie ich.,Emilia is in a very similar situation to me.,Oleg sieht seinem Bruder sehr ähnlich.,Oleg looks a lot like his brother.
verb,aufgeben,to give up,"aufgeben, gibt auf, gab auf, hat aufgegeben",Ich habe auf der Post ein Paket aufgegeben.,I have posted a parcel at the post office.,Man darf nie aufgeben. Es gibt immer eine Hoffnung.,You must never give up. There is always hope.
noun,Kursleiter,instructor,"der Kursleiter, - die Kursleiter, -nen",Die Kursleiterin ist mit unserer Kursgruppe manchmal in den Computerraum gegangen.,The course instructor sometimes went into the computer room with our course group.
noun,Lager,"warehouse, camp","das Lager, -","Ich weiß nicht, ob wir diesen Schuh in Ihrer Größe haben. Ich sehe mal im Lager nach.",I don't know if we have this shoe in your size. I'll have a look in the warehouse.,Unsere Kinder fahren im Sommer ins Zeltlager.,Our children go to camp in the summer.
verb,besprechen,to discuss,"besprechen, bespricht, besprach, hat besprochen","Wir müssen noch genau besprechen, wann wir losfahren und was wir mitnehmen.",We still have to discuss exactly when we're leaving and what we're taking with us.
noun,Reihe,"row, turn, range","die Reihe, -n",Ich habe Karten für das Konzert. Wir sitzen in der dritten Reihe.,I have tickets for the concert. We're sitting in the third row.,Wer ist jetzt an der Reihe?,Whose turn is it now?
noun,Strand,beach,"der Strand, ¨-e",Im Urlaub bin ich am liebsten am Strand.,My favorite place to be on vacation is the beach.
other,langweilig,boring,langweilig,Der Film war sehr langweilig.,The movie was very boring.
other,nachher,"later, after",nachher,Ich rufe nachher nochmal an.,I'll call back later.
verb,reisen,to travel,"reisen, reist, reiste, ist gereist",Ich reise gern nach Spanien.,I love traveling to Spain.
noun,Termin,"date, appointment","der Termin, -e",Als Termin schlage ich den 3. Mai vor.,I suggest May 3 as the date.
noun,Gang,"corridor, gear course","der Gang, ¨-e","Wir warten draußen im Gang. ( ? D, CH: Korridor; D: Flur)",We wait outside in the corridor.,Schalten Sie bitte jetzt in den dritten Gang.,Please shift into third gear now.,Was möchten Sie als ersten Gang? Suppe oder Salat?,What would you like as a first course? Soup or salad?
verb,stehlen,to steal,"stehlen, stiehlt, stahl, hat gestohlen",Gestern hat mir jemand im Zug meine Uhr gestohlen.,Yesterday someone stole my watch on the train.
noun,Radio,radio,"das Radio, -s",Ich möchte mir ein neues Radio kaufen.,I would like to buy a new radio.,Ich höre gern Radio.,I like listening to the radio.
noun,Vertrag,contract,"der Vertrag, ¨-e",Sie beide müssen den Vertrag unterschreiben.,You both have to sign the contract.
noun,Dienst,service,der Dienst,Als Krankenschwester habe ich oft Frühdienst.,"As a nurse, I'm often on early duty.",Morgen habe ich Dienst. Deshalb kann ich nicht kommen.,I'm on duty tomorrow. That's why I can't come.
noun,Fluss,river,"der Fluss, ¨-e",Wie heißt dieser Fluss?,What is the name of this river?
other,durcheinander,mixed up,durcheinander,Alle meine Sachen sind durcheinander. Ich finde nichts mehr.,All my things are mixed up. I can't find anything anymore.,Bitte redet nicht alle durcheinander. Sonst verstehe ich nichts.,Please don't get everyone mixed up. Otherwise I won't understand anything.
noun,Test,test,"der Test, -s",Ich bin ganz sicher: Du wirst den Test schaffen.,I am quite sure that you will pass the test.
noun,"Direktor, Direktorin",director,"der Direktor, -en die Direktorin, -nen",Ich möchte gern mit dem Direktor sprechen.,I would like to speak to the director.
noun,Intensivkurs,intensive course,"der Intensivkurs, -e",Der Intensivkurs findet täglich von 9 bis 12 Uhr statt.,The intensive course takes place daily from 9 am to 12 pm.
noun,Karriere,career,"die Karriere, -n",Mein Bruder hat große Pläne. Er will Karriere machen.,My brother has big plans. He wants to make a career.
noun,Erinnerung,"memory, reminder","die Erinnerung, -en",An diese Zeit habe ich viele schöne Erinnerungen.,I have many fond memories of that time.
verb,lösen,to solve,"lösen, löst, löste, hat gelöst",Wir müssen dieses Problem lösen.,We have to solve this problem.,Sie können die Fahrkarten auch am Automaten lösen.,You can also buy tickets from a ticket machine.
noun,Zweifel,doubt sth.,"der Zweifel, - (an + Dativ)",Da ist ohne Zweifel die beste Lösung.,This is without doubt the best solution.,Allmählich bekomme ich Zweifel daran.,I'm beginning to have doubts about this.
noun,Sprache,language,"die Sprache, -n",Franco spricht mehrere Sprachen.,Franco speaks several languages.
verb,entlassen,to dismiss,"entlassen, entlässt, entließ, hat entlassen",Die Operation ist gut gelaufen. Wir können Sie nächste Woche aus dem Krankenhaus entlassen.,The operation went well. We will be able to discharge you from hospital next week.,Die Firma hat viele Mitarbeiter entlassen.,The company has laid off many employees.
verb,abholen,to pick up,"abholen, holt ab, holte ab, hat abgeholt",Meine Freundin hat mich vom Bahnhof abgeholt.,My girlfriend picked me up from the station.
noun,Szene,scene,"die Szene, -n",In dieser Szene des Films stirbt der Held.,"In this scene of the movie, the hero dies.",Ich kenne mich in der Szene nicht aus. Ich bin zu alt.,I don't know my way around the scene. I'm too old.,Bitte mach keine Szene!,Please don't make a scene!
verb,scheinen,"to seem, shine","scheinen, scheint, schien, hat geschienen",Gestern hat es geregnet. Heute scheint wieder die Sonne.,It rained yesterday. Today the sun is shining again.,Mein Kollege scheint krank zu sein. Er war heute nicht im Büro.,My colleague seems to be ill. He wasn't in the office today.
noun,Pflicht,"obligation, duty","die Pflicht, -en",Als Autofahrer müssen Sie eine Versicherung haben. Das ist Pflicht.,"As a driver, you must have insurance. It is compulsory."
other,neulich,recently,neulich,Ich war neulich bei der Bank und habe einen alten Freund getroffen.,I was at the bank the other day and bumped into an old friend.
verb,sich beeilen,to hurry up,"sich beeilen, beeilt sich, beeilte sich, hat sich beeilt",Wir müssen uns beeilen. Sonst verpassen wir den Zug.,We have to hurry. Otherwise we'll miss the train.
noun,Knie,knee,"das Knie, -",Ich habe mich am Knie verletzt. Jetzt kann ich nicht laufen.,I injured my knee. Now I can't walk.
noun,Schutz,protection,der Schutz (Sg.),Das ist ein guter Schutz gegen Kälte.,This is good protection against the cold.,Alle reden heute über den Schutz der Umwelt.,Everyone is talking about protecting the environment today.
other,weshalb,why,weshalb,Weshalb rufst du an?,Why are you calling?,"Ich bekomme Besuch, weshalb ich leider nicht zur Party gehen werde.","I have a visitor, so unfortunately I won't be going to the party."
noun,Kuss,kiss,"der Kuss, ¨-e",Gib der Mama einen Kuss!,Give mom a kiss!
verb,verhindern,to prevent,"verhindern, verhindert, verhinderte, hat verhindert",Wir konnten den Unfall nicht verhindern.,We were unable to prevent the accident.
noun,Glace/Glacé,ice cream,"die/das Glace/Glacé, -n (CH) → D, A: Eis",Zum Dessert gibt es Schokoladenglace.,For dessert there is chocolate ice cream.
noun,Erklärung,explanation,"die Erklärung, -en",Hast du schon die Steuererklärung gemacht?,Have you already done your tax return?,Die Erklärung der Lehrerin ist besser als die Erklärung im Buch.,The teacher's explanation is better than the explanation in the book.
noun,Video,video,"das Video, -s",Ich habe den Film auf Video aufgenommen.,I recorded the movie on video.,Lass uns ein Video vom Fest machen!,Let's make a video of the party!
other,klug,smart,klug,Ich halte sie für klug.,I think they are clever.,Er hat sich in der Diskussion nicht besonders klug verhalten.,He didn't behave very wisely in the discussion.,Das ist ein kluger Hund.,That's a smart dog.
verb,verlangen,to demand,"verlangen, verlangt, verlangte, hat verlangt",Jeden Tag Überstunden? Das können Sie nicht verlangen.,Overtime every day? You can't ask for that.,Wie viel verlangen Sie für das Auto?,How much do you charge for the car?,"Frau Müller, Sie werden am Telefon verlangt.","Ms. Müller, you are being asked to answer the phone."
other,außerhalb,outside (of),außerhalb + Genitiv,Wir wohnen außerhalb von Berlin.,We live outside of Berlin.
noun,Opa,grandpa,"der Opa, -s",Mein Opa heißt Hans.,My grandpa's name is Hans.
other,selbstverständlich,"naturally, of course",selbstverständlich,Selbstverständlich sagen wir Ihnen sofort Bescheid.,We will of course let you know immediately.
verb,aufstehen,to stand up,"aufstehen, steht auf, stand auf, ist aufgestanden",Ich stehe jeden Morgen um sechs Uhr auf.,I get up at six o'clock every morning.,Sie brauchen nicht aufzustehen. Sie können sitzen bleiben.,You don't need to stand up. You can remain seated.
verb,hassen,to hate,"hassen, hasst, hasste, hat gehasst",Ich hasse Autofahren.,I hate driving.,"Ich hasse es, zu spät zu kommen.",I hate being late.
verb,gebrauchen,to use,"gebrauchen, gebraucht, gebrauchte, hat gebraucht",Wir können diese Möbel gut gebrauchen.,We can make good use of this furniture.,Ich habe den Wagen gebraucht gekauft.,I bought the car second-hand.,Ich suche eine gebrauchte Waschmaschine.,I am looking for a used washing machine.
noun,Milch,milk,die Milch (Sg.),Stellst du bitte die Milch in den Kühlschrank?,Could you please put the milk in the fridge?
verb,kochen,to cook,"kochen, kocht, kochte, hat gekocht",Ich koche gern.,I like to cook.,Das Wasser kocht.,The water is boiling.,Der Reis muss etwa 20 Minuten kochen.,The rice should cook for about 20 minutes.
other,schwach,weak,schwach,Ich bin noch nicht gesund. Ich fühle mich noch sehr schwach.,I'm not healthy yet. I still feel very weak.,Die Tabletten sind zu schwach. Sie helfen nicht.,The tablets are too weak. They do not help.
noun,Schulden,debts,die Schulden (Pl.),Jetzt habe ich alle meine Schulden bezahlt.,Now I've paid off all my debts.
noun,Grenze,"border, boundary","die Grenze, -n",An der Grenze musst du deinen Ausweis zeigen.,You must show your ID at the border.
other,peinlich,embarrassing,peinlich,Das muss dir nicht peinlich sein.,Don't be embarrassed.,Das war eine peinliche Situation.,That was an embarrassing situation.
noun,Form,shape,"die Form, -en",Diese Schuhe haben eine schöne Form.,These shoes have a beautiful shape.,Ich möchte für den Geburtstag einen Kuchen backen. Kannst du mir eine Backform leihen?,I would like to bake a cake for my birthday. Can you lend me a baking tin?
other,umsonst,"free of charge, in vain",umsonst,Ich musste nichts bezahlen. Die Reparatur war umsonst.,I didn't have to pay anything. The repair was free.,"Nichts hat geholfen, es war alles umsonst.","Nothing helped, it was all in vain."
other,nirgendwo,nowhere,nirgendwo,Die Schlüssel kann ich nirgendwo finden.,I can't find the keys anywhere.
noun,Mond,moon,"der Mond, -e",Bei Vollmond kann ich nicht schlafen.,I can't sleep under a full moon.
noun,Daten (Plural),data,die Daten (Plural),Wir haben alle Ihre Daten im Computer.,We have all your data on the computer.
verb,(sich) merken,"to notice, remember","(sich) merken, merkt, merkte, hat gemerkt","Ich habe nicht gemerkt, dass es schon so spät ist. Ich muss gehen.",I didn't realize it was so late. I have to go.,Ich kann mir keine Zahlen merken. Ich vergesse sie sofort wieder.,I can't remember numbers. I forget them straight away.
noun,Sieg,victory,"der Sieg, -e",Unsere Mannschaft hat gewonnen. Wir freuen uns über den Sieg.,Our team has won. We are delighted with the victory.
other,satt,full,satt,"Möchten Sie noch etwas? – Nein danke, ich bin satt.","Would you like anything else? - No thanks, I'm full."
verb,handeln,"to trade, deal, be about sth. (um)","handeln, handelt, handelte, hat gehandelt (um + Akkusativ)",Herr Huber hat ein kleines Geschäft. Er handelt mit Obst und Gemüse.,Mr. Huber has a small business. He deals in fruit and vegetables.,Kann ich Sie bitte mal sprechen? – Worum handelt es sich denn?,"Can I have a word with you, please? - What is this all about?",Auf diesem Markt kannst du handeln und bekommst die Sachen billiger.,You can trade at this market and get things cheaper.,"Wir müssen jetzt handeln, die Lage ist ernst.","We have to act now, the situation is serious."
verb,enden,to end,"enden, endet, endete, hat geendet",Die Straße endet hier.,The road ends here.,Das Arbeitsverhältnis endet im Mai.,The employment relationship ends in May.
other,warm,warm,warm,Hier ist es sehr warm.,It's very warm here.,Abends essen wir oft warm.,We often eat hot food in the evening.,Du musst dich warm anziehen.,You need to dress warmly.,Mittags möchte ich gern ein warmes Essen.,I would like a hot meal at lunchtime.,Für den Winter brauche ich einen warmen Pullover.,I need a warm sweater for the winter.
verb,raten,"to guess, advise","raten, rät, riet, hat geraten",Ich möchte billig Urlaub machen. Was raten Sie mir?,I would like to go on a cheap vacation. What advice would you give me?,"Rate mal, wen ich heute getroffen habe! Deinen Lehrer.",Guess who I met today! Your teacher.
noun,Übersetzung,translation,"die Übersetzung, -en",Die Übersetzung des Buches ist sehr gut.,The translation of the book is very good.
noun,Kunst,art,"die Kunst, ¨-e",Ich verstehe nichts von moderner Kunst.,I don't understand anything about modern art.
other,je … desto …,the ... the ...,je … desto …,"Je länger ich Deutsch lerne, desto besser kann ich es verstehen.","The longer I learn German, the better I can understand it."
verb,schweigen,to remain silent,"schweigen, schweigt, schwieg, hat geschwiegen","Sie sprach viel, aber ihr Mann schwieg den ganzen Abend lang.","She spoke a lot, but her husband remained silent the whole evening."
noun,Krankheit,illness,"die Krankheit, -en",Gegen welche Krankheiten sollte ich mich impfen lassen?,Which diseases should I be vaccinated against?,Was für eine Krankheit hat Herr Brandner?,What kind of illness does Mr. Brandner have?
noun,Schatten,"shade, shadow","der Schatten, -",Gestern hatten wir 25 Grad im Schatten.,Yesterday it was 25 degrees in the shade.
noun,Tatsache,fact,"die Tatsache, -n",Das widerspricht den Tatsachen.,That contradicts the facts.
noun,Stock,floor,"der Stock, - → D, CH: Etage","Das Büro ist im 3. Stock, Zimmer 305.","The office is on the 3rd floor, room 305."
other,verboten,forbidden,verboten,In den meisten Restaurants ist Rauchen verboten.,Smoking is prohibited in most restaurants.
noun,Anzug,suit,"der Anzug, ¨-e",Mein Mann hat sich einen neuen Anzug gekauft.,My husband has bought himself a new suit.
other,dunkel,dark,dunkel,Um sechs Uhr ist es schon dunkel.,It's already dark at six o'clock.,Meine Schwester hat dunkle Haare.,My sister has dark hair.,Ich habe mir eine dunkelblaue Bluse gekauft.,I bought a dark blue blouse.
verb,klopfen,to knock,"klopfen, klopft, klopfte, hat geklopft",Da klopft jemand ans Fenster.,Someone knocks on the window.,Hat es nicht eben geklopft?,Hasn't there just been a knock?,Bitte klopfen Sie an.,Please knock on the door.
noun,Dreck,dirt,der Dreck (Sg.),Iss den Apfel nicht! Der lag im Dreck.,Don't eat the apple! It was lying in the dirt.,Ich konnte vor lauter Dreck auf dem Fenster nichts sehen.,I couldn't see anything because of all the dirt on the window.,Kümmere dich um deinen eigenen Dreck!,Mind your own business!
noun,Mühe,effort,"die Mühe, -n",Vielen Dank für Ihre Mühe.,Thank you very much for your efforts.,Mit ein bisschen mehr Mühe können wir das schaffen.,"With a little more effort, we can do it."
verb,kontrollieren,to control,"kontrollieren, kontrolliert, kontrollierte, hat kontrolliert",Beim Auto müssen Sie regelmäßig das Öl kontrollieren.,You need to check the oil in your car regularly.
noun,Knochen,bone,"der Knochen, -",Ich bin hingefallen. Jetzt tun mir alle Knochen weh.,I fell down. Now all my bones hurt.
other,getrennt leben,to live separately,getrennt leben,Ich lebe getrennt von meiner Frau.,I live separately from my wife.
noun,Programm,program,"das Programm, -e",Hast du schon ins Programm geguckt? Gibt es heute im Fernsehen einen schönen Film?,Have you looked at the program yet? Is there a nice movie on TV today?,Mit welchen Programmen arbeitest du am Computer?,What programs do you work with on the computer?
other,ebenso,"likewise, also",ebenso,"Schöne Feiertage. – Danke, ebenso.","Happy holidays. - Thank you, too."
verb,bieten,to offer,"bieten, bietet, bot, hat geboten",Er hat mir für den alten Wagen noch 800 Euro geboten.,He offered me another 800 euros for the old car.,"Die Firma bietet ihren Mitarbeitern die Möglichkeit, Sprachkurse zu besuchen.",The company offers its employees the opportunity to attend language courses.
other,freundlich,friendly,freundlich,Er hat uns sehr freundlich begrüßt.,He gave us a very friendly welcome.,Der Mann ist sehr freundlich zu mir.,The man is very friendly to me.,Mit freundlichen Grüßen,Yours sincerely
verb,rauchen,to smoke,"rauchen, raucht, rauchte, hat geraucht",Hier ist das Rauchen verboten!,Smoking is prohibited here!,"Stört es Sie, wenn ich rauche?",Do you mind if I smoke?
other,dick,"thick, fat",dick,Ich bin zu dick. Ich muss weniger essen.,I am too fat. I need to eat less.,Die Wände sind hier sehr dick.,The walls here are very thick.
noun,Stuhl,chair,"der Stuhl, ¨-e",Da hinten ist noch ein Stuhl frei.,There's a free chair at the back.
verb,ausgehen,to go out,"ausgehen, geht aus, ging aus, ist ausgegangen",Plötzlich ist das Licht ausgegangen.,Suddenly the light has gone out.,Gehen wir heute Abend aus?,Are we going out tonight?,Wie ist das Spiel ausgegangen?,How did the game end?
verb,behandeln,to treat,"behandeln, behandelt, behandelte, hat behandelt",Welcher Arzt hat Sie bis jetzt behandelt?,Which doctor has treated you so far?,So lasse ich mich von Ihnen nicht länger behandeln.,I won't let you treat me like this any longer.
other,trotz,despite,trotz + Dativ/Genitiv,Trotz Grippe bin ich zur Arbeit gegangen.,I went to work despite having the flu.
noun,Gast,guest,"der Gast, ¨-e",Wir haben heute Abend Gäste.,We have guests tonight.,Der Gast hat sich über das Essen beschwert.,The guest complained about the food.
noun,Toilette,toilet,"die Toilette, -n","Wo ist die Toilette, bitte?","Where is the toilet, please?"
verb,annehmen,"to accept, assume","annehmen, nimmt an, nahm an, hat angenommen",Ich nehme Ihre Einladung gern an.,I gladly accept your invitation.,"Ich nehme an, dass Sie mit dem Vorschlag einverstanden sind.",I assume that you agree with the proposal.
other,erwachsen,"grown-up, adult",erwachsen,Die Kinder sind schon fast erwachsen.,The children are almost grown up.,Wir haben zwei erwachsene Töchter.,We have two grown-up daughters.
verb,genießen,to enjoy,"genießen, genießt, genoss, hat genossen","Er kann das Essen leider nicht genießen, weil es zu scharf ist.","Unfortunately, he can't enjoy the food because it's too spicy.",Sie hat eine gute Ausbildung genossen.,She has enjoyed a good education.
other,teuer,expensive,teuer,Ich finde das Geschäft nicht teuer.,I don't think the store is expensive.
verb,wählen,to choose,"wählen, wählt, wählte, hat gewählt",Sie können wählen: Als Vorspeise gibt es Suppe oder Salat.,You can choose: Soup or salad as a starter.,Sie müssen erst eine Null wählen.,You must first select a zero.,Ich habe diese Partei nicht gewählt.,I did not vote for this party.
noun,Theater,theater,"das Theater, -",Wir gehen nächste Woche ins Theater.,We're going to the theater next week.
noun,Regen,rain,"der Regen, -",Bei Regen fällt das Konzert aus.,The concert is canceled in case of rain.
verb,erlauben,to allow,"erlauben, erlaubt, erlaubte, hat erlaubt","Ich erlaube meinen Kindern nicht, so lange fernzusehen.",I don't allow my children to watch TV for that long.,Parken ist hier nicht erlaubt.,Parking is not permitted here.
other,komplett,complete,komplett,Ich habe den Termin komplett vergessen.,I have completely forgotten the date.,Die Wohnung ist jetzt komplett eingerichtet.,The apartment is now fully furnished.
noun,Zweitsprache,second language,"die Zweitsprache, -n",Deutsch ist seine Zweitsprache.,German is his second language.
noun,Flughafen,airport,"der Flughafen, ¨-",Der Flughafen liegt 30 km außerhalb der Stadt.,The airport is 30 km outside the city.
other,voraus,ahead,voraus,Gehen Sie schon voraus.,Go ahead.,Ich danke Ihnen im Voraus für Ihre Mühe.,Thank you in advance for your efforts.
verb,begleiten,to accompany,"begleiten, begleitet, begleitete, hat begleitet",Ich begleite dich ein Stück.,I'll accompany you for a while.
noun,Fahrer,driver,"der Fahrer, -",Die Fahrerin des Wagens wurde nicht verletzt.,The driver of the car was not injured.,Leonid ist von Beruf Busfahrer.,Leonid is a bus driver by profession.,Während der Fahrt bitte nicht mit dem Fahrer sprechen!,Please do not speak to the driver during the journey!
verb,sich konzentrieren,to concentrate (on),"sich konzentrieren, konzentriert sich, konzentrierte sich, hat sich konzentriert (auf + Akkusativ)",Bitte stör mich jetzt nicht. Ich muss mich auf meine Arbeit konzentrieren.,Please don't disturb me now. I need to concentrate on my work.
verb,(sich) streiten,to argue with sb. (mit) about sth. (über),"(sich) streiten, streitet, stritt, hat gestritten (mit + Dativ; über + Akkusativ)",Die Kinder streiten sich oft.,The children often argue.,Ich streite mich mit dir über Politik.,I argue with you about politics.
noun,Star,star,"der Star, -s",Diese Sängerin ist ein großer Star in Deutschland.,This singer is a big star in Germany.
other,selb-,same,selb-,Ich habe am selben Tag Geburtstag wie du.,I have the same birthday as you.
verb,(sich) überzeugen,to convince (sb. of),"(sich) überzeugen, überzeugt, überzeugte, hat überzeugt (von + Dativ)",Ihr Vorschlag überzeugt mich gar nicht.,I am not at all convinced by your proposal.,"Ich bin fest davon überzeugt, dass meine Entscheidung richtig ist. Wie bist du zu dieser Überzeugung gekommen?",I am firmly convinced that my decision is the right one. How did you come to this conviction?
noun,Alkohol,alcohol,der Alkohol,Du musst die Wunde mit Alkohol reinigen.,You must clean the wound with alcohol.,"Nein, danke! Ich trinke keinen Alkohol.","No, thank you! I don't drink alcohol."
noun,Post,post,"die Post, -en",Die Post macht erst um 8 Uhr auf.,The post office doesn't open until 8 o'clock.,Meine Frau arbeitet bei der Post.,My wife works at the post office.,Ist Post für mich da?,Is there mail for me?
noun,Botschaft,"embassy, message","die Botschaft, -en",Das Visum habe ich von der Botschaft bekommen.,I got the visa from the embassy.
verb,fehlen,to be missing,"fehlen, fehlt, fehlte, hat gefehlt",Auf dem Brief fehlt der Absender.,The sender is missing on the letter.,Hast du Kleingeld? Mir fehlt ein Euro.,Do you have any change? I'm missing one euro.,In der Kasse fehlen 20 Euro.,20 euros are missing from the till.,"Antonio war nicht in der Schule, er fehlt schon seit drei Tagen.","Antonio hasn't been to school, he's been missing for three days.",Was fehlt Ihnen? Haben Sie Schmerzen?,What is wrong with you? Are you in pain?
other,irgendein,any,irgendein,"Was für einen Saft möchten Sie? – Ganz egal, irgendeinen.","What kind of juice would you like? - It doesn't matter, just any juice."
verb,untersuchen,to examine,"untersuchen, untersucht, untersuchte, hat untersucht",Sie sollten sich vom Arzt untersuchen lassen.,You should be examined by a doctor.
noun,Flucht,escape,"die Flucht, -en",Der Einbrecher war schon auf der Flucht.,The burglar was already on the run.
noun,Mobilität,mobility,"die Mobilität, -en",Sprachen zu lernen fördert die Mobilität.,Learning languages promotes mobility.
noun,Gegenteil,opposite,"das Gegenteil, -e",Das Gegenteil von „klein“ ist „groß“.,The opposite of "small" is "large".,Sie ist das genaue Gegenteil von ihrem Bruder.,She is the exact opposite of her brother.,"Du bist sicher müde. – Nein, ganz im Gegenteil!","You must be tired - no, quite the opposite!"
other,scharf,"spicy, sharp",scharf,Bei uns zu Hause essen wir immer sehr scharf.,We always eat very spicy food at home.,Hast du kein schärferes Messer?,Don't you have a sharper knife?
noun,Projekt,project,"das Projekt, -e",Der Staat fördert Projekte für Kinder und Jugendliche.,The state supports projects for children and young people.
other,mehrere,several,mehrere,Ich habe mehrere Leute gefragt. Aber niemand konnte mir helfen.,I asked several people. But no one could help me.,Viele Wörter haben mehrere Bedeutungen.,Many words have several meanings.
verb,schwimmen,to swim,"schwimmen, schwimmt, schwamm, ist geschwommen",Ich gehe regelmäßig schwimmen.,I go swimming regularly.,Kannst du schwimmen?,Can you swim?
verb,zählen,to count,"zählen, zählt, zählte, hat gezählt",Bitte zählen Sie das Wechselgeld sofort nach.,Please count the change immediately.,Mein Sohn kann schon bis 100 zählen.,My son can already count to 100.,Ich zähle auf dich!,I'm counting on you!
other,innerhalb,within,innerhalb + Genitiv,Diese Fahrkarte gilt nur innerhalb der Stadt.,This ticket is only valid within the city.,Nach dem Umzug müssen Sie sich innerhalb einer Woche ummelden.,"After moving, you must re-register within one week."
other,haltbar,"durable, good (for food)",haltbar,Diese Tomaten sind mindestens 2 Wochen haltbar.,These tomatoes will keep for at least 2 weeks.
other,blind,blind,blind,Er ist von Geburt an blind.,He has been blind since birth.
noun,Absicht,intention,"die Absicht, -en",Entschuldigen Sie bitte. Meine Tochter hat das nicht mit Absicht gemacht.,Please excuse me. My daughter didn't do that on purpose.,Hast du die Absicht zu studieren?,Do you intend to study?
other,zuletzt,(at) last,zuletzt,Die Kleider packen wir zuletzt ein.,We pack the clothes last.,Wir haben uns vor drei Jahren zuletzt gesehen.,We last saw each other three years ago.
noun,Ohr,ear,"das Ohr, -en",Ich habe Ohrenschmerzen.,I have an earache.,Das Baby hat aber kleine Ohren!,But the baby has small ears!
verb,(sich) verletzen,to injure,"(sich) verletzen, verletzt, verletzte, hat verletzt",Ich habe mich an der Hand verletzt.,I injured my hand.,Ich habe mir den Arm verletzt.,I hurt my arm.
noun,"Schüler, Schülerin","pupil, student","der Schüler, - die Schülerin, -nen",In der Klasse sind 25 Schülerinnen.,There are 25 pupils in the class.
other,merkwürdig,strange,merkwürdig,Das ist eine merkwürdige Geschichte.,That's a strange story.
noun,Größe,size,"die Größe, -n",Welche Größe haben Sie?,What size are you?,Größe: 170 cm,Size: 170 cm,Haben Sie das Hemd auch in Größe 40?,Do you also have the shirt in size 40?
noun,Vorstellung,presentation,"die Vorstellung, -en",Wann läuft der Film? – Die nächste Vorstellung ist um 15 Uhr.,When is the movie showing? - The next screening is at 3 pm.
noun,Unterstützung,support,"die Unterstützung, -en",Ich nehme Ihre Unterstützung gern an.,I will gladly accept your support.
noun,Rechnung,"bill, invoice","die Rechnung, -en","Bitte, die Rechnung!","Please, the bill!",Brauchen Sie für diese Reparatur eine Rechnung?,Do you need an invoice for this repair?
verb,(sich) verändern,to change,"(sich) verändern, verändert, veränderte, hat verändert",Das geht so nicht. Wir müssen die Organisation verändern.,That's not possible. We have to change the organization.,Wir haben uns lange nicht gesehen. Aber du hast dich gar nicht verändert.,We haven't seen each other for a long time. But you haven't changed at all.
other,locker,"relaxed, loose",locker,Lassen Sie bitte die Arme ganz locker und atmen Sie tief ein.,Keep your arms relaxed and breathe in deeply.
other,frisch,fresh,frisch,Das Brot ist noch ganz frisch.,The bread is still very fresh.,Die Handtücher sind frisch gewaschen.,The towels are freshly laundered.,Ich muss mal an die frische Luft.,I need to get some fresh air.
noun,"Cousin, Cousine",cousin,"der Cousin, -s die Cousine, -n",Meine Cousine wohnt jetzt in Brasilien.,My cousin now lives in Brazil.
other,einsam,lonely,einsam,Ohne meine Familie fühle ich mich ein bisschen einsam.,I feel a bit lonely without my family.
other,knapp,"short, just (under)",knapp,Mach schnell. Die Zeit ist knapp.,Be quick. Time is short.,Unser Geld wird knapp. Wir müssen sparen.,Our money is running out. We have to save.,Die Fahrt war kurz. Nur knapp eine Stunde.,The journey was short. Just under an hour.,Die Wohnung hat nur knapp 30 m².,The apartment is just under 30 m².,Der Tisch hat nur knapp 50 Euro gekostet.,The table only cost just under 50 euros.
other,ebenfalls,likewise,ebenfalls,"Ich wünsche Ihnen ein schönes Wochenende. – Danke, ebenfalls.","Have a nice weekend. - Thank you, too."
noun,Artikel,article,"der Artikel, -",Ich habe einen interessanten Artikel gelesen.,I read an interesting article.,"Im Deutschen gibt es drei Artikel: der, die, das.","There are three articles in German: der, die, das."
other,jederzeit,at any time,jederzeit,Sie können mich jederzeit anrufen.,You can call me at any time.
other,kompliziert,complicated,kompliziert,Er schreibt viel zu kompliziert.,His writing is far too complicated.
verb,spüren,to feel,"spüren, spürt, spürte, hat gespürt",Wo tut es weh? Spüren Sie das hier?,Where does it hurt? Can you feel it here?
noun,Kino,cinema,"das Kino, -s",Wollen wir ins Kino gehen?,Shall we go to the movies?
verb,probieren,to try,"probieren, probiert, probierte, hat probiert",Haben Sie dieses Waschmittel schon einmal probiert?,Have you ever tried this detergent?,"Ich habe probiert, die Zeitung zu lesen, aber es war zu schwer.","I tried to read the newspaper, but it was too difficult.",Darf ich die Schuhe anprobieren?,Can I try on the shoes?
noun,Tanz,dance,"der Tanz, ¨-e",Diese modernen Tänze kann ich nicht.,I can't do these modern dances.
verb,stoppen,to stop,"stoppen, stoppt, stoppte, hat gestoppt","Die Polizei hat mich gestoppt, weil ich bei Rot über die Ampel gefahren bin.",The police stopped me because I ran a red light.
noun,Zugang,access,"der Zugang, ¨-e",Der Zugang zu diesem Haus ist schwierig.,Access to this house is difficult.,Hast du Zugang zum Internet?,Do you have access to the Internet?
other,"vorn, vorne","at the front, beginning","vorn, vorne",Bitte vorn beim Fahrer einsteigen!,Please get in at the front with the driver!,"Zwei Kinokarten, bitte. – Wo möchten Sie sitzen, vorne oder hinten?","Two movie tickets, please. - Where would you like to sit, front or back?",Das war noch nicht ganz richtig. Bitte noch mal von vorne.,That was not quite right. Please start again from the beginning.
noun,Erlaubnis,permission,"die Erlaubnis, -se",Sie hätten ihn vorher um Erlaubnis bitten müssen.,You should have asked him for permission beforehand.
verb,packen,to pack,"packen, packt, packte, hat gepackt",Ich muss noch meinen Koffer packen.,I still have to pack my suitcase.
other,inzwischen,"meanwhile, in the meantime",inzwischen,Herr Müller kommt gleich zurück. Sie können inzwischen in seinem Büro warten.,Mr. Müller will be back shortly. You can wait in his office in the meantime.
noun,Presse,press,"die Presse, -n",Darüber konnte sich jeder in der Presse informieren.,Everyone could read about this in the press.
noun,Geduld,patience,die Geduld (Sg.),Bitte haben Sie etwas Geduld.,Please be patient.
noun,Bühne,stage,"die Bühne, -n",Er steht gern auf der Bühne.,He loves being on stage.
verb,reparieren,to repair,"reparieren, repariert, reparierte, hat repariert",Das Fahrrad kann man leider nicht mehr reparieren.,"Unfortunately, the bike can no longer be repaired."
other,selten,rarely,selten,Ich gehe ganz selten ins Kino.,I very rarely go to the movies.
verb,unterschreiben,to sign,"unterschreiben, unterschreibt, unterschrieb, hat unterschrieben",Unterschreiben Sie bitte hier unten rechts.,Please sign here at the bottom right.
verb,drücken,to press,"drücken, drückt, drückte, hat gedrückt",Sie brauchen nur auf den Knopf zu drücken.,All you have to do is press the button.,Die neuen Schuhe drücken.,The new shoes pinch.,"Wenn du hier drückst, geht die Tür auf.","If you press here, the door will open."
noun,Medizin,medicine,"die Medizin, -en",Du musst noch deine Medizin nehmen.,You still have to take your medicine.,Mein Sohn will Medizin studieren.,My son wants to study medicine.
verb,verhaften,to arrest,"verhaften, verhaftet, verhaftete, hat verhaftet",Die Polizei hat 23 Menschen verhaftet.,The police have arrested 23 people.
noun,Prozess,"process, trial","der Prozess, -e",Der Prozess wird direkt aus dem Gerichtssaal im Fernsehen übertragen.,The trial will be televised directly from the courtroom.
noun,Motor,motor,"der Motor, -en",Der Motor ist kaputt. Das Auto fährt nicht mehr.,The engine is broken. The car no longer runs.
other,beinahe,almost,beinahe,Ich habe heute beinahe den Bus verpasst.,I almost missed the bus today.
noun,Hof,"court, yard","der Hof, ¨-e",Die Kinder spielen am liebsten im Hof.,The children prefer to play in the courtyard.
verb,akzeptieren,to accept,"akzeptieren, akzeptiert, akzeptierte, hat akzeptiert",Ich kann diese Bedingungen nicht akzeptieren.,I cannot accept these conditions.
verb,(sich) anziehen,to get dressed,"(sich) anziehen, zieht an, zog an, hat angezogen","Du musst dich wärmer anziehen, sonst erkältest du dich.","You have to dress warmer, otherwise you'll catch a cold.",Heute ziehe ich mein neues T-Shirt an.,Today I'm putting on my new T-shirt.
verb,umgehen,"to bypass, get around","umgehen, geht um, ging um, ist umgegangen",Er kann sehr gut mit Kindern umgehen.,He is very good with children.
noun,Bauch,belly,"der Bauch, ¨-e",Mir tut der Bauch weh.,My stomach hurts.
other,gesamt-/Gesamt-,"total, whole",gesamt-/Gesamt-,Ich habe meine gesamten Bücher verschenkt.,I have given away all my books.,"z. B. Gesamtgewicht, Gesamtsumme","z. e.g. total weight, total sum"
noun,Kiste,"box, crate","die Kiste, -n (A, D) → D: Kasten",Ich habe zwei Kisten Bier gekauft.,I bought two crates of beer.
verb,landen,to land,"landen, landet, landete, ist gelandet",Wir sind erst um 20 Uhr in München gelandet.,We only landed in Munich at 8pm.,Wegen starken Nebels konnte die Maschine nicht in Frankfurt landen.,The plane was unable to land in Frankfurt due to heavy fog.
noun,Berg,mountain,"der Berg, -e",Die Zugspitze ist der höchste Berg in Deutschland.,The Zugspitze is the highest mountain in Germany.,Wir fahren jeden Sonntag in die Berge.,We go to the mountains every Sunday.,Auf dem Berg haben wir ein Picknick gemacht.,We had a picnic on the mountain.
noun,Untersuchung,"investigation, examination","die Untersuchung, -en",Ich habe morgen eine Untersuchung im Krankenhaus.,I have a check-up at the hospital tomorrow.
noun,Alarm,alarm,"der Alarm, -e",Bei Feueralarm dürfen Sie die Aufzüge nicht benutzen.,"If the fire alarm sounds, you may not use the elevators."
other,extra,extra,extra,Die Getränke kosten extra.,The drinks cost extra.,Warum sind Sie nicht gekommen? Ich habe extra auf Sie gewartet.,Why didn't you come? I waited especially for you.
verb,beobachten,to observe,"beobachten, beobachtet, beobachtete, hat beobachtet",Wer hat den Unfall beobachtet?,Who witnessed the accident?
noun,Eindruck,impression,"der Eindruck, ¨-e",Ich finde die Leute auf der Straße ziemlich unfreundlich. Wie ist dein Eindruck?,I find the people on the street pretty unfriendly. What is your impression?,"Ich glaube, ich habe bei dem Vorstellungsgespräch einen guten Eindruck gemacht.",I think I made a good impression at the interview.
verb,wehtun,to hurt,"wehtun, tut weh, tat weh, hat wehgetan",Wo tut es weh?,Where does it hurt?,Mir tut der Rücken weh.,My back hurts.,Hast du dir wehgetan?,Did you hurt yourself?
verb,springen,to jump,"springen, springt, sprang, ist gesprungen",Wir waren im Schwimmbad. Mein Sohn ist immer wieder ins Wasser gesprungen.,We went to the swimming pool. My son kept jumping into the water.,"Wie weit bist du heute gesprungen? – 3,40 m.","How far did you jump today? - 3,40 m."
noun,Gerät,device,"das Gerät, -e",Ich kaufe meine Elektrogeräte immer gebraucht. Das ist viel billiger.,I always buy my electrical appliances second-hand. It's much cheaper.
verb,(sich) interessieren,to interest/be interested in,"(sich) interessieren, interessiert, interessierte, hat interessiert (für + Akkusativ)",Das Thema Kindererziehung interessiert mich sehr.,I am very interested in the subject of raising children.,Ich interessiere mich sehr für Fußball.,I am very interested in soccer.
verb,fliehen,to flee,"fliehen, flieht, floh, ist geflohen",Der Einbrecher ist sofort geflohen.,The burglar fled immediately.
noun,Freundschaft,friendship,"die Freundschaft, -en",Deine Freundschaft ist mir sehr wichtig.,Your friendship is very important to me.
noun,Beruf,profession,"der Beruf, -e",Was sind Sie von Beruf?,What is your profession?
noun,Gebiet,"area, field","das Gebiet, -e",In diesem Gebiet gibt es kaum Industrie.,There is hardly any industry in this area.,Die Zeitschrift berichtet regelmäßig über Fortschritte auf dem Gebiet der Medizin.,The journal regularly reports on advances in the field of medicine.
other,jedoch,"however, though",jedoch,"Sie ruft immer wieder an, jedoch ohne Erfolg.","She calls again and again, but to no avail."
other,Prost,cheers,Prost,Wir trinken auf Ihre Gesundheit! Prost!,We drink to your health! Cheers!
noun,Brust,chest,"die Brust, -e",Ich habe Schmerzen in der Brust.,I have pain in my chest.
other,berufstätig,employed,berufstätig,Sind Sie berufstätig?,Are you employed?
noun,Jacke,jacket,"die Jacke, -n",Zieh dir eine Jacke an. Es ist kalt.,Put on a jacket. It's cold.
other,wild,wild,wild,Das ist ein wilder Fluss.,It's a wild river.,Spielt nicht so wild!,Don't play so wildly!
verb,zuhören,to listen,"zuhören, hört zu, hörte zu, hat zugehört",Hör mir doch mal zu!,Listen to me!
verb,(sich) trennen,to separate,"(sich) trennen, trennt, trennte, hat getrennt",Wir leben getrennt.,We live separately.,Meine Freundin und ihr Mann haben sich getrennt.,My girlfriend and her husband have separated.,Wir müssen den Müll trennen. Das kommt zum Altpapier.,We have to separate the waste. This goes with the waste paper.
noun,Vorschlag,"proposal, suggestion","der Vorschlag, ¨-e","Ich mache dir einen Vorschlag: Du hilfst mir beim Deutschlernen, und ich lade dich zum Essen ein.",I'll make you a deal: you help me learn German and I'll buy you dinner.
noun,Gift,poison,"das Gift, -e","Vorsicht, das Gift dieser Pflanze ist für Menschen gefährlich!","Caution, the poison of this plant is dangerous for humans!"
verb,vermissen,to miss (a person etc.),"vermissen, vermisst, vermisste, hat vermisst",Ich vermisse meine Familie.,I miss my family.
verb,beantworten,to answer,"beantworten, beantwortet, beantwortete, hat beantwortet",Sie haben meine Frage leider nicht beantwortet.,"Unfortunately, you have not answered my question."
other,deutlich,clear,deutlich,Schreiben Sie bitte deutlich!,Please write clearly!
verb,träumen,to dream (of),"träumen, träumt, träumte, hat geträumt (von + Dativ)",Ich habe schlecht geträumt.,I had a bad dream.,Ich träume von einem großen Haus mit Garten.,I dream of a big house with a garden.
noun,Müll,garbage,der Müll (Sg.),Bringst du bitte noch den Müllsack raus?,Could you please take out the garbage bag?,Wir müssen den Müll trennen.,We have to separate the waste.
noun,Mitte,"middle, center","die Mitte, -n",Wo möchten Sie sitzen? – In der Mitte.,Where would you like to sit? - In the middle.,Bis Mitte der Woche bin ich fertig.,I'll be finished by the middle of the week.,Ich habe Urlaub bis Mitte August.,I'm on vacation until mid-August.,"Den Schrank stellen wir ans Fenster, den Tisch in die Mitte.",We put the cupboard by the window and the table in the middle.
verb,erleben,to experience,"erleben, erlebt, erlebte, hat erlebt",In unserem Urlaub haben wir viel Schönes erlebt.,We experienced many wonderful things on our vacation.
noun,Geburt,birth,"die Geburt, -en",Wir gratulieren zur Geburt eures Kindes!,Congratulations on the birth of your child!
noun,Decke,"ceiling, blanket","die Decke, -n",Im Wohnzimmer haben wir keine Lampe an der Decke.,We don't have a lamp on the ceiling in the living room.,Kann ich noch eine Decke bekommen? Mir ist kalt.,Can I get another blanket? I'm cold.
noun,Rock,skirt,"der Rock, ¨-e",Diese Bluse passt nicht zu meinem Rock.,This blouse doesn't go with my skirt.
noun,Spiegel,mirror,"der Spiegel, -","Ich möchte gerne sehen, wie mein Kleid sitzt. Hast du einen Spiegel?",I would like to see how my dress fits. Do you have a mirror?
noun,Wetter,weather,"das Wetter, -",Ich habe Radio gehört. Das Wetter soll schön werden.,I've been listening to the radio. The weather is supposed to be nice.,Wir hatten im Urlaub schlechtes Wetter.,We had bad weather on vacation.,Bei schönem Wetter könnten wir ein Picknick machen.,"If the weather is nice, we could have a picnic."
noun,Regel,rule,"die Regel, -n",Im Straßenverkehr sind viele Regeln zu beachten.,There are many rules to follow in road traffic.,Wie geht dieses Spiel? Kennst du die Regeln?,How does this game work? Do you know the rules?,In der Regel geht sie um sieben Uhr aus dem Haus.,She usually leaves the house at seven o'clock.
other,einheitlich,uniform,einheitlich,Die Schüler dieser Schule tragen einheitliche Kleidung.,The pupils at this school wear uniform clothing.
verb,gucken,"to watch, look","gucken, guckt, guckte, hat geguckt",Guck doch mal! Es schneit.,Take a look! It's snowing.,Was bedeutet dieses Wort? – Guck doch im Wörterbuch nach.,What does this word mean? - Look it up in the dictionary.
noun,Strafe,penalty,"die Strafe, -n",Schwarzfahren kostet 60 Euro Strafe.,Fare dodging costs a fine of 60 euros.
noun,Kleidung,clothing,die Kleidung (Sg.),Hier brauchen Sie auch im Sommer warme Kleidung.,You will need warm clothing here even in summer.
noun,Gras,grass,"das Gras, -er",Wir lagen den ganzen Tag im Gras.,We lay in the grass all day.
noun,Brot,bread,"das Brot, -e","Brot kaufe ich immer beim Bäcker, nicht im Supermarkt.","I always buy bread from the bakery, not the supermarket.",Was möchtest du aufs Brot haben?,What would you like on your bread?,Nimm noch ein paar belegte Brote für die Fahrt mit.,Take a few sandwiches with you for the journey.
noun,Station,station,"die Station, -en",Sie müssen an der nächsten Station aussteigen.,You must get off at the next stop.,Meine Nachbarin liegt auf Station III.,My neighbor is in ward III.
other,hinterher,after(wards),hinterher,Vor der Prüfung habe ich so viel gelernt. Hinterher habe ich vieles wieder vergessen.,"I learned so much before the exam. Afterwards, I forgot a lot of things."
verb,verpassen,to miss (a scheduled thing),"verpassen, verpasst, verpasste, hat verpasst",Ich habe den Zug verpasst.,I missed the train.,Ich habe die 12-Uhr-Nachrichten verpasst.,I missed the 12 o'clock news.
noun,Hemd,shirt,"das Hemd, -en",Nikos trägt heute ein weißes Hemd.,Nikos is wearing a white shirt today.
verb,klären,to clarify,"klären, klärt, klärte, hat geklärt","Ich hoffe, wir können dieses Problem bald klären.",I hope we can resolve this issue soon.
other,praktisch,practical,praktisch,Ich finde diese Küchenmaschine sehr praktisch.,I find this food processor very practical.,Ich habe letzte Woche den Führerschein gemacht. Jetzt fehlt mir noch praktische Erfahrung.,I got my driver's license last week. Now I still need practical experience.,"Dieses Handy kann praktisch alles, was ein Computer kann.",This cell phone can do practically everything a computer can do.
noun,Theorie,theory,"die Theorie, -n",Das ist die Theorie. In der Praxis ist vieles ganz anders.,"That's the theory. In practice, things are very different."
noun,Notfall,emergency,"der Notfall, ¨-e",Wir haben einen Notfall. Bitte schicken Sie einen Krankenwagen.,We have an emergency. Please send an ambulance.,Im Notfall rufen Sie bitte diese Nummer an.,"In an emergency, please call this number."
other,schief,"crooked, askew",schief,Der Spiegel hängt ganz schief.,The mirror hangs askew.
noun,Bedeutung,meaning,"die Bedeutung, -en",Das Wort „Maus“ hat inzwischen zwei Bedeutungen.,The word "mouse" now has two meanings.
noun,Strom,"electricity, current","der Strom, ¨-e",Wie kann ich im Haushalt Strom sparen?,How can I save electricity at home?
noun,Zahl,number,"die Zahl, -en",Können Sie die Zahl bitte wiederholen?,Can you please repeat the number?,Die Zahl der Internetnutzer wird immer größer.,The number of Internet users is growing all the time.
noun,Talent,talent,"das Talent, -e",Sie hat großes Talent für Musik.,She has a great talent for music.
noun,Fernseher,TV,"der Fernseher, -",Der Fernseher ist schon wieder kaputt.,The TV is broken again.
verb,treiben,"to drive, do sports","treiben, treibt, trieb, hat getrieben",Welchen Sport treibst du?,What sport do you do?
other,ausgezeichnet,excellent,ausgezeichnet,Essen und Unterkunft waren ausgezeichnet.,The food and accommodation were excellent.
noun,"Täter, Täterin","perpetrator, criminal","der Täter, - die Täterin, -nen",Die Polizei hat den Täter endlich gefasst.,The police have finally caught the perpetrator.
noun,Dieb,thief,"der Dieb, -e",Ein Dieb hat mir auf dem Markt die Tasche gestohlen.,A thief stole my bag at the market.
other,offiziell,official,offiziell,Sie bekommen von uns eine offizielle Einladung.,You will receive an official invitation from us.
verb,dienen,to serve,"dienen, dient, diente, hat gedient",Solche Kontakte dienen der Verbesserung der internationalen Beziehungen.,Such contacts serve to improve international relations.,Dieser Raum dient als Aufenthaltsraum.,This room serves as a lounge.,Er hat der Firma viele Jahre lang gedient.,He has served the company for many years.
other,dauernd,"permanent, constant",dauernd,Das dauernde Klingeln des Telefons stört mich.,The constant ringing of the phone bothers me.,Er ist dauernd krank.,He is constantly ill.
noun,Geschmack,"taste, flavor","der Geschmack, "-e/"-er",Ich möchte bitte Kaugummi mit Erdbeergeschmack.,"I would like strawberry-flavored chewing gum, please."
noun,Familienstand,marital status,"der Familienstand (D, A) → Personenstand; CH: Zivilstand",Bei „Familienstand“ musst du „ledig“ ankreuzen.,"You must check ""single"" under ""Marital status""."
noun,Pech,bad luck,das Pech (Sg.),Es regnet. Unser Picknick fällt leider aus. – So ein Pech!,It's raining. Our picnic is unfortunately canceled. - What bad luck!,Wir hatten im Urlaub Pech mit dem Wetter.,We were unlucky with the weather on our vacation.
noun,"Schauspieler, Schauspielerin","actor, actress","der Schauspieler, - die Schauspielerin, -nen",Der Film war toll. Die Schauspieler waren sehr gut.,The movie was great. The actors were very good.
noun,Publikum,"audience, public",das Publikum (Sg.),Es war ein tolles Konzert. Das Publikum war begeistert.,It was a great concert. The audience was thrilled.
verb,wechseln,to change,"wechseln, wechselt, wechselte, hat gewechselt",Können Sie 50 Euro in Kleingeld/in Dollar wechseln?,Can you change 50 euros into change/dollars?,Kannst du Reifen wechseln?,Can you change tires?,Ich werde den Arzt wechseln. Dieser hier ist zu teuer.,I'm going to change doctors. This one is too expensive.
noun,Gas,gas,"das Gas, -e",Wir kochen mit Gas.,We cook with gas.,Gib Gas! Die Ampel ist grün.,Step on the gas! The traffic light is green.
noun,Sturm,storm,"der Sturm, ¨-e",Im Radio haben sie Regen und Sturm angesagt.,The radio announced rain and storms.
verb,wirken,to work,"wirken, wirkt, wirkte, hat gewirkt",Die Tabletten haben nicht gewirkt.,The tablets did not work.
verb,starten,to start,"starten, startet, startete, ist gestartet",Das Flugzeug ist pünktlich gestartet.,The plane took off on time.
verb,festhalten,"to hold on, hold tightly","festhalten, hält fest, hielt fest, hat festgehalten",Halt dich gut fest.,Hold on tight.,Halt die Flasche gut fest.,Hold the bottle firmly.
other,geheim,secret,geheim,Das ist geheim. Du darfst es niemandem sagen.,This is secret. You can't tell anyone.
noun,Abteilung,department,"die Abteilung, -en",Meine Freundin arbeitet in der Abteilung von Frau Kaufmann.,My friend works in Ms. Kaufmann's department.
noun,Papier,paper,"das Papier, -e",Hast du ein Blatt Papier für mich?,Do you have a piece of paper for me?,Bitte bringen Sie zu dem Termin alle Papiere mit.,Please bring all papers with you to the appointment.
verb,wetten,to bet,"wetten, wettet, wettete, hat gewettet","Wir haben gewettet, dass sie wieder zu spät kommt.",We bet that she would be late again.,"Wetten, dass es bald regnet?",Want to bet that it will rain soon?
other,gleichzeitig,at the same time,gleichzeitig,Ich kann nicht alles gleichzeitig machen.,I can't do everything at the same time.
other,hungrig,hungry,hungrig,Ich bin sehr hungrig.,I am very hungry.
verb,(sich) zwingen,to force,"(sich) zwingen, zwingt, zwang, hat gezwungen",Bitte zwing mich nicht etwas zu essen. Ich bin wirklich nicht hungrig.,Please don't make me eat anything. I'm really not hungry.,Das schlechte Wetter zwang uns umzukehren.,The bad weather forced us to turn back.
verb,unterstützen,to support,"unterstützen, unterstützt, unterstützte, hat unterstützt","Sie unterstützen mich, wo sie nur können.",They support me wherever they can.
other,rechtzeitig,on time,rechtzeitig,Bitte weck mich rechtzeitig. Ich muss pünktlich sein.,Please wake me up on time. I have to be on time.
other,streng,strict,streng,Unsere Tochter hat einen sehr strengen Lehrer.,Our daughter has a very strict teacher.
noun,Sendung,"broadcast, consignment","die Sendung, -en",Wir wiederholen die Sendung am Mai.,We will repeat the program on May.,Ich warte auf eine Postsendung.,I am waiting for a mail item.
noun,Treppe,stairs,"die Treppe, -n (D, CH) → A: Stiege",Wo ist die Toilette? – Die Treppe hoch und dann links.,Where is the toilet? - Up the stairs and then left.,Meine Oma kann nicht gut Treppen steigen.,My grandma is not good at climbing stairs.
verb,aufnehmen,"to record, take in, absorb","aufnehmen, nimmt auf, nahm auf, hat aufgenommen",Wir haben Aneta in unseren Verein aufgenommen.,We have accepted Aneta into our club.,Ich habe den Film im Urlaub aufgenommen.,I recorded the film on vacation.
noun,Schlange,"snake, (waiting) line","die Schlange, -n",Auf der Post gibt es immer eine lange (Warte-)Schlange.,There is always a long (waiting) line at the post office.
noun,Pizza,pizza,"die Pizza, -s/Pizzen",Lass uns eine Pizza bestellen!,Let's order a pizza!
noun,Hütte,cabin,"die Hütte, -n",Wir übernachten in der Hütte auf dem Berg.,We spend the night in the hut on the mountain.
noun,Mantel,coat,"der Mantel, ¨-",Es ist sehr kalt. Zieh deinen Mantel an.,It's very cold. Put on your coat.
verb,reiten,to ride,"reiten, reitet, ritt, ist geritten",Möchtest du gerne reiten lernen?,Would you like to learn to ride?
noun,Sack,sack,"der Sack, ¨-e",Ich hätte gern einen Sack Kartoffeln.,I would like a sack of potatoes.,Wo soll ich die Säcke mit dem Müll hinstellen?,Where should I put the bags of garbage?
noun,Personenstand,marital status,"der Personenstand, ¨-e → D, A: Familienstand; CH: Zivilstand",Bei „Personenstand“ musst du „ledig“ ankreuzen.,"Under ""Marital status"" you must check ""single""."
other,eindeutig,clear,eindeutig,Das Ergebnis ist eindeutig. Du hast gewonnen.,The result is clear. You have won.,Du kannst eindeutig besser kochen als ich.,You can clearly cook better than me.
noun,Unterhaltung,entertainment,"die Unterhaltung, -en",Wir wünschen Ihnen gute Unterhaltung.,We wish you good entertainment.
verb,gründen,to found,"gründen, gründet, gründete, hat gegründet",Frau Bauer hat eine eigene Firma gegründet.,Ms. Bauer has founded her own company.
noun,Mittel,"remedy, resource, medium","das Mittel, -",Haben Sie ein Mittel gegen Magenschmerzen?,Do you have a remedy for stomach pain?,Der Arzt hat mir ein Mittel gegen Grippe verschrieben.,The doctor prescribed me a remedy for the flu.,Das neue Waschmittel ist sehr gut.,The new detergent is very good.
other,neugierig,curious,neugierig,Die Nachbarn sind ziemlich neugierig.,The neighbors are quite curious.
noun,Leitung,management,"die Leitung, -en",Ab 1. Juli übernimmt Herr Meier die Leitung der Abteilung.,Mr. Meier will take over the management of the department from 1 July.,"Tut mir leid, alle Leitungen sind besetzt.","Sorry, all lines are busy.",Wir müssen eine neue Leitung legen lassen.,We have to have a new pipe laid.
verb,kennenlernen,to get to know,"kennenlernen, lernt kennen, lernte kennen, hat kennengelernt",Wo habt ihr euch kennengelernt?,Where did you meet?,Ich möchte gern reisen und andere Länder kennenlernen.,I would like to travel and get to know other countries.
other,auseinander,apart,auseinander,Wir wohnen nicht weit auseinander.,We don't live far apart.
verb,fressen,to eat (for animals),"fressen, frisst, fraß, hat gefressen",Hat der Hund schon etwas zu fressen bekommen?,Has the dog had anything to eat yet?
noun,Stoff,"fabric, substance","der Stoff, -e",Was für ein Stoff ist das? – Wolle.,What kind of fabric is that? - Wool.,In manchen Farben sind giftige Stoffe.,Some paints contain toxic substances.
other,eilig,urgent,eilig,Hast du es eilig?,Are you in a hurry?
noun,Schrank,"cupboard, cabinet","der Schrank, ¨-e (D, CH) → A, CH: Kasten",Die Handtücher liegen im Schrank.,The towels are in the cupboard.
noun,Virus,virus,"der Virus, Viren",Ich habe mal wieder einen Virus auf meinem Computer.,Once again I have a virus on my computer.
noun,Einladung,invitation,"die Einladung, -en",Danke für die Einladung.,Thank you for the invitation.
other,vernünftig,reasonable,vernünftig,Seien Sie doch vernünftig!,Be reasonable!,Das ist ein ganz vernünftiger Vorschlag.,That is a very sensible suggestion.
verb,greifen,to grab,"greifen, greift, griff, hat gegriffen",Greifen Sie doch zu!,Why don't you grab it!
other,per,per,per,Wie kann ich mich für den Kurs anmelden? – Per Fax oder E-Mail.,How can I register for the course? - By fax or e-mail.
noun,Mitglied,member,"das Mitglied, -er",Für Mitglieder ist der Eintritt zum Konzert gratis.,Admission to the concert is free for members.
noun,Feld,field,"das Feld, -er",Auf diesem Feld wächst Gemüse.,Vegetables grow in this field.
noun,Information,information,"die Information, -en",Bitte lesen Sie diese Informationen genau.,Please read this information carefully.,"Wenn Sie Fragen haben, gehen Sie zur Information.","If you have any questions, please go to the information desk."
verb,(sich) waschen,to wash,"(sich) waschen, wäscht, wusch, hat gewaschen",Ich habe die Bluse gerade frisch gewaschen.,I have just washed the blouse.,Wo kann ich mir die Hände waschen?,Where can I wash my hands?
verb,behaupten,to claim,"behaupten, behauptet, behauptete, hat behauptet","Er behauptet, unsere Meinung sei nicht wichtig.",He claims that our opinion is not important.,"Es ist schwer, sich gegen meinen Kollegen zu behaupten.",It's hard to stand up to my colleague.
noun,Stiege,stairs,"die Stiege, -n (A) → D, CH: Treppe",Wo ist die Toilette? – Die Stiege hoch und dann links.,Where is the toilet? - Up the stairs and then left.,Meine Oma kann nicht gut Stiegen steigen.,My grandma is not good at climbing stairs.
verb,warnen,to warn,"warnen, warnt, warnte, hat gewarnt",Ich warne Sie. Der Hund ist gefährlich.,I'm warning you. The dog is dangerous.
other,lecker,delicious,lecker,Das Essen war sehr lecker.,The food was very tasty.
noun,Klinik,clinic,"die Klinik, -en","Ich muss in die Klinik, um meinen kranken Onkel zu besuchen.",I have to go to the clinic to visit my sick uncle.
other,dicht,"tight, close, dense",dicht,Unsere Fenster sind nicht dicht. Es zieht immer.,Our windows are not airtight. There's always a draught.
verb,sich befinden,to be located,"sich befinden, befindet sich, befand sich, hat sich befunden",Das Bord-Bistro befindet sich in der Mitte des Zuges.,The on-board bistro is located in the middle of the train.
noun,"Bürger, Bürgerin",citizen,"der Bürger, - die Bürgerin, -nen",EU-Bürgerinnen und Bürger können überall in Europa arbeiten.,EU citizens can work anywhere in Europe.
noun,Hammer,hammer,"der Hammer, ¨-",Ich möchte ein Bild aufhängen. Hast du einen Hammer für mich?,I would like to hang up a picture. Do you have a hammer for me?
noun,Politik,"politics, policy","die Politik, -en",Ich interessiere mich nicht für Politik.,I'm not interested in politics.
verb,sich irren,to be wrong,"sich irren, irrt sich, irrte sich, hat sich geirrt","Du irrst dich. Das Auto war nicht grün, sondern rot.","You are wrong. The car wasn't green, it was red.",Ich habe mich in der Hausnummer geirrt.,I made a mistake with the house number.
noun,Krankenwagen,ambulance,"der Krankenwagen, -",Wir mussten einen Krankenwagen rufen.,We had to call an ambulance.
noun,Schnee,snow,der Schnee (Sg.),Im Februar gibt es oft viel Schnee.,There is often a lot of snow in February.
verb,entfernen,to remove,"entfernen, entfernt, entfernte, hat entfernt",Der Müll muss dringend entfernt werden.,The garbage must be removed urgently.,Das Hotel liegt etwa 100 m vom Strand entfernt.,The hotel is about 100 m from the beach.
other,erfolgreich,successful,erfolgreich,Mein Großvater war ein erfolgreicher Geschäftsmann.,My grandfather was a successful businessman.
noun,Brille,glasses,"die Brille, -n",Ich brauche eine neue Brille.,I need new glasses.
noun,Heimat,home,"die Heimat, -en",Ich lebe jetzt hier in Deutschland. Das ist meine neue Heimat.,I now live here in Germany. This is my new home.
noun,"Leiter, Leiterin",manager,"der Leiter, - die Leiterin, -nen",Wie heißt die Leiterin der Schule?,What is the name of the head of the school?
noun,Leiter,"ladder, manager","die Leiter, -n",Haben Sie eine Leiter für mich? Ich will die Fenster putzen.,Do you have a ladder for me? I want to clean the windows.
noun,Kauf,purchase,"der Kauf, -e",Der neue Esstisch war ein guter Kauf.,The new dining table was a good buy.
noun,Werk,"work, plant","das Werk, -e",Wir haben gestern das Werk besichtigt.,We visited the plant yesterday.
verb,bestätigen,to confirm,"bestätigen, bestätigt, bestätigte, hat bestätigt",Die Firma hat mir den Termin schriftlich bestätigt.,The company confirmed the appointment in writing.,"Ich kann bestätigen, dass er hier war.",I can confirm that he was here.
verb,empfangen,to receive,"empfangen, empfängt, empfing, hat empfangen",Wir können mit unserem Fernseher über 30 Programme empfangen.,We can receive over 30 programs on our television.,Die Gäste wurden sehr herzlich empfangen.,The guests received a very warm welcome.
noun,Zweck,purpose,"der Zweck, -e","Ich glaube, es hat keinen Zweck, sich zu bewerben. Der Job ist sicher schon weg.",I don't think there's any point in applying. The job is probably already gone.
noun,Gedanke,thought,"der Gedanke, -n",Ich muss zuerst meine Gedanken sammeln.,I have to gather my thoughts first.,Dein Hinweis bringt mich auf einen Gedanken.,Your comment gives me an idea.,Der Gedanke an das Unglück macht uns traurig.,The thought of misfortune makes us sad.,"Lass uns einen Ausflug machen, damit du auf andere Gedanken kommst.",Let's go on a trip to take your mind off things.,Sie ist ganz in Gedanken versunken.,She is completely lost in thought.
noun,Holz,wood,"das Holz, -er",Möchten Sie ein Regal aus Holz oder aus Metall?,Would you like a wooden or metal shelf?
noun,Scheidung,divorce,"die Scheidung, -en",Wann war die Scheidung?,When was the divorce?
noun,Bart,beard,"der Bart, ¨-e",John trägt jetzt einen Bart.,John now has a beard.
verb,riechen,to smell (of),"riechen, riecht, roch, hat gerochen (nach + Dativ)",Dieses Parfüm riecht sehr gut.,This perfume smells very good.,Im ganzen Haus riecht es nach Farbe.,The whole house smells of paint.,Ich bin erkältet. Ich kann nichts riechen.,I have a cold. I can't smell anything.
other,begeistert,"impressed, thrilled",begeistert,Es war ein tolles Konzert. Ich bin begeistert.,It was a great concert. I am thrilled.
noun,Ei,egg,"das Ei, -er",Möchtest du zum Frühstück ein Ei?,Would you like an egg for breakfast?
other,solch-,such,solch-,Solche Schuhe finde ich toll.,I think shoes like these are great.
other,meist(ens),"usually, mostly",meist(ens),Meistens trinke ich zum Frühstück nur einen Kaffee.,I usually just have a coffee for breakfast.,"Seid ihr am Wochenende zu Hause? – Ja, meistens.","Are you at home at the weekend? - Yes, most of the time."
noun,Stress,stress,"der Stress, -e",Ich habe bei der Arbeit viel Stress.,I have a lot of stress at work.
other,soviel,as far as,soviel,"Soviel ich weiß, hat dieses Restaurant heute Ruhetag.","As far as I know, this restaurant is closed today."
other,so viel/so viel wie,as much (as),so viel/so viel wie,Ich habe so viel gegessen. Jetzt ist mir schlecht.,I've eaten so much. Now I feel sick.,Ich verdiene nur halb so viel wie er.,I only earn half as much as he does.
noun,Stimmung,mood,"die Stimmung, -en",Es war eine tolle Party. Die Stimmung war sehr gut.,It was a great party. The atmosphere was very good.
noun,"Künstler, Künstlerin",artist,"der Künstler, - die Künstlerin, -nen",In diesem Stadtteil wohnen viele Künstlerinnen. Neben uns wohnt eine Musikerin.,Many female artists live in this part of town. A musician lives next door to us.
verb,wachsen,to grow,"wachsen, wächst, wuchs, ist gewachsen",Mein Sohn ist sehr gewachsen. Er ist jetzt schon größer als ich.,My son has grown a lot. He is now taller than me.,Ich will mir die Haare wachsen lassen.,I want to let my hair grow.,In meinem Garten wachsen Tomaten und Kartoffeln.,I grow tomatoes and potatoes in my garden.
noun,Urteil,"judgement, sentence","das Urteil, -e",Dein Urteil ist für mich sehr wichtig.,Your judgment is very important to me.,Das Urteil des Gerichts erscheint mir zu hart.,The court's judgment seems too harsh to me.
noun,Verlust,loss,"der Verlust, -e",Der Verlust meiner Uhr ärgert mich sehr.,I am very upset about losing my watch.
noun,Gaststätte,restaurant,"die Gaststätte, -n (D)",Ich arbeite seit einem Monat in einer Gaststätte.,I have been working in a restaurant for a month.
noun,Schulter,shoulder,"die Schulter, -n",Ich habe Schmerzen in der rechten Schulter.,I have pain in my right shoulder.
verb,anbieten,to offer,"anbieten, bietet an, bot an, hat angeboten",Darf ich Ihnen etwas zu trinken anbieten?,May I offer you something to drink?
verb,verwenden,to use,"verwenden, verwendet, verwendete, hat verwendet",Dieses Wort wird oft verwendet.,This word is often used.
noun,Unterricht,lesson,der Unterricht (Sg.),Der Unterricht dauert von 17 bis 19 Uhr.,The lessons last from 5 to 7 pm.
noun,Fett,fat,"das Fett, -e",Man soll nicht so viel Fett essen.,You shouldn't eat so much fat.
other,fett,fat(ty),fett,Die Wurst ist mir zu fett.,The sausage is too fatty for me.,Das ist aber eine fette Katze!,That's one fat cat!
verb,achten,to pay attention (to),"achten, achtet, achtete, hat geachtet (auf + Akkusativ)","Achten Sie bitte darauf, dass Sie abschließen, wenn Sie gehen.",Please make sure that you lock up when you leave.
other,gewohnt,"used to, usual",gewohnt,"Ich bin gewohnt, früh ins Bett zu gehen.",I'm used to going to bed early.
verb,einladen,to invite (to),"einladen, lädt ein, lud ein, hat eingeladen (zu + Dativ)",Darf ich Sie zum Essen einladen?,May I invite you to dinner?
noun,Käse,cheese,"der Käse, -",Möchtest du Käse aufs Brot?,Would you like cheese on your bread?
verb,aufwachen,to wake up,"aufwachen, wacht auf, wachte auf, ist aufgewacht",Von dem Lärm bin ich aufgewacht.,I woke up to the noise.
noun,Uniform,uniform,"die Uniform, -en","In der Schule, die sie besucht, trägt man Uniformen.",Uniforms are worn at the school she attends.
noun,Gesundheit,health,die Gesundheit (Sg.),Sie müssen mehr auf Ihre Gesundheit achten.,You need to pay more attention to your health.,Gesundheit! Sind Sie erkältet?,Health! Do you have a cold?
noun,Abenteuer,adventure,"das Abenteuer, -",Unser Urlaub war ein tolles Abenteuer.,Our vacation was a great adventure.,Die Kinder lieben Abenteuergeschichten.,Children love adventure stories.
verb,wiederholen,to repeat,"wiederholen, wiederholt, wiederholte, hat wiederholt",Ich wiederhole: Die Nummer ist 3487.,I repeat: the number is 3487.
verb,bestellen,"to order, tell sb. sth.","bestellen, bestellt, bestellte, hat bestellt",Wir haben Pizza bestellt.,We ordered pizza.,Ich bin für 16 Uhr zum Vorstellungsgespräch bestellt.,I am scheduled for an interview at 4 pm.,Ich soll Ihnen Grüße von Frau Meier bestellen.,Mrs. Meier sent her regards.
other,freiwillig,voluntary,freiwillig,Manchmal bleibe ich freiwillig länger im Büro.,Sometimes I voluntarily stay in the office longer.
noun,"Zeuge, Zeugin",witness,"der Zeuge, -n die Zeugin, -nen",Die Polizei sucht noch Zeugen für den Unfall.,The police are still looking for witnesses to the accident.
noun,Reifen,tire,"der Reifen, -",Ihr Wagen braucht neue Reifen.,Your car needs new tires.
verb,schenken,to give as a present,"schenken, schenkt, schenkte, hat geschenkt",Wir wollen dir zum Geburtstag etwas schenken.,We want to give you a birthday present.
noun,Realität,reality,"die Realität, -en",Das gefällt dir nicht? Aber das ist die Realität.,You don't like that? But that's the reality.
noun,Öffentlichkeit,public,die Öffentlichkeit (Sg.),Von solchen Dingen erfährt die Öffentlichkeit nur selten.,The public rarely hears about such things.,Ich möchte in der Öffentlichkeit nicht streiten.,I don't want to argue in public.
noun,"Verbrecher, Verbrecherin",criminal,"der Verbrecher, - die Verbrecherin, -nen",Die Polizei hat den Verbrecher verhaftet.,The police have arrested the criminal.
verb,liefern,to deliver,"liefern, liefert, lieferte, hat geliefert",Wir liefern Ihnen das Regal direkt ins Haus.,We deliver the shelf directly to your home.
verb,berichten,to report (on),"berichten, berichtet, berichtete, hat berichtet (über + Akkusativ)",Alle Zeitungen haben über den Unfall berichtet.,All the newspapers reported on the accident.
verb,(sich) verabschieden,to say goodbye (to),"(sich) verabschieden, verabschiedet, verabschiedete, hat verabschiedet (von + Dativ)",Ich wurde von meinen Freunden sehr nett verabschiedet.,I was given a very nice send-off by my friends.,Es ist schon 23 Uhr. Ich möchte mich verabschieden.,It's already 11 pm. I would like to say goodbye.
noun,Antrag,application,"der Antrag, ¨-e",Haben Sie schon einen Antrag für das Wohngeld ausgefüllt?,Have you already filled out an application for housing benefit?
noun,Verdacht,suspicion,"der Verdacht, -e/¨-e","Wer hat das Geld aus der Kasse genommen? – Ich weiß es nicht, aber ich habe einen Verdacht.","Who took the money from the till? - I don't know, but I have my suspicions.",Wen haben Sie in Verdacht?,Who do you suspect?
noun,e-card,e-card,"die e-card (A) → D: die Versichertenkarte",Haben Sie Ihre e-card dabei?,Do you have your e-card with you?
noun,"Patient, Patientin",patient,"der Patient, -en die Patientin, -nen",Ich bin Patientin bei Dr. Hausner. Ich möchte bitte einen Termin.,I am a patient of Dr. Hausner. I would like an appointment please.
verb,(sich) vorbereiten,to prepare (for),"(sich) vorbereiten, bereitet vor, bereitete vor, hat vorbereitet (auf + Akkusativ)",Am Sonntag machen wir ein kleines Fest. Ich muss noch viel dafür vorbereiten.,We're having a little party on Sunday. I still have a lot to prepare for it.,Ich muss mich auf meine Prüfung vorbereiten.,I have to prepare for my exam.
noun,Zucker,sugar,der Zucker (Sg.),Nehmen Sie Zucker in den Tee?,Do you put sugar in your tea?
noun,Tasse,cup,"die Tasse, -n",Die Tassen sind von meiner Großmutter.,The cups are from my grandmother.,Möchten Sie eine Tasse Kaffee?,Would you like a cup of coffee?
noun,Magen,stomach,"der Magen, ¨-",Mit tut der Magen weh. Ich habe Magenschmerzen.,My stomach hurts. My stomach hurts.
noun,Serie,series,"die Serie, -n","Meine Tochter liebt es, im Fernsehen Serien zu schauen.",My daughter loves watching series on television.
noun,Markt,market,"der Markt, ¨-e",Ich gehe heute auf den Markt.,I'm going to the market today.,Mittwochs und samstags ist bei uns Markt.,We have a market on Wednesdays and Saturdays.
other,korrekt,correct,korrekt,Ich habe die Rechnung geprüft. Alles ist korrekt.,I have checked the invoice. Everything is correct.
other,im Freien,outdoors,im Freien,Wir wollen heute im Freien übernachten.,We want to spend the night outdoors tonight.
verb,(sich) schneiden,"to cut, intersect","(sich) schneiden, schneidet, schnitt, hat geschnitten",Das Messer schneidet nicht.,The knife does not cut.,Hast du ein Pflaster? Ich habe mich geschnitten.,Do you have a plaster? I've cut myself.,Wann lässt du deine Haare schneiden?,When do you get your hair cut?
verb,sammeln,to collect,"sammeln, sammelt, sammelte, hat gesammelt",Mein Bruder sammelt Briefmarken.,My brother collects stamps.,Im Herbst sammeln wir im Wald Pilze.,"In the fall, we collect mushrooms in the forest."
noun,Wissenschaft,science,"die Wissenschaft, -en",Vertreter von Kunst und Wissenschaft treffen sich heute in Berlin.,Representatives from the worlds of art and science are meeting in Berlin today.
noun,Ursache,cause,"die Ursache, -n",Kennt man schon die Unfallursache?,Do you already know the cause of the accident?,Vielen Dank! – Keine Ursache!,Thank you very much! - You're welcome!
noun,Bereich,"area, field (of expertise)","der Bereich, -e",In welchem Bereich möchten Sie arbeiten?,In which area would you like to work?,Umfahren Sie den Baustellenbereich.,Drive around the roadworks area.
other,meinetwegen,"for my sake, for all I care",meinetwegen,Meinetwegen kannst du heute das Auto haben.,You can have the car today for all I care.
verb,ausziehen,"to move out, take off (clothes)","ausziehen, zieht aus, zog aus, hat/ist ausgezogen",Willst du den Mantel nicht ausziehen?,Don't you want to take off your coat?,Müllers sind schon vor vier Wochen ausgezogen.,The Müllers moved out four weeks ago.
noun,Viertel,"quarter, district","das Viertel, - (D, A) → CH: Quartier",Wir wohnen in einem schönen Viertel.,We live in a nice neighborhood.
noun,Roman,novel,"der Roman, -e",Ich lese gern Romane.,I like reading novels.
other,pünktlich,"punctual, on time",pünktlich,Seien Sie bitte pünktlich.,Please be on time.,Der Bus fährt pünktlich um acht Uhr.,The bus leaves punctually at eight o'clock.
verb,erfüllen,to fulfill,"erfüllen, erfüllt, erfüllte, hat erfüllt",Sie müssen den Vertrag in allen Punkten erfüllen.,You must fulfill the contract in all respects.,Wir erfüllen Ihnen jeden Wunsch.,We fulfill your every wish.
noun,Empfang,"reception, receipt, welcome","der Empfang, ¨-e",Bitte den Empfang bestätigen!,Please confirm receipt!,Ich bin mit dem Fernseher nicht zufrieden. Der Empfang ist sehr schlecht.,I am not satisfied with the TV. The reception is very poor.,Zur Firmeneröffnung bitten wir zu einem kleinen Empfang.,We invite you to a small reception at the company opening.
noun,Titel,title,"der Titel, -",Wie heißt der Film? – Ich weiß den Titel nicht mehr.,What is the name of the movie? - I can't remember the title.,"Haben Sie einen Titel? – Ja, Doktor.","Do you have a title? - Yes, doctor."
noun,Stil,style,"der Stil, -e",Ihr Stil ist sehr elegant.,Her style is very elegant.,Das Gebäude gefällt mir. Welcher Baustil ist das?,I like the building. What architectural style is it?
noun,Einfluss,influence,"der Einfluss, ¨-e",Das Wetter hat Einfluss auf die Gesundheit der Menschen.,The weather has an impact on people's health.
verb,sparen,to save,"sparen, spart, sparte, hat gespart","Ein Auto ist mir zu teuer, ich muss sparen.","A car is too expensive for me, I have to save money.","Um Strom zu sparen, schalten wir die Heizung nachts aus.","To save electricity, we switch off the heating at night."
noun,Miete,rent,"die Miete, -n",Unsere Miete ist sehr hoch.,Our rent is very high.,Wie viel Miete bezahlst du?,How much rent do you pay?
other,daneben,next to,daneben,"Du weißt doch, wo die Post ist. Gleich daneben ist die Bank.",You know where the post office is. The bank is right next door.
verb,prüfen,"to check, examine","prüfen, prüft, prüfte, hat geprüft","Bitte prüfen Sie sofort, ob die Rechnung stimmt.",Please check immediately whether the invoice is correct.
verb,(sich) fürchten,to be afraid,"(sich) fürchten, fürchtet, fürchtete, hat gefürchtet",Sie fürchtet sich vor Schlangen.,She is afraid of snakes.
noun,Training,training,"das Training, -s",Jeden Dienstag ist Training.,Training is every Tuesday.,Ich gehe jede Woche zum Training.,I go to training every week.
noun,Suppe,soup,"die Suppe, -n",Schmeckt dir die Suppe?,Do you like the soup?
noun,Sitz,seat,"der Sitz, -e",Ich suche für meinen Sohn einen Sitz fürs Auto. Erst ist erst drei Jahre alt.,I am looking for a car seat for my son. He is only three years old.
noun,Zivilstand,marital status,"der Zivilstand (CH) → Personenstand; D, A: Familienstand",Bei „Zivilstand“ musst du „ledig“ ankreuzen.,"You must check ""single"" under ""Marital status""."
noun,Vorteil,advantage,"der Vorteil, -e","Der Vorteil von dieser Wohnung ist, dass sie direkt im Zentrum liegt.",The advantage of this apartment is that it is located right in the center.
noun,Stern,star,"der Stern, -e",Heute sieht man viele Sterne am Himmel.,Today you can see many stars in the sky.
noun,Wirklichkeit,reality,"die Wirklichkeit, -en",Das Buch beschreibt die Wirklichkeit um 1900 sehr gut.,The book describes the reality around 1900 very well.,"Man sagte mir, das Buch kostet nur 9 Euro. In Wirklichkeit kostet es 14 Euro.","I was told that the book only costs 9 euros. In reality, it costs 14 euros."
noun,Kreis,circle,"der Kreis, -e",Die Kinder sitzen im Kindergarten im Kreis.,The children sit in a circle in the kindergarten.,Bitte malt jetzt alle einen Kreis in euer Heft.,Please draw a circle in your notebook.,Unser Ort gehört zum Kreis Neuss.,Our town belongs to the district of Neuss.
verb,bestehen,"to consist of (aus), pass (an exam), insist on (auf)","bestehen, besteht, bestand, hat bestanden (aus/auf + Dativ)",Das Modul Lesen besteht aus fünf Teilen.,The reading module consists of five parts.,Ich habe die Prüfung bestanden!,I passed the exam!,Ich bestehe auf einer Erklärung,I insist on an explanation
noun,Störung,"disturbance, malfunction","die Störung, -en",Entschuldigen Sie bitte die Störung.,We apologize for the inconvenience.
other,hässlich,ugly,hässlich,Das ist aber eine hässliche Lampe!,What an ugly lamp that is!,Dieses Kleid finde ich hässlich.,I think this dress is ugly.
noun,Zigarette,cigarette,"die Zigarette, -n",Wie viele Zigaretten rauchst du am Tag?,How many cigarettes do you smoke a day?
other,mutig,brave,mutig,"Es war sehr mutig von dir, deine Meinung laut zu sagen.",It was very brave of you to speak your mind out loud.
verb,(sich) ausruhen,to rest,"(sich) ausruhen, ruht aus, ruhte aus, hat ausgeruht",Sie ruhen sich von der Arbeit aus.,They rest from their work.,Bist du gut ausgeruht?,Are you well rested?
noun,Unglück,"misfortune, accident","das Unglück, -e",Bei dem Unglück gab es viele Verletzte.,Many people were injured in the accident.
other,eng,"tight, close",eng,Die Jacke ist mir zu eng.,The jacket is too tight for me.,Wir arbeiten mit dieser Firma eng zusammen.,We work closely with this company.
other,üben,practise,üben,Ich lerne gerade Gitarre spielen. Ich übe jeden Tag zwei Stunden.,I'm currently learning to play the guitar. I practise for two hours every day.
noun,"Wissenschaftler, Wissenschaftlerin",scientist,"der Wissenschaftler, - die Wissenschaftlerin, -nen",Sie ist Wissenschaftlerin an der Universität.,She is a scientist at the university.
noun,Reaktion,reaction,"die Reaktion, -en",Diese Reaktion ist typisch für ihn.,This reaction is typical for him.
noun,Dusche,shower,"die Dusche, -n",Wir haben leider nur noch ein Zimmer mit Dusche.,"Unfortunately, we only have one room left with a shower.",Unsere Wohnung hat nur eine Dusche.,Our apartment only has a shower.
noun,"Mitarbeiter, Mitarbeiterin",employee,"der Mitarbeiter, - die Mitarbeiterin, -nen",Unsere Firma hat sieben Mitarbeiter.,Our company has seven employees.
other,befreit,"exempt, freed",befreit,Studenten und Studentinnen sind von den Rundfunk-Gebühren befreit.,Students are exempt from broadcasting fees.
other,rund,round,rund,Wir haben für unser Wohnzimmer einen runden Tisch gekauft.,We bought a round table for our living room.,Bis Berlin sind es noch rund 40 Kilometer.,It is still around 40 kilometers to Berlin.
noun,Fieber,fever,das Fieber,Plötzlich habe ich hohes Fieber bekommen.,Suddenly I got a high temperature.
verb,leiten,"to lead, guide","leiten, leitet, leitete, hat geleitet",Wer leitet den Kurs?,Who leads the course?
other,unheimlich,"scary, uncanny, creepy",unheimlich,Ich mag dieses Haus nicht. Es sieht unheimlich aus.,I don't like this house. It looks scary.,Diese Person ist mir unheimlich.,This person gives me the creeps.,Lass uns umkehren. Mir wird im Dunkeln unheimlich.,Let's turn back. I get spooky in the dark.,Die Prüfung war unheimlich schwer.,The test was incredibly difficult.
other,extrem,extreme,extrem,Die Prüfung war extrem schwer.,The test was extremely difficult.
noun,Kloß,dumpling,"der Kloß, ¨-e (D) → D, A: Knödel","Möchten Sie zum Fleisch Kartoffeln oder Klöße? – Klöße, bitte.",Would you like potatoes or dumplings with your meat?
noun,Ausweis,identification,"der Ausweis, -e",Darf ich mal Ihren Ausweis sehen?,May I see your ID?
noun,Sport,sport,"der Sport, -e",Für Sport interessiere ich mich sehr.,I am very interested in sport.,Ich mache viel Sport.,I do a lot of sport.
noun,Text,text,"der Text, -e",Lesen Sie den Text.,Read the text.
other,nebenan,next door,nebenan,"Das ist José, er wohnt nebenan.","This is José, he lives next door."
noun,Staub,dust,"der Staub, -e/¨-e",Ich habe überall Staub gewischt.,I dusted everywhere.
verb,testen,to test,"testen, testet, testete, hat getestet",Testen Sie unsere Angebote kostenlos.,Test our offers free of charge.
noun,Auftritt,"performance, appearance","der Auftritt, -e",Nach dem Auftritt feiern die Musiker.,The musicians celebrate after the performance.
noun,Gegner,opponent,"der Gegner, -",Sie ist eine Gegnerin von Tierversuchen.,She is an opponent of animal testing.,Die Mannschaft aus Frankreich war ein sehr starker Gegner.,The team from France was a very strong opponent.
noun,Wunde,wound,"die Wunde, -n",Die Wunde müssen wir sofort verbinden.,We have to dress the wound immediately.
noun,"Profisportler, Profisportlerin",professional sportsman/sportswoman,"der Profisportler, - die Profisportlerin, -nen",Mein Sohn möchte Profisportler werden.,My son wants to become a professional athlete.
noun,Linie,line,"die Linie, -n",Zum Hauptbahnhof können Sie mit der Linie 8 fahren.,You can take line 8 to the main station.
noun,Bauer,farmer,"der Bauer, -n",Wir kaufen unser Gemüse beim Bauern.,We buy our vegetables from the farmer.
verb,einkaufen,to shop,"einkaufen, kauft ein, kaufte ein, hat eingekauft",Wir gehen einmal pro Woche einkaufen.,We go shopping once a week.
noun,Kreuz,cross,"das Kreuz, -e",Was bedeutet dieses Kreuz hier?,What does this cross here mean?
noun,"Spieler, Spielerin",player,"der Spieler, - die Spielerin, -nen",Für dieses Spiel braucht man zwei bis vier Spieler.,You need two to four players for this game.,Beim Fußball gibt es elf Spieler.,There are eleven players in soccer.
noun,Verabredung,appointment,"die Verabredung, -en",Ich habe um 15 Uhr eine Verabredung mit Klaus.,I have an appointment with Klaus at 3 pm.
verb,(sich) umdrehen,to turn around,"(sich) umdrehen, dreht um, drehte um, hat umgedreht",Dreh dich mal um. Da hinten liegt das Buch doch.,Turn around. The book is over there.,Dreh das Blatt um; die Lösung steht auf der Rückseite.,Turn the sheet over; the solution is on the back.
other,negativ,negative,negativ,Du solltest nicht alles negativ sehen.,You shouldn't see everything in a negative light.
noun,"Migrant, Migrantin",migrant,"der Migrant, -en die Migrantin, -nen",Viele Migranten kommen aus Osteuropa.,Many migrants come from Eastern Europe.
noun,Schild,"sign, label, tag","das Schild, -er","Kannst du lesen, was dort auf dem Schild steht?",Can you read what it says on the sign?,Machen Sie bitte das Schild ab? Der Pullover ist ein Geschenk.,Could you please take the tag off? The sweater is a gift.
verb,(sich) verbrennen,to burn,"(sich) verbrennen, verbrennt, verbrannte, hat verbrannt",Ich werde alle Briefe verbrennen.,I will burn all the letters.,Der Herd war noch heiß. Ich habe mich verbrannt.,The stove was still hot. I burned myself.
noun,Kühlschrank,refrigerator,"der Kühlschrank, ¨-e",Stell die Milch in den Kühlschrank!,Put the milk in the fridge!
verb,wenden,to turn,"wenden, wendet, wendete, hat gewendet","Sie müssen zurückfahren, aber hier dürfen Sie nicht wenden.","You have to drive back, but you are not allowed to turn around here."
noun,Start,start,"der Start, -s",Bleiben Sie bitte während des Starts sitzen.,Please remain seated during take-off.
noun,Sand,sand,"der Sand, -e",Die Kinder spielen gern im Sand.,The children love playing in the sand.
noun,Rückkehr,return,die Rückkehr (Sg.),Nach meiner Rückkehr haben wir ein großes Fest gefeiert.,"After my return, we had a big party."
noun,Hafen,"port, harbor","der Hafen, ¨-","Wenn du in Hamburg bist, musst du dir unbedingt den Hafen ansehen.","If you're in Hamburg, you absolutely have to visit the harbor."
noun,Kindheit,childhood,"die Kindheit, -en",In meiner Kindheit war ich oft auf dem Land bei meinen Großeltern.,"As a child, I often spent time in the countryside with my grandparents."
verb,vermeiden,to avoid,"vermeiden, vermeidet, vermied, hat vermieden","Der Arzt sagt, ich soll Stress vermeiden.",The doctor says I should avoid stress.
noun,Fabrik,factory,"die Fabrik, -en",Ich arbeite in einer Autofabrik.,I work in a car factory.
other,angenehm,pleasant,angenehm,Wir wünschen Ihnen eine angenehme Reise.,We wish you a pleasant journey.
verb,planen,to plan,"planen, plant, plante, hat geplant","Wir haben geplant, diesmal im Urlaub nach Österreich zu fahren.",We have planned to go to Austria on vacation this time.,Unser Familientreffen ist für Juni geplant.,Our family reunion is planned for June.
verb,klingen,to sound,"klingen, klingt, klang, hat geklungen","Wollen wir einkaufen gehen und danach zusammen kochen? – Ja, das klingt gut.","Shall we go shopping and then cook together? - Yes, that sounds good."
noun,Appetit,appetite,der Appetit (Sg.),Ich habe heute keinen Appetit. Ich mag nichts essen.,I have no appetite today. I don't want to eat anything.,Auf was hast du Appetit? Vielleicht auf einen Salat?,What are you in the mood for? Maybe a salad?,Guten Appetit!,Enjoy your meal!
other,berühmt,famous,berühmt,Michael Schumacher ist ein berühmter Rennfahrer.,Michael Schumacher is a famous racing driver.
noun,Aufnahme,recording,"die Aufnahme, -n",Bitte seid leise! – Ich starte die Aufnahme.,Please be quiet! - I'll start the recording.
noun,Schokolade,chocolate,"die Schokolade, -n",Ich habe eine Tafel Schokolade gegessen.,I ate a bar of chocolate.,Bringen Sie mir bitte eine Tasse heiße Schokolade.,Please bring me a cup of hot chocolate.
noun,Garage,garage,"die Garage, -n",Hier ist eine Garage zu vermieten.,A garage is for rent here.
noun,Gepäck,luggage,das Gepäck (Sg.),Ich habe mein Gepäck am Bahnhof gelassen.,I left my luggage at the station.
verb,telefonieren,to phone,"telefonieren, telefoniert, telefonierte, hat telefoniert",Ich muss kurz telefonieren.,I need to make a quick phone call.,Mein Mann telefoniert gerade. Können Sie später noch einmal anrufen?,My husband is on the phone right now. Can you call back later?
verb,informieren,to inform,"informieren, informiert, informierte, hat informiert",Wir informieren Sie rechtzeitig über die neuen Prüfungstermine.,We will inform you of the new examination dates in good time.,Du musst dich vor der Reise genau über die Bedingungen informieren.,You must find out exactly what the conditions are before you travel.
noun,Jugend,youth,die Jugend (Sg.),In meiner Jugend habe ich mich sehr für Musik interessiert.,I was very interested in music when I was young.
noun,Feier,celebration,"die Feier, -n",Es war eine schöne Feier.,It was a beautiful celebration.
noun,Benzin,"gasoline, petrol","das Benzin, -e",Das Benzin soll wieder teurer werden.,Petrol is set to become more expensive again.
noun,Mauer,wall,"die Mauer, -n",Die Kinder sind über die Mauer geklettert.,The children climbed over the wall.
noun,Abschluss,"conclusion, completion, graduation","der Abschluss, ¨-e",Ein guter Schulabschluss ist sehr wichtig.,A good school-leaving certificate is very important.
noun,Technik,"technology, technique","die Technik, -en",Ich verstehe nicht viel von Technik.,I don't know much about technology.,"Um die Aufgaben zu lösen, brauchst du eine gute Arbeitstechnik.","To solve the tasks, you need a good working technique."
noun,Anzeige,"display, advertisement, (criminal) report","die Anzeige, -n","Ich habe alle Anzeigen gelesen, aber die Wohnungen sind zu teuer.","I have read all the ads, but the apartments are too expensive.","Hier dürfen Sie nicht parken, sonst bekommen Sie eine Anzeige.","You are not allowed to park here, otherwise you will be reported to the police."
noun,Ergebnis,result,"das Ergebnis, -se",Ein so gutes Ergebnis hat uns alle überrascht.,We were all surprised by such a good result.
noun,Eile,"haste, hurry",die Eile (Sg.),Ich bin sehr in Eile,I am in a great hurry,Das hat keine Eile.,There's no hurry.
other,innen,inside,innen,Der Lichtschalter ist innen links.,The light switch is on the inside left.
other,einig-,"some, several",einig-,In diesem Bericht sind einige Fehler.,There are some errors in this report.,Das wird noch einige Zeit dauern.,That will take some time yet.,"Einige Leute sind für das Gesetz, aber viele sind auch dagegen.","Some people are in favor of the law, but many are also against it."
noun,Migration,migration,"die Migration, -en",Gestern gab es im Fernsehen eine Diskussion zum Thema Migration.,Yesterday there was a discussion on TV about migration.
other,nützlich,useful,nützlich,Danke für den Tipp. Das war sehr nützlich.,Thanks for the tip. That was very useful.
other,inner-,internal,inner-,"Wir müssen Sie untersuchen. Es kann sein, dass Sie innere Verletzungen haben.",We need to examine you. You may have internal injuries.
other,gewöhnlich,usually,gewöhnlich,Um die Zeit ist er gewöhnlich zu Hause.,He is usually at home at this time.
noun,Ware,goods,"die Ware, -n",Wir liefern Ihnen die Ware direkt ins Haus.,We deliver the goods directly to your home.
noun,Figur,"figure, shape","die Figur, -en",Lars hat eine gute Figur.,Lars has a good figure.,Bei diesem Spiel hat jeder Spieler vier Figuren.,"In this game, each player has four figures."
other,kürzlich,recently,kürzlich,"Wir haben doch kürzlich darüber gesprochen, dass wir am Wochenende wegfahren wollen.",We recently talked about going away for the weekend.
noun,Material,material,"das Material, -en",Aus welchem Material ist der Schrank? – Aus Holz.,What material is the cabinet made of? - Wood.
verb,einfallen,"to come to mind, collapse","einfallen, fällt ein, fiel ein, ist eingefallen","Mir ist wieder eingefallen, wie das Buch heißt.",I remembered the name of the book.,"Das Kartenhaus fiel ein, als ein Windstoß durch das Zimmer wehte.",The house of cards collapsed when a gust of wind went through the room.
noun,Fantasie/Phantasie,"imagination, fantasy","die Fantasie/Phantasie, -n",Mein Sohn malt sehr gut. Er hat viel Fantasie.,My son draws very well. He has a lot of imagination.
noun,Satz,sentence,"der Satz, ¨-e",Den letzten Satz verstehe ich nicht.,I don't understand the last sentence.
other,nass,wet,nass,Es hat schrecklich geregnet. Ich bin ganz nass geworden.,It rained terribly. I got all wet.,Geh nicht mit den nassen Schuhen ins Wohnzimmer.,Don't go into the living room with wet shoes.
verb,begrüßen,to welcome,"begrüßen, begrüßt, begrüßte, hat begrüßt",Der Gastgeber begrüßt seine Gäste.,The host welcomes his guests.
verb,überraschen,to surprise,"überraschen, überrascht, überraschte, hat überrascht","Ich bin ganz überrascht, dass die Wohnung so billig ist.",I'm quite surprised that the apartment is so cheap.
noun,Führung,"guide, lead, management","die Führung, -en",Die nächste Führung beginnt um 15 Uhr.,The next guided tour starts at 3 pm.,Bayern München liegt in Führung.,Bayern Munich is in the lead.
noun,Unterlagen,documents,die Unterlagen (Pl.),Ich schicke Ihnen alle Unterlagen mit der Post zu.,I will send you all the documents by post.
noun,Kette,chain,"die Kette, -n",Ich habe zum Geburtstag eine goldene Kette bekommen.,I received a gold necklace for my birthday.
noun,Lärm,noise,der Lärm (Sg.),Die Flugzeuge machen einen schrecklichen Lärm.,The airplanes make a terrible noise.
noun,"Arbeiter, Arbeiterin",worker,"der Arbeiter, - die Arbeiterin, -nen",Maria ist seit zwei Jahren Arbeiterin bei Siemens.,Maria has been working at Siemens for two years.
noun,Humor,humor,"der Humor, -e","Wir mögen Paul, weil er so viel Humor hat.",We like Paul because he has such a great sense of humor.,Den Humor des Komikers verstehe ich nicht.,I don't understand the comedian's sense of humor.
noun,Organisation,organization,"die Organisation, -en",Die Organisation des Festes war sehr gut.,The organization of the festival was very good.,Sind Sie Mitglied in einer Organisation?,Are you a member of an organization?
noun,Studio,studio,"das Studio, -s",Zu Gast im Studio sind heute ...,Today's guests in the studio are ...
noun,Teller,plate,"der Teller, -",Stell bitte schon mal die Teller auf den Tisch!,Please put the plates on the table!,Willst du noch einen Teller Suppe?,Would you like another bowl of soup?
noun,Original,original,"das Original, -e",Das Original ist für Sie. Wir bekommen die Kopie.,The original is for you. We get the copy.
other,original,original,original,Ich muss das originale Dokument abgeben.,I have to hand in the original document.
verb,verbinden,to connect,"verbinden, verbindet, verband, hat verbunden",Wir müssen die Wunde sofort verbinden.,We have to dress the wound immediately.,"Sie sind falsch verbunden! Hier ist Müller, nicht Meyer.","You are connected incorrectly! This is Müller, not Meyer."
noun,Wäsche,laundry,die Wäsche (Sg.),Ich muss heute noch Wäsche waschen.,I have to do laundry today.,Kannst du bitte die Wäsche aufhängen?,Can you please hang up the washing?
noun,Rätsel,"puzzle, riddle","das Rätsel, -",Ich kann dieses Rätsel nicht lösen.,I can't solve this puzzle.
noun,Kopie,copy,"die Kopie, -n",Machst du mir bitte eine Kopie?,Can you make me a copy please?
verb,besitzen,to own,"besitzen, besitzt, besaß, hat besessen",Besitzt Ihre Frau ein eigenes Auto?,Does your wife have her own car?
other,ungewöhnlich,unusual,ungewöhnlich,"Ich finde diese Speise ungewöhnlich, aber sie schmeckt gut.","I find this dish unusual, but it tastes good."
noun,Höhe,height,"die Höhe, -n","Mein Tisch hat folgende Maße: Länge: 1,20 m, Breite: 0,60 m, Höhe: 0,80 m.","My table has the following dimensions: length: 1.20 m, width: 0.60 m, height: 0.80 m.",Wir fliegen jetzt in 6000 m Höhe.,We are now flying at an altitude of 6000 meters.
verb,beschreiben,to describe,"beschreiben, beschreibt, beschrieb, hat beschrieben",Kannst du mir den Weg zum Flughafen beschreiben?,Can you describe the way to the airport?
other,notwendig,necessary,notwendig,"Muss ich nochmal wiederkommen? – Nein, das ist nicht notwendig.","Do I have to come back again? - No, that is not necessary."
other,höchstens,at most,höchstens,Ich habe wenig Zeit. Ich kann höchstens eine Viertelstunde bleiben.,I don't have much time. I can stay for fifteen minutes at most.
other,außen,outside,außen,Wir haben das Schloss nur von außen gesehen.,We only saw the castle from the outside.,Außen ist das Haus nicht sehr schön.,The outside of the house is not very nice.
other,einzig-,"the only, sole, single",einzig-,Wir waren die einzigen Gäste.,We were the only guests.,"Das war das einzige Mal, dass ich ihn gesehen habe.",That was the only time I saw him.
noun,Fahrrad,bicycle,"das Fahrrad, ¨-er → D, A: Rad; CH: Velo",Sie fährt jeden Morgen mit dem Fahrrad zur Arbeit.,She rides her bike to work every morning.
other,bequem,"comfortable (for things, places)",bequem,Meine Kinder ziehen am liebsten bequeme Sachen an.,My children prefer to wear comfortable clothes.,Im Supermarkt einkaufen ist sehr bequem.,Shopping in the supermarket is very convenient.,Diesen Sessel finde ich sehr bequem.,I find this armchair very comfortable.
noun,"Kollege, Kollegin",colleague,"der Kollege, -n die Kollegin, -nen",Ich habe guten Kontakt zu meinen Kollegen.,I have good contact with my colleagues.,Mein neuer Kollege ist sehr nett.,My new colleague is very nice.
other,"derselbe, dieselbe, dasselbe",the same,"derselbe, dieselbe, dasselbe",Mein Freund und ich gehen in dieselbe Schule.,My boyfriend and I go to the same school.
noun,Konto,account,"das Konto, Konten",Ich möchte ein Konto eröffnen.,I would like to open an account.,Das Geld überweisen wir am 1. März auf Ihr Konto.,We will transfer the money to your account on March 1.
noun,Tipp,tip,"der Tipp, -s",Kannst du mir einen Tipp geben? Wo finde ich billige Möbel?,Can you give me a tip? Where can I find cheap furniture?
verb,umziehen,to move (places),"umziehen, zieht um, zog um, ist umgezogen",Familie Meier ist letzten Monat umgezogen. Sie wohnen nicht mehr hier.,The Meier family moved last month. They no longer live here.
other,zunächst,"first (of all), at first",zunächst,Zunächst möchte ich alle begrüßen!,"First of all, I would like to welcome everyone!"
verb,sich umziehen,to change clothes,"sich umziehen, zieht sich um, zog sich um, hat sich umgezogen","Bevor wir zur Party gehen, möchte ich mich umziehen.","Before we go to the party, I want to change."
other,typisch,typical,typisch,Im Hotel gab es typisch deutsches Essen.,The hotel served typical German food.,"Er kommt wieder zu spät, das ist typisch.","He's late again, that's typical.",Diese Musik ist typisch für dieses Land.,This music is typical of this country.
noun,Technologie,technology,"die Technologie, -n",Große Fortschritte gab es in der Technologie.,Great progress has been made in technology.
other,umso,all the more,umso,"Je früher wir dort sind, umso besser sind unsere Chancen auf einen guten Sitzplatz.","The earlier we get there, the better our chances of getting a good seat.","Ich kann dir nicht nur heute, sondern auch morgen helfen. – Umso besser!","I can help you not only today, but also tomorrow. - So much the better!"
noun,Universität,university,"die Universität, -en",Mein Sohn studiert an der Universität.,My son is studying at university.
verb,heben,to lift,"heben, hebt, hob, hat gehoben",Kannst du mir helfen? Das Paket kann ich allein nicht heben.,Can you help me? I can't lift the parcel on my own.,"Wenn Sie für diesen Vorschlag sind, heben Sie bitte die Hand!","If you are in favor of this proposal, please raise your hand!"
noun,"Koch, Köchin",cook,"der Koch, ¨-e die Köchin, -nen",Ein Freund von mir ist Koch in einem teuren Restaurant.,A friend of mine is a chef in an expensive restaurant.
noun,Katastrophe,disaster,"die Katastrophe, -n",Der Urlaub war eine Katastrophe. Es hat nur geregnet.,The vacation was a disaster. It only rained.
noun,Prüfung,"examination, test","die Prüfung, -en",Mein Freund hat die Prüfung bestanden.,My friend passed the test.
noun,Versicherung,insurance,"die Versicherung, -en",Sie sollten eine Versicherung für Ihr Gepäck abschließen.,You should take out insurance for your luggage.,Sie müssen den Unfall der Versicherung melden.,You must report the accident to the insurance company.
noun,"Ehefrau, Ehemann","wife, husband","die Ehefrau, -ender Ehemann, ¨-er",Wie heißt Ihre Ehefrau mit Vornamen?,What is your wife's first name?
verb,tauschen,to swap,"tauschen, tauscht, tauschte, hat getauscht",Ich würde meinen Kuchen gegen dein Brot tauschen.,I would swap my cake for your bread.,Wollen wir die Plätze tauschen?,Shall we swap places?
verb,einstellen,to set,"einstellen, stellt ein, stellte ein, hat eingestellt",Die Firma wird in diesem Jahr drei neue Leute einstellen.,The company will hire three new people this year.,Das Gerät ist nicht richtig eingestellt.,The device is not set correctly.
noun,Girokonto,current account,"das Girokonto, -en",Mein Girokonto kostet gar nichts.,My current account costs nothing.
verb,reagieren,to react (to),"reagieren, reagiert, reagierte, hat reagiert (auf + Akkusativ)","Ich habe dem Vermieter geschrieben, aber er hat noch nicht reagiert.","I have written to the landlord, but he has not yet responded."
verb,senden,to send,"senden, sendet, sendete/sandte, hat gesendet/gesandt",Bitte senden Sie uns die Unterlagen per E-Mail.,Please send us the documents by e-mail.,Können Sie uns die Post bitte nachsenden?,Can you please forward the mail to us?
noun,"Reporter, Reporterin",reporter,"der Reporter, - die Reporterin, -nen",Die Reporterin macht gerade ein Interview.,The reporter is doing an interview.
verb,abgeben,to hand in/off,"abgeben, gibt ab, gab ab, hat abgegeben",Ich soll dieses Päckchen bei Herrn Müller abgeben.,I am to hand this parcel in to Mr. Müller.
noun,Bibliothek,library,"die Bibliothek, -en",Die Stadtbibliothek hat bereits geschlossen.,The city library is already closed.
verb,schalten,to switch,"schalten, schaltet, schaltete, hat geschaltet","Schalten Sie bitte das Licht aus, wenn Sie gehen.",Please switch off the light when you leave.,Kannst du bitte den Fernseher einschalten. Jetzt kommen gleich die Nachrichten.,Can you please turn on the TV. The news is about to come on.,Du musst jetzt in den ersten Gang schalten.,You must now shift into first gear.
verb,sich gewöhnen,to get used to,"sich gewöhnen, gewöhnt, gewöhnte, hat gewöhnt/ist gewöhnt (an + Akkusativ)",Wir haben uns an das Leben hier gewöhnt.,We have become accustomed to life here.,"Ich bin daran gewöhnt, früh aufzustehen.",I'm used to getting up early.
noun,Gewicht,weight,"das Gewicht, -e",Wie teuer ist das Päckchen? – Das hängt vom Gewicht ab.,How much does the parcel cost? - That depends on the weight.,Sie dürfen Gepäck bis zu einem Gewicht von 15 kg mitnehmen.,You may take luggage weighing up to 15 kg with you.
verb,schieben,to push,"schieben, schiebt, schob, hat geschoben",Leider ist mein Fahrrad kaputtgegangen. Ich musste es nach Hause schieben.,"Unfortunately, my bike broke down. I had to push it home.",Wir können den Schrank links an die Wand schieben; dann haben wir mehr Platz.,We can push the cupboard to the left against the wall; then we have more space.
other,weich,soft,weich,Ich möchte zum Frühstück ein weiches Ei.,I would like a soft egg for breakfast.,Das Bett im Hotel war mir zu weich.,The bed in the hotel was too soft for me.
noun,Bahnhof,(train) station,"der Bahnhof, ¨-e",Ich bringe Sie zum Bahnhof.,I'll take you to the station.
other,erschöpft,exhausted,erschöpft,Nach dem Sport bin ich immer sehr erschöpft.,I'm always very exhausted after sport.
other,taub,deaf,taub,"Sie hört schlecht, sie ist schon fast taub.","She can't hear well, she's almost deaf.",Bist du taub? Ich spreche mit dir!,Are you deaf? I'm talking to you!
noun,Konzert,concert,"das Konzert, -e",Für das Konzert am Sonntag gibt es noch Karten.,Tickets are still available for the concert on Sunday.
other,doppelt,"duplicate, double",doppelt,Das Buch habe ich doppelt.,I have two copies of the book.
noun,Vergleich,comparison,"der Vergleich, -e",Ein Vergleich ist schwer möglich.,A comparison is difficult to make.,Im Vergleich zum Wetter letzte Woche ist es heute warm.,"Compared to the weather last week, it's warm today."
other,herzlich,cordial,herzlich,Herzlichen Glückwunsch!,Congratulations!
verb,leihen,to borrow,"leihen, leiht, lieh, hat geliehen",Ich habe mir von meinem Bruder 50 Euro geliehen.,I borrowed 50 euros from my brother.,Ich kann dir mein Fahrrad leihen.,I can lend you my bike.,Sie können das Buch in der Bibliothek ausleihen.,You can borrow the book from the library.
noun,Laune,mood,"die Laune, -n","Heute geht es mir besser, aber gestern hatte ich richtig schlechte Laune.","I'm feeling better today, but yesterday I was in a really bad mood."
noun,Puppe,doll,"die Puppe, -n",Unsere kleine Tochter bekommt zum Geburtstag eine Puppe.,Our little daughter is getting a doll for her birthday.
noun,Übung,exercise,"die Übung, -en",Diese Übung war sehr schwer.,This exercise was very difficult.,Ich fahre nicht oft Auto. Mir fehlt die Übung.,I don't drive often. I don't get enough practice.
noun,Versichertenkarte,insurance card,"die Versichertenkarte, -n (D) → A: e-card",Haben Sie Ihre Versichertenkarte dabei?,Do you have your insurance card with you?
noun,Couch,couch,"die Couch, -s",Wir haben uns eine Couch und neue Sessel gekauft.,We bought a couch and new armchairs.
noun,Ausdruck,expression,"der Ausdruck, ¨-e",1. Diesen Ausdruck habe ich noch nie gehört.,1 I have never heard this expression before.
noun,Ausdruck,printout,"der Ausdruck, -e",2. Machen Sie doch bitte einen Ausdruck von der E-Mail.,2. please make a printout of the e-mail.
noun,Knopf,button,"der Knopf, ¨-e",An meiner Jacke fehlt ein Knopf.,A button is missing from my jacket.,Der Fahrstuhl kommt nicht. – Sie müssen auf den Knopf drücken.,The elevator is not coming. - You have to press the button.
other,heutig-,today,heutig-,Die heutigen Computer können viel mehr als noch vor ein paar Jahren.,Today's computers can do much more than they could a few years ago.
other,heimlich,secret(ly),heimlich,"Gestern habe ich gehört, dass mein Sohn heimlich raucht.",Yesterday I heard that my son smokes in secret.
noun,Rad,"bicycle, wheel","das Rad, ¨-er (D, A) → Fahrrad; CH: Velo",Sie fährt jeden Morgen mit dem Rad zur Arbeit.,She rides her bike to work every morning.,Am Sonntag fahren wir oft Rad.,We often cycle on Sundays.
other,sinnlos,pointless,sinnlos,So ein sinnloses Buch habe ich schon lange nicht mehr gelesen.,I haven't read such a pointless book for a long time.
noun,Netz,net,"das Netz, -e",Bitte bring ein Netz Orangen.,Please bring a net of oranges.,Der Ball berührte das Netz.,The ball touched the net.,Seid ihr schon ans Netz angeschlossen?,Are you already connected to the grid?
noun,Atem,breath,der Atem (Sg.),Bitte den Atem anhalten.,Please hold your breath.
verb,anstellen,"to employ, turn on, place","anstellen, stellt an, stellte an, hat angestellt",Können Sie bitte die Heizung anstellen?,Can you please turn on the heating?,Mein Schwager ist bei einer Möbelfirma angestellt.,My brother-in-law is employed by a furniture company.,Da vorne ist die Kasse. Du musst dich anstellen.,There's the cash desk up ahead. You have to get in line.
noun,Umgebung,surrounding,"die Umgebung, -en",In der Umgebung von Berlin kann man schöne Ausflüge machen.,You can make beautiful excursions in the surroundings of Berlin.
verb,entwickeln,to develop,"entwickeln, entwickelt, entwickelte, hat entwickelt",Unser Sohn entwickelt sich gut in der Schule.,Our son is developing well at school.,Die Firma hat ein neues Produkt entwickelt.,The company has developed a new product.
noun,Erwachsene,adult,"der Erwachsene, -n","Erwachsene zahlen 5 Euro, für Kinder ist der Eintritt frei.","Adults pay 5 euros, admission is free for children.",Dieser Film ist nur für Erwachsene.,This movie is for adults only.
noun,Sender,"station, transmitter","der Sender, -",Welchen Sender siehst du am liebsten?,What is your favorite channel to watch?,Ich höre im Radio am liebsten Sender mit moderner Musik.,I prefer to listen to stations with modern music on the radio.
other,Öko- (ökologisch),eco(logical),Öko- (ökologisch),"z.B. Ökoladen, Ökostrom, ökologischer Anbau","e.g. organic store, green electricity, organic farming"
noun,Hinweise,"hints, clues, notes","der Hinweise, -e",Die Polizei hat viele Hinweise zum Unfall bekommen.,The police have received many tips about the accident.
verb,sich bedanken,to thank sb. (bei) for sth. (für),"sich bedanken, bedankt, bedankte, hat bedankt jemandem (bei + Dativ; für + Akkusativ)",Ich möchte mich noch einmal sehr herzlich für Ihre Hilfe bedanken.,"Once again, I would like to thank you very much for your help.",Er bedankte sich bei mir für das Geschenk.,He thanked me for the gift.
other,verabredet,arranged,verabredet,"Tut mir leid, ich habe keine Zeit. Ich bin mit meiner Freundin verabredet.","Sorry, I don't have time. I have an appointment with my girlfriend."
noun,Lieferung,delivery,"die Lieferung, -en",Sie bezahlen erst bei der Lieferung.,You only pay on delivery.
verb,studieren,to study,"studieren, studiert, studierte, hat studiert",Mein Sohn will Medizin studieren.,My son wants to study medicine.,Ich studiere in Mainz.,I study in Mainz.
verb,(sich) duschen,to take a shower,"(sich) duschen, duscht, duschte, hat geduscht",Wenn Sie sich duschen wollen: Das Badezimmer ist dort hinten links.,If you want to take a shower: The bathroom is back there on the left.,"Ich bade nicht so gern, ich dusche lieber.","I don't like bathing that much, I prefer showering."
noun,Öl,oil,"das Öl, -e",Es fehlt Öl am Salat.,There is no oil in the salad.,Wir heizen mit Öl.,We heat with oil.,Können Sie bei meinem Auto bitte das Öl kontrollieren?,Can you please check the oil in my car?
other,treu,"loyal, faithful",treu,Herr Maier ist ein treuer Kunde von uns.,Mr. Maier is a loyal customer of ours.
other,positiv,positive,positiv,Wir haben eine positive Nachricht für Sie. Sie bekommen die Stelle.,We have good news for you. You will get the job.,Man muss positiv denken.,You have to think positively.
noun,Museum,museum,"das Museum, Museen",Wir waren mit unserer Klasse im Museum.,We went to the museum with our class.
noun,Personal,"personnel, staff",das Personal (Sg.),Dieser Eingang ist nur für das Personal.,This entrance is for staff only.
verb,wecken,to awaken,"wecken, weckt, weckte, hat geweckt",Können Sie mich morgen früh um sechs wecken?,Can you wake me up at six tomorrow morning?
noun,Wirkung,effect,"die Wirkung, -en",Welche Wirkungen hat dieses Medikament? Muss ich vorsichtig sein?,What are the effects of this medicine? Do I need to be careful?
noun,Therapie,therapy,"die Therapie, -n",Die Therapie hat geholfen. Es geht mir schon viel besser.,The therapy has helped. I'm already feeling much better.
verb,sich amüsieren,to have fun,"sich amüsieren, amüsiert sich, amüsierte sich, hat sich amüsiert",Bei dem Fest haben wir uns sehr gut amüsiert.,We had a great time at the party.
other,ordentlich,neat,ordentlich,Mein Bruder ist ein sehr ordentlicher Mensch.,My brother is a very tidy person.,Auf seinem Schreibtisch sieht es immer sehr ordentlich aus.,His desk always looks very tidy.
verb,sich nähern,to approach,"sich nähern, nähert sich, näherte sich, hat sich genähert",Er nähert sich dem Unfallort ganz langsam.,He approaches the scene of the accident very slowly.
noun,Ankunft,arrival,"die Ankunft, -e","Die Abfahrt ist um 0.55 Uhr, die Ankunft um 8.07 Uhr.","Departure is at 0.55 hrs, arrival at 8.07 hrs.",Gleich nach der Ankunft habe ich meine Eltern angerufen.,I called my parents as soon as I arrived.
verb,abnehmen,"to lose weight, remove","abnehmen, nimmt ab, nahm ab, hat abgenommen",Morgen können wir den Verband abnehmen.,We can remove the bandage tomorrow.,Ich habe zehn Kilo abgenommen.,I have lost ten kilos.
noun,"Kunde, Kundin",customer,"der Kunde, -n die Kundin, -nen",Sie ist schon lange bei mir Kundin. Ich habe ihr einen Sonderpreis gegeben.,She has been a customer of mine for a long time. I have given her a special price.,"Einen Augenblick, bitte. Ich habe einen Kunden.","One moment, please. I have a customer."
other,hell,"bright, light",hell,Im Sommer wird es um 5 Uhr schon hell.,"In summer, it gets light at 5 o'clock.",Mein Zimmer ist schön hell.,My room is nice and bright.,Ich habe mir einen hellblauen Pullover gekauft.,I bought a light blue sweater.
noun,Kapitel,chapter,"das Kapitel, -","Die Lehrerin hat gesagt, wir sollen zwei Kapitel im Buch wiederholen.",The teacher told us to repeat two chapters in the book.
other,nirgends,nowhere,nirgends,Ich kann die Quittung nirgends finden.,I can't find the receipt anywhere.,Hier kann man nirgends parken.,There is nowhere to park here.
noun,Wohnzimmer,living room,"das Wohnzimmer, -",Wir sitzen im Wohnzimmer und sehen fern.,We sit in the living room and watch TV.
noun,Bau,"construction, building","der Bau, die Bauten",Ich wohne in einer Neubauwohnung.,I live in a newly built apartment.,Unser Haus ist ein Altbau.,Our house is an old building.
verb,brennen,to burn,"brennen, brennt, brannte, hat gebrannt",In diesem Haus hat es letztes Jahr gebrannt.,There was a fire in this house last year.,Die Kerze brennt noch. Mach sie bitte aus.,The candle is still burning. Please put it out.,In deinem Zimmer hat die ganze Nacht das Licht gebrannt.,The light has been on in your room all night.
noun,Durst,thirst,der Durst (Sg.),Ich hole Ihnen etwas zu trinken. Sie haben sicher Durst.,I'll get you something to drink. You must be thirsty.
other,schmutzig,dirty,schmutzig,Leg bitte die schmutzige Wäsche in die Waschmaschine.,Please put the dirty laundry in the washing machine.,Das Handtuch ist schmutzig.,The towel is dirty.
verb,ersetzen,to replace (with),"ersetzen, ersetzt, ersetzte, hat ersetzt (durch + Akkusativ)",Wir ersetzen Ihnen die Kosten.,We will reimburse you for the costs.,Peter ist krank. Jemand muss ihn ersetzen.,Peter is ill. Someone has to replace him.,Der Schauspieler wurde durch ein Double ersetzt.,The actor was replaced by a double.
noun,Stiefel,boot,"der Stiefel, -",Ich habe mir für den Winter ein Paar warme Stiefel gekauft.,I bought a pair of warm boots for the winter.
noun,Hitze,heat,"die Hitze, -n",Gestern war eine schreckliche Hitze!,Yesterday was a terrible heat!
noun,Spielzeug,toy,"das Spielzeug, -e",Zu Weihnachten wünschen sich die Kinder vor allem Spielzeug.,Children mainly want toys for Christmas.
noun,Velo,bike,"das Velo, -s (CH) → Fahrrad; D, A: Rad",Sie fährt jeden Morgen mit dem Velo zur Arbeit.,She rides her bike to work every morning.,Am Sonntag fahren wir oft Velo.,We often go cycling on Sundays.
noun,Wolle,wool,"die Wolle, -n",Dieser Pullover ist aus reiner Wolle.,This sweater is made from pure wool.
noun,Zone,zone,"die Zone, -n",Hier können wir nicht fahren. Das ist eine Fußgängerzone.,We can't drive here. This is a pedestrian zone.
other,trocken,dry,trocken,Die Wäsche ist noch nicht trocken.,The laundry is not dry yet.,Hoffentlich regnet es bald. Alles ist ganz trocken.,Hopefully it will rain soon. Everything is completely dry.,Bitte einen trockenen Wein.,"A dry wine, please."
other,entschlossen,determined,entschlossen,"Ich bin fest entschlossen, diese Ausbildung fertigzumachen.",I am determined to complete this training.
noun,Paket,package,"das Paket, -e",Hast du das Paket zur Post gebracht?,Did you take the package to the post office?
noun,Schmuck,jewelry,"der Schmuck, -e",Dieser Schmuck ist von meiner Großmutter.,This jewelry is from my grandmother.
noun,Ausgang,exit,"der Ausgang, ¨-e",Wo ist der Ausgang bitte?,"Where is the exit, please?"
other,illegal,illegal,illegal,"Ohne Steuerkarte zu arbeiten ist illegal. Wenn es herauskommt, musst du Strafe zahlen.","Working without a tax card is illegal. If it comes to light, you will have to pay a fine."
noun,Ferien,vacation,"die Ferien (Pl.) (CH) → D, A: Urlaub",Ich habe noch drei Tage Ferien.,I have three more days of vacation.
other,Ferien-,"vacation, holiday",Ferien-,Ich suche eine günstige Ferienwohnung.,I am looking for a cheap vacation apartment.
noun,Steuer,tax,"die Steuer, -n",Wir müssen immer mehr Steuern zahlen.,We have to pay more and more taxes.
noun,Ausbildung,education,"die Ausbildung, -en",Ich habe meine Ausbildung abgeschlossen.,I have completed my training.,Mit deiner guten Ausbildung findest du sicher eine Arbeit.,"With your good training, you're sure to find a job."
noun,Klavier,piano,"das Klavier, -e",Meine Tochter möchte Klavier spielen lernen.,My daughter wants to learn to play the piano.
noun,Strecke,"route, distance, stretch","die Strecke, -n",Sind Sie die ganze Strecke zu Fuß gegangen?,Did you walk the whole way?,Auf der Strecke München – Salzburg: 8 km Stau.,On the Munich - Salzburg route: 8 km traffic jam.,"Ich möchte nach Hamburg fahren. Können Sie mir sagen, welche Strecke am besten ist?",I would like to travel to Hamburg. Can you tell me which route is best?
noun,Küste,coast,"die Küste, -n",Unser Dorf liegt direkt an der Küste.,Our village is located directly on the coast.
noun,Flur,hallway,"der Flur, -e → Gang; D, CH: Korridor",Wir warten draußen im Flur.,We wait outside in the hallway.
noun,Laster,"truck, vice","der Laster, -",Auf der Autobahn waren so viele Laster. Deshalb hat es so lange gedauert.,There were so many trucks on the highway. That's why it took so long.,Rauchen kann ein Laster sein.,Smoking can be a vice.
verb,trainieren,to train,"trainieren, trainiert, trainierte, hat trainiert",Wir trainieren einmal pro Woche im Sportverein.,We train once a week at the sports club.
verb,schmecken,to taste,"schmecken, schmeckt, schmeckte, hat geschmeckt",Hat es Ihnen geschmeckt?,Did you like it?,Die Suppe schmeckt nach Knoblauch.,The soup tastes of garlic.
verb,klappen,"to function, work out well","klappen, klappt, klappte, hat geklappt",Wie war die Reise? – Gut. Es hat alles prima geklappt.,How was the trip? - It was good. Everything went really well.
noun,Motorrad,motorcycle,"das Motorrad, ¨-er",Oskar fährt jeden Tag mit dem Motorrad zur Arbeit.,Oskar rides his motorcycle to work every day.
verb,diskutieren,to discuss (sth.),"diskutieren, diskutiert, diskutierte, hat diskutiert (über)","Wir haben lange diskutiert, wie wir das Büro einrichten sollen.",We spent a long time discussing how we should furnish the office.
noun,Apartment,apartment,"das Apartment, -s",Wir haben ein Ferienapartment gemietet.,We rented a vacation apartment.
noun,Ermäßigung,reduction,"die Ermäßigung, -en",Es gibt eine Ermäßigung für Kinder und Senioren.,There is a discount for children and senior citizens.
verb,enttäuschen,to disappoint,"enttäuschen, enttäuscht, enttäuschte, hat enttäuscht",Leider hat mich sein Verhalten enttäuscht.,"Unfortunately, his behavior disappointed me.",Wir waren von dem Konzert sehr enttäuscht.,We were very disappointed with the concert.,Das Ergebnis war enttäuschend.,The result was disappointing.
noun,Fleck,stain,"der Fleck, -en",Du hast einen Fleck auf der Bluse.,You have a stain on your blouse.
noun,Führerschein,driver's license,"der Führerschein, -e (D, A) → CH: Führerausweis",Hast du einen Führerschein?,Do you have a driver's license?,Ich habe vor einem halben Jahr den Führerschein gemacht.,I got my driver's license six months ago.
noun,"Enkel, Enkelin","grandchild, granddaughter","der Enkel, - die Enkelin, -nen",Alle meine Enkel gehen schon zur Schule.,All my grandchildren already go to school.
noun,Stift,pen,"der Stift, -e",Kannst du mir bitte einen Stift geben?,"Can you give me a pen, please?"
noun,Interview,interview,"das Interview, -s",Ich habe im Fernsehen ein interessantes Interview mit zwei Schauspielern gesehen.,I saw an interesting interview with two actors on television.
noun,Aussicht,"view, prospect","die Aussicht, -en",Von diesem Turm hat man eine tolle Aussicht.,You have a great view from this tower.,Mit mehreren Fremdsprachen hat man gute Aussichten im Beruf.,"With several foreign languages, you have good career prospects."
noun,Fortbildung,further training/education,"die Fortbildung, -en","Die Fortbildung, die ich machen will, ist sehr teuer.",The training I want to do is very expensive.
noun,Werbung,advertising,"die Werbung, -en",Ich sehe gern Werbung im Fernsehen.,I like watching commercials on TV.,Ich möchte keine Werbung im Briefkasten.,I don't want any advertising in my letterbox.
other,Einzel-,single,Einzel-,"z. B. Einzelkind, Einzelzimmer","e.g. single child, single room"
noun,Teppich,carpet,"der Teppich, -e",Ich habe mir einen neuen Teppich gekauft.,I bought a new carpet.,Habt ihr in eurer neuen Wohnung Teppich oder einen Holzfußboden?,Do you have carpet or a wooden floor in your new home?
noun,Handel,trade,der Handel (Sg.),Der Handel mit Computern ist ein gutes Geschäft.,Trading in computers is good business.
noun,"Trainer, Trainerin",trainer,"der Trainer, - die Trainerin, -nen",Ich finde unseren Trainer sehr nett.,I think our coach is very nice.
noun,Schuh,shoe,"der Schuh, -e",Die neuen Schuhe sind mir zu eng.,The new shoes are too tight for me.
verb,löschen,"to delete, erase, put out","löschen, löscht, löschte, hat gelöscht",Du kannst die Datei löschen. Ich brauche sie nicht mehr.,You can delete the file. I no longer need it.,Das Feuer wurde schnell gelöscht.,The fire was quickly extinguished.
noun,Tradition,tradition,"die Tradition, -en",Eine große Hochzeit mit vielen Leuten ist bei uns Tradition.,A big wedding with lots of people is a tradition for us.
noun,Fähigkeit,ability,"die Fähigkeit, -en","In seiner Position braucht man die Fähigkeit, andere zu überzeugen.","In your position, you need the ability to convince others.","Ich glaube, sie hat die Fähigkeit dazu.",I believe she has the ability to do so.
verb,mitteilen,"to inform, communicate","mitteilen, teilt mit, teilte mit, hat mitgeteilt",Den Prüfungstermin teilen wir Ihnen noch mit.,We will inform you of the examination date.
other,gemütlich,"cozy, comfortable",gemütlich,Wir haben eine sehr gemütliche Wohnung.,We have a very cozy apartment.,Es ist sehr gemütlich bei dir.,It's very cozy with you.
noun,Führerausweis,driver's license,"der Führerausweis, -e (CH) → D, A: Führerschein",Hast du einen Führerausweis?,Do you have a driver's license?
noun,Verständnis,understanding,das Verständnis (Sg.),Wir bitten um Ihr Verständnis.,We ask for your understanding.
verb,einsteigen,to get in,"einsteigen, steigt ein, stieg ein, ist eingestiegen",Ab 20 Uhr vorne beim Fahrer einsteigen.,Get in at the front with the driver from 8 pm.,Steig ein. Wir wollen losfahren.,Get in. We want to set off.
verb,einsetzen,"to insert, employ","einsetzen, setzt ein, setzte ein, hat eingesetzt","Ich glaube, wir müssen jemanden einsetzen, der sich um die Organisation kümmert.",I think we need to appoint someone to take care of the organization.,"Peter hat sich dafür eingesetzt, dass ich den Job bekomme.",Peter worked hard to get me the job.
noun,Gewinn,"profit, prize","der Gewinn, -e",Ich habe bei einem Ratespiel mitgemacht. Der Hauptgewinn ist ein Auto.,I took part in a guessing game. The main prize is a car.
verb,pflanzen,to plant,"pflanzen, pflanzt, pflanzte, hat gepflanzt",Lass uns einen Baum pflanzen!,Let's plant a tree!
noun,Modell,model,"das Modell, -e",Wie findest du dieses Auto? – Dieses Modell gefällt mir nicht.,What do you think of this car? - I don't like this model.
noun,Zirkus,circus,"der Zirkus, -se",Heute gehen wir mit den Kindern in den Zirkus.,Today we are taking the children to the circus.
other,zurzeit,currently,zurzeit,Zurzeit habe ich sehr viel zu tun.,I have a lot to do at the moment.
verb,ausmachen,"to turn off, matter, arrange","ausmachen, macht aus, machte aus, hat ausgemacht",Sie müssen leider warten. – Kein Problem. Das macht mir nichts aus.,Unfortunately you have to wait. - No problem. I don't mind.,Machen Sie bitte das Licht aus!,Please turn off the light!,"Wir hatten doch ausgemacht, dass du die Getränke besorgst.",We agreed that you would get the drinks.,Haben Sie einen Termin ausgemacht?,Have you made an appointment?
noun,Rezept,"recipe, prescription","das Rezept, -e",Diese Schmerztabletten gibt es nur auf Rezept.,These painkillers are only available on prescription.,Weißt du ein gutes Rezept für Gemüsesuppe?,Do you know a good recipe for vegetable soup?
noun,Geschwindigkeit,speed,"die Geschwindigkeit, -en",Das Auto fuhr mit zu hoher Geschwindigkeit.,The car was traveling at too high a speed.
other,beliebt,popular,beliebt,Dieses Spiel ist bei Jugendlichen sehr beliebt.,This game is very popular with young people.
other,verpflichtet,obligated,verpflichtet,"Sie sind verpflichtet, den Unfall zu melden.",You are obliged to report the accident.
noun,Märchen,fairy tale,"das Märchen, -",Meine Großmutter hat uns viele Märchen erzählt.,My grandmother told us many fairy tales.
noun,Hügel,hill,"der Hügel, -",Auf diesem Hügel machen wir eine Pause.,We take a break on this hill.
verb,malen,to paint,"malen, malt, malte, hat gemalt",Das Bild hat mein Vater gemalt.,The picture was painted by my father.
noun,Blitz,lightning,"der Blitz, -e","Was für ein Gewitter, hast du den Blitz gesehen?","What kind of storm, did you see the lightning?",Hast du das Foto mit Blitz gemacht?,Did you take the photo with a flash?
other,aufmerksam,attentive,aufmerksam,Die Schülerin hörte aufmerksam zu.,The pupil listened attentively.,"Ich mache Sie darauf aufmerksam, dass wir in einer halben Stunde schließen.",I would like to draw your attention to the fact that we will be closing in half an hour.
noun,Verkehr,traffic,der Verkehr (Sg.),Morgens ist hier immer viel Verkehr.,There is always a lot of traffic here in the morning.
noun,Generation,generation,"die Generation, -en",In diesem Haus wohnen drei Generationen zusammen.,Three generations live together in this house.
verb,ausrichten,"to host, align, convey (a message)","ausrichten, richtet aus, richtete aus, hat ausgerichtet",Mein Mann ist nicht da. Soll ich ihm etwas ausrichten?,My husband is not here. Should I leave him a message?,Wer richtet die Silvesterparty dieses Jahr aus?,Who is hosting the New Year's Eve party this year?
noun,Ausnahme,exception,"die Ausnahme, -n",Normalerweise muss ich am Wochenende arbeiten. Aber heute ist eine Ausnahme.,Normally I have to work at the weekend. But today is an exception.
verb,stürzen,"to fall, overthrow","stürzen, stürzt, stürzte, ist gestürzt",Ich bin auf der Straße gestürzt und habe mir den Fuß gebrochen.,I fell on the road and broke my foot.,"Bitte pass auf der Treppe auf, dass du nicht hinunterstürzt!",Please be careful not to fall down the stairs!
noun,Herausforderung,challenge,"die Herausforderung, -en",Das Spiel ist eine Herausforderung.,The game is a challenge.
noun,Mehrwertsteuer,value added tax (VAT),"die Mehrwertsteuer, -n",Die Mehrwertsteuer bei diesem Produkt beträgt 20 %.,The VAT rate for this product is 20%.
verb,ankommen,to arrive,"ankommen, kommt an, kam an, ist angekommen",Wann kommt der Zug in Hamburg an?,When does the train arrive in Hamburg?,"Bei dem Spiel kommt es darauf an, schneller zu laufen als die anderen.",The aim of the game is to run faster than the others.
noun,Tempo,speed,"das Tempo, -s",Hier darfst du nur Tempo 30 fahren.,You are only allowed to drive at 30 km/h here.,"Achtung, hier ist eine Tempo-30-Zone!","Attention, this is a 30 km/h zone!"
verb,unterbrechen,to interrupt,"unterbrechen, unterbricht, unterbrach, hat unterbrochen",Wir unterbrechen die Sendung für eine wichtige Nachricht.,We interrupt the broadcast for an important message.,"Bitte unterbrich mich nicht, wenn ich spreche.",Please don't interrupt me when I'm speaking.
noun,Tal,valley,"das Tal, ¨-er",Unser Dorf liegt in einem Tal.,Our village lies in a valley.
verb,sichern,to secure,"sichern, sichert, sicherte, hat gesichert",Du musst immer alle Daten im Computer sichern.,You must always back up all data on the computer.
noun,Ausflug,"excursion, trip","der Ausflug, ¨-e",Am Wochenende machen wir mit Freunden einen Ausflug nach Heidelberg.,We're going on a trip to Heidelberg with friends at the weekend.
verb,sich verlaufen,to get lost,"sich verlaufen, verläuft sich, verlief sich, hat sich verlaufen",Gestern haben wir uns im Wald verlaufen. Wir haben erst eine Stunde später den richtigen Weg gefunden.,Yesterday we got lost in the forest. We only found the right path an hour later.
noun,Rand,edge,"der Rand, ¨-er",Wir wohnen am Rand der Innenstadt. Dort ist es billiger und ruhiger.,We live on the edge of the city center. It's cheaper and quieter there.
verb,rechnen,to calculate,"rechnen, rechnet, rechnete, hat gerechnet",Meine Tochter kann gut rechnen.,My daughter is good at math.,Im/In Rechnen hat sie eine Eins.,She has an A in arithmetic.,Mit solchen Schwierigkeiten hatten wir nicht gerechnet.,We had not expected such difficulties.
noun,Aufzug,elevator,"der Aufzug, ¨-e (D, A) → Lift",Im Büro ist leider der Aufzug kaputt.,"Unfortunately, the elevator in the office is broken."
noun,Abschied,"goodbye (to), farewell","der Abschied, -e (von + Dativ)",Der Abschied von meinen Freunden fiel mir schwer.,It was hard to say goodbye to my friends.
verb,benötigen,to need,"benötigen, benötigt, benötigte, hat benötigt","Sagen Sie Bescheid, wenn Sie noch etwas benötigen.",Let us know if you need anything else.
noun,Amt,office,"das Amt, ¨-er",Das Arbeitsamt befindet sich neben dem Busbahnhof.,The employment office is located next to the bus station.
noun,Beginn,beginning,der Beginn (Sg.),Zu Beginn der Stunde begrüßt die Lehrerin ihre Schüler.,"At the beginning of the lesson, the teacher welcomes her students."
verb,bestrafen,to punish,"bestrafen, bestraft, bestrafte, hat bestraft",Zu schnelles Fahren wird streng bestraft.,Speeding is severely punished.
other,riesig,huge,riesig,Die Stadt ist riesig.,The city is huge.,Ich habe mich über das Geschenk riesig gefreut.,I was delighted with the gift.
noun,Marke,"brand, mark","die Marke, -n",Ich brauche bitte fünf Briefmarken zu 1 Euro.,"I need five stamps at 1 euro, please.",Markenschuhe sind mir zu teuer.,Brand shoes are too expensive for me.
noun,Verkehrszeichen,traffic sign,"das Verkehrszeichen, -",Meine Kinder lernen in der Schule gerade die Verkehrszeichen.,My children are learning the traffic signs at school.
other,höflich,polite,höflich,Unser Nachbar ist sehr höflich. Er sagt immer als Erster Guten Tag.,Our neighbor is very polite. He is always the first to say hello.
noun,Religion,religion,"die Religion, -en",Religion ist für manche Menschen sehr wichtig.,Religion is very important to some people.
noun,Unterschrift,signature,"die Unterschrift, -en",Auf dem Schreiben fehlt die Unterschrift.,The signature is missing on the letter.
noun,Eingang,entrance,"der Eingang, ¨-e",Das Gebäude hat zwei Eingänge.,The building has two entrances.,Der Eingang ist um die Ecke.,The entrance is around the corner.
verb,vorhaben,"to intend, plan","vorhaben, hat vor, hatte vor, hat vorgehabt",Haben Sie morgen Abend schon etwas vor?,Do you already have plans for tomorrow evening?
noun,Kultur,culture,"die Kultur, -en",Ich interessiere mich für andere Länder und Kulturen.,I am interested in other countries and cultures.
noun,Nichte,niece,"die Nichte, -n",Die Tasche ist ein Geschenk von meiner Nichte.,The bag is a gift from my niece.
verb,verzichten,"to do without, renounce","verzichten, verzichtet, verzichtete, hat verzichtet (auf + Akkusativ)",Ich verzichte heute auf den Kaffee.,I'm giving up coffee today.
other,privat,private,privat,Hier meine Nummer im Büro und meine private Nummer.,Here is my office number and my private number.,Über meine Probleme möchte ich nicht sprechen. Das ist privat.,I don't want to talk about my problems. That's private.,Ich treffe meine Arbeitskollegen auch privat.,I also meet my work colleagues in private.
noun,Salz,salt,"das Salz, -e",Gib mir bitte mal das Salz!,"Pass me the salt, please!"
noun,Krankenschwester,nurse (female),"die Krankenschwester, -n",Meine Cousine möchte gern Krankenschwester werden.,My cousin would like to become a nurse.
noun,Symbol,"symbol, icon","das Symbol, -e",Das Herz ist ein Symbol für die Liebe.,The heart is a symbol of love.,Auf dem Bildschirm finden Sie viele Symbole.,You will find many symbols on the screen.
other,interkulturell,intercultural,interkulturell,Wir haben in der Sprachschule ein interkulturelles Fest gefeiert.,We celebrated an intercultural party at the language school.
noun,Fahrzeug,vehicle,"das Fahrzeug, -e",Wem gehört das Fahrzeug?,Who owns the vehicle?
noun,Tropfen,drops,die Tropfen (Pl.),Hast du die Tropfen schon genommen?,Have you already taken the drops?,Wegen der paar Regentropfen brauchst du doch keinen Schirm.,You don't need an umbrella because of a few raindrops.
noun,Weiterbildung,further training,"die Weiterbildung, -en",Ich möchte eine Weiterbildung machen.,I would like to do further training.
noun,Café,café,"das Café, -s",Hier in der Nähe ist ein Café. Lass uns einen Kaffee trinken.,There's a café nearby. Let's have a coffee.
noun,Aktion,"action, campaign, initiative","die Aktion, -en",Die Stadt sollte eine Aktion für Familien planen.,The city should plan a campaign for families.
noun,Apparat,apparatus,"der Apparat, -e",Können Sie den Apparat bitte etwas leiser stellen?,Can you please turn the volume down a little?,Wo ist mein Fotoapparat?,Where is my camera?
noun,"Zuschauer, Zuschauerin","viewer, spectator","der Zuschauer, - die Zuschauerin, -nen","Liebe Zuschauer, wir wünschen Ihnen gute Unterhaltung.","Dear viewers, we wish you good entertainment."
verb,putzen,to clean,"putzen, putzt, putzte, hat geputzt",Ich muss heute noch die Wohnung putzen.,I have to clean the apartment today.,Hast du dir schon die Zähne geputzt?,Have you brushed your teeth yet?
noun,Einbruch,"burglary, break in","der Einbruch, ¨-e",In der Urlaubszeit gibt es viele Wohnungseinbrüche.,There are many burglaries during the vacation season.
verb,beißen,to bite,"beißen, beißt, biss, hat gebissen","Pass auf, dass dich der Hund nicht beißt!",Make sure the dog doesn't bite you!
verb,stammen,to originate,"stammen, stammt, stammte, hat gestammt",Ich stamme aus einer kleinen Stadt an der Donau.,I come from a small town on the Danube.
noun,Kostüm,costume,"das Kostüm, -e",In dem Film tragen die Leute bunte Kostüme.,"In the film, people wear colorful costumes."
verb,grüßen,to greet,"grüßen, grüßt, grüßte, hat gegrüßt","Wer war die Frau, die du eben gegrüßt hast?",Who was the woman you just greeted?,Ich soll Sie von Frau Meier grüßen.,Mrs. Meier sent her regards.
verb,verschieben,"to postpone, shift","verschieben, verschiebt, verschob, hat verschoben",Leider muss ich den Termin verschieben.,Unfortunately I have to postpone the date.
noun,Verspätung,delay,"die Verspätung, -en",Unser Zug hatte 10 Minuten Verspätung.,Our train was 10 minutes late.
verb,entdecken,to discover,"entdecken, entdeckt, entdeckte, hat entdeckt",Ich habe in deinem Brief noch ein paar Fehler entdeckt.,I discovered a few more mistakes in your letter.
noun,Zelt,tent,"das Zelt, -e",Wir machen Camping-Urlaub und nehmen ein Zelt mit.,We go on a camping vacation and take a tent with us.
noun,Kraftfahrzeug,motor vehicle,"das Kraftfahrzeug, -e",Auf dieser Straße sind Kraftfahrzeuge nicht erlaubt.,Motor vehicles are not permitted on this road.
verb,erschrecken,to frighten,"erschrecken, erschrickt, erschrak, ist erschrocken/ jdn. erschrecken, erschreckt, erschreckte, hat erschreckt",Du hast richtig krank ausgesehen. Ich war ganz erschrocken.,You looked really sick. I was really scared.,Hast du mich aber erschreckt!,You gave me a fright!,Entschuldigung. Ich wollte Sie nicht erschrecken.,I apologize. I didn't mean to scare you.
noun,Mannschaft,team,"die Mannschaft, -en",Unsere Mannschaft hat 0:1 verloren.,Our team lost 0:1.
verb,vertreten,to represent,"vertreten, vertritt, vertrat, hat vertreten","Wer vertritt Sie, wenn Sie Urlaub machen?",Who represents you when you are on vacation?
noun,Krise,crisis,"die Krise, -n",Die Wirtschaft steckt in einer schweren Krise.,The economy is in a serious crisis.
noun,"Verlierer, Verliererin",loser,"der Verlierer, - die Verliererin, -nen",Sie ist eine gute Verliererin.,She is a good loser.
noun,Profi,professional,"der Profi, -s",Keine Angst. Mein Bruder kann die Heizung bestimmt reparieren. Er ist doch ein Profi.,Don't worry. My brother can certainly repair the heating. He's a professional after all.
noun,Summe,"sum, total","die Summe, -n",Die Summe scheint mir zu hoch!,The sum seems too high to me!
other,billig,cheap,billig,Dieses Buch ist nicht ganz billig.,This book is not cheap.
other,nebenbei,on the side,nebenbei,Mein Freund studiert Geschichte. Und nebenbei arbeitet er in einer Kneipe.,My boyfriend is studying history. And he works in a pub on the side.,Ich mache die Hausarbeit und nebenbei höre ich Radio.,I do the housework and listen to the radio on the side.
noun,"Nachbar, Nachbarin",neighbor,"der Nachbar, -n die Nachbarin, nen",Meine neue Nachbarin ist sehr nett.,My new neighbor is very nice.
noun,Nebel,fog,"der Nebel, -",Wegen Nebels konnten wir gestern nicht in Frankfurt landen.,We couldn't land in Frankfurt yesterday because of fog.,Fahren Sie bei Nebel besonders vorsichtig!,Drive particularly carefully in fog!
noun,Kanal,channel,"der Kanal, ¨-e",Mit Kabel bekommen Sie über 30 Fernsehkanäle.,With cable you get over 30 TV channels.
verb,ausgeben,to spend (on),"ausgeben, gibt aus, gab aus, hat ausgegeben (für + Akkusativ)",Carola gibt viel Geld für ihr Hobby aus.,Carola spends a lot of money on her hobby.
verb,betrügen,to cheat,"betrügen, betrügt, betrog, hat betrogen",Ich würde meine Familie niemals betrügen.,I would never cheat on my family.,Die Rechnung stimmt nicht. Der Kellner hat mich betrogen.,The bill is not correct. The waiter cheated me.
other,glatt,"smooth, slippery",glatt,Fahr vorsichtig! Es ist glatt.,Drive carefully! It's slippery.
noun,"Autor, Autorin",author,"der Autor, -en die Autorin, -nen",Diese Autorin hat in diesem Jahr schon zwei Bücher geschrieben.,This author has already written two books this year.
noun,Blume,flower,"die Blume, -n",Wir haben meiner Mutter Blumen zum Geburtstag geschenkt.,We gave my mother flowers for her birthday.
noun,Praxis,practice,die Praxis (Sg.),Das ist die Theorie. In der Praxis ist vieles ganz anders.,"That's the theory. In practice, things are very different."
noun,Praxis,consultation (hour),"die Praxis, Praxen → A: Ordination",Die Arztpraxis bleibt bis zum 7. Januar geschlossen.,The doctor's office will remain closed until January 7.
other,gründlich,thorough,gründlich,"Ich möchte die Wohnung gründlich reinigen, bevor der Besuch kommt.",I want to clean the apartment thoroughly before the visitor arrives.,Waschen Sie sich gründlich die Hände.,Wash your hands thoroughly.
noun,Zentrum,center,"das Zentrum, Zentren",Im Zentrum gibt es fast keine Parkplätze.,There are almost no parking spaces in the center.,Es gibt ein neues Zentrum mit vielen Geschäften. Es wird am Samstag eröffnet.,There is a new center with many stores. It opens on Saturday.
noun,Entfernung,distance,"die Entfernung, -en",Aus dieser Entfernung ist das nicht zu erkennen.,This cannot be seen from this distance.
other,zuständig,responsible,zuständig,Wir haben ein Problem mit der Heizung. Wer ist dafür zuständig?,We have a problem with the heating. Who is responsible for this?
noun,"Prkatikant, Praktikantin","intern, trainee","der Praktikant, -en die Praktikantin, -nen",Bei dieser Firma habe ich zwei Jahre als Praktikantin gearbeitet.,I worked at this company for two years as an intern.
noun,Bargeld,cash,"das Bargeld, -er",Ich habe kein Bargeld mehr.,I have no more cash.
other,öffentlich,public,öffentlich,In der Stadt fahre ich immer mit öffentlichen Verkehrsmitteln.,I always use public transportation in the city.,In öffentlichen Gebäuden darf man nicht rauchen.,Smoking is not permitted in public buildings.
noun,Kissen,pillow,"das Kissen, -",Ohne Kopfkissen kann ich nicht schlafen.,I can't sleep without a pillow.
other,gerecht,fair,gerecht,Lass uns den Kuchen gerecht verteilen.,Let's share the cake fairly.
noun,Salat,salad,"der Salat, -e",Möchten Sie zum Fisch einen Salat?,Would you like a salad with your fish?
other,intelligent,intelligent,intelligent,Maria ist sehr intelligent. Sie kann sehr gut rechnen.,Maria is very intelligent. She is very good at math.
noun,Verhältnis,"relationship, ratio","das Verhältnis, -se",Ich habe ein gutes Verhältnis zu meinen Eltern.,I have a good relationship with my parents.
noun,Brieftasche,wallet,"die Brieftasche, -n → D, CH: Portemonnaie/Portmonee; A: Geldbörse",Ich habe nur Kleingeld in meiner Brieftasche.,I only have small change in my wallet.
other,eventuell,"possible, possibly",eventuell,Ich komme eventuell etwas später.,I might come a little later.
noun,Methode,method,"die Methode, -n","Weißt du eine gute Methode, um schnell gut Deutsch zu lernen?",Do you know a good method for learning German quickly?
other,gespannt,"curious, tense",gespannt,"Ich bin gespannt, wer bei diesem Spiel gewinnt.",I can't wait to see who wins this game.
verb,klingeln,to ring,"klingeln, klingelt, klingelte, hat geklingelt","Ich glaube, es hat an der Tür geklingelt.",I think the doorbell rang.,Das Telefon klingelt.,The phone rings.
noun,(Back-)Ofen,(baking) oven,"der (Back-)Ofen, ¨- (D, CH) → A: (Back-)Rohr",Ich habe gerade eine Pizza gemacht. Sie ist ganz frisch aus dem Ofen.,I've just made a pizza. It's fresh out of the oven.
other,endgültig,"final, definite, ultimate",endgültig,Damit ist das Problem endgültig gelöst.,This solves the problem once and for all.,Der endgültige Termin steht noch nicht fest.,The final date has not yet been set.,Das Ergebnis ist noch nicht endgültig.,The result is not yet final.
noun,Lohn,"wage, salary","der Lohn, ¨-e",Sie bekommen Ihren Lohn immer am Ende des Monats.,You always receive your salary at the end of the month.,Die Löhne sind hier sehr niedrig.,Wages are very low here.
verb,zustimmen,to agree,"zustimmen, stimmt zu, stimmte zu, hat zugestimmt",Ich stimme dir in dieser Sache völlig zu.,I completely agree with you on this.,Er nickt zustimmend.,He nods in agreement.
noun,Stufe,"step, level, stage","die Stufe, -n","Vorsicht, Stufe!","Careful, step!",Die Volkshochschule bietet Sprachkurse auf verschiedenen Stufen an.,The adult education center offers language courses at various levels.
noun,Spaziergang,walk,"der Spaziergang, ¨-e",Abends mache ich oft einen Spaziergang durch das Viertel.,I often take a walk through the neighborhood in the evening.
noun,Ordination,consultation (hour),"die Ordination, -en (A) → Praxis",Die Ordination bleibt bis zum 7. Jänner geschlossen.,The consultation will remain closed until January 7th.
noun,Zettel,"note, piece of paper","der Zettel, -",Hast du einen Zettel für mich? Ich muss etwas aufschreiben.,Do you have a piece of paper for me? I need to write something down.
other,nochmals,again,nochmals,Nochmals vielen Dank!,Many thanks again!
noun,Medien,media,die Medien (Pl.),Umweltschutz ist in den Medien ein großes Thema.,Environmental protection is a major topic in the media.
other,faul,"lazy, rotten",faul,Mein Sohn war am Anfang in der Schule sehr faul. Heute lernt er sehr fleißig.,My son was very lazy at school at the beginning. Today he studies very hard.,Den Apfel kannst du nicht mehr essen. Er ist faul.,You can no longer eat the apple. It is rotten.
verb,(sich etwas) aussuchen,to choose something,"(sich etwas) aussuchen, sucht aus, suchte aus, hat ausgesucht",Such dir etwas Schönes aus! Ich lade dich ein.,Choose something nice! I invite you.
noun,Leistung,"performance, achievement","die Leistung, -en",Meine Leistungen in der Schule sind ganz gut.,My performance at school is quite good.
verb,eröffnen,to open,"eröffnen, eröffnet, eröffnete, hat eröffnet",Mein Nachbar hat letzten Monat ein Geschäft eröffnet.,My neighbor opened a store last month.,Ich möchte ein Konto eröffnen.,I would like to open an account.
verb,(sich) stoßen,"to bump into, encounter","(sich) stoßen, stößt, stieß, hat gestoßen",Wie haben Sie sich denn verletzt? – Ich habe mich an der Autotür gestoßen.,How did you injure yourself? - I hit myself on the car door.
noun,Sofa,sofa,"das Sofa, -s",Wir hätten gern ein modernes Sofa.,We would like a modern sofa.
noun,Butter,butter,die Butter (Sg.),Ich möchte nur Butter aufs Brot.,I just want butter on my bread.
noun,Saft,juice,"der Saft, ¨-e",Ich trinke gern Apfelsaft.,I like to drink apple juice.
noun,Werkstatt,workshop,"die Werkstatt, ¨-en",Mein Wagen ist zurzeit in der Werkstatt.,My car is currently in the workshop.
verb,überreden,to persuade,"überreden, überredet, überredete, hat überredet","Zuerst wollte ich nicht, aber mein Bruder hat mich überredet, einen Englischkurs zu machen.","At first I didn't want to, but my brother persuaded me to do an English course."
noun,Gemüse,vegetables,"das Gemüse, -e",Wir kaufen das Gemüse direkt beim Bauern.,We buy the vegetables directly from the farmer.
other,geschieden,divorced,geschieden,Ich bin seit drei Jahren geschieden.,I've been divorced for three years.,Meine Kollegin ist geschieden.,My colleague is divorced.
noun,Wettbewerb,competition,"der Wettbewerb, -e",Meine Tochter hat bei einem Wettbewerb gewonnen. Sie hat das beste Bild gemalt.,My daughter won a competition. She painted the best picture.
noun,"Sieger, Siegerin",winner,"der Sieger, - die Siegerin, -nen",Wer hat gewonnen? Wie heißt die Siegerin?,Who won? What is the name of the winner?
noun,Fußball,soccer,"der Fußball, ¨-e",Spielt ihr gerne Fußball?,Do you like playing soccer?,Jonas wünscht sich zu Weihnachten einen neuen Fußball.,Jonas wants a new soccer for Christmas.
verb,füttern,to feed,"füttern, füttert, fütterte, hat gefüttert","Es ist im Zoo nicht erlaubt, die Tiere zu füttern.",It is not permitted to feed the animals in the zoo.
other,menschlich,human(e),menschlich,Fehler zu machen ist menschlich.,Making mistakes is human.
noun,Kabel,"cable, cord","das Kabel, -",Wo ist das Kabel für das Aufnahmegerät?,Where is the cable for the recorder?,Mit Kabel bekommen Sie über 30 Fernsehkanäle.,With cable you get over 30 TV channels.
noun,Zahn,tooth,"der Zahn, ¨-e",Der Zahn tut mir schon lange weh.,My tooth has been hurting for a long time.
verb,sich scheiden lassen,to get a divorce,"sich scheiden lassen, lässt sich scheiden, ließ sich scheiden, hat sich scheiden lassen",Meine Nachbarn haben sich scheiden lassen.,My neighbors got divorced.
noun,Beschreibung,description,"die Beschreibung, -en",Eine Beschreibung des Geräts liegt bei.,A description of the device is enclosed.
noun,Grundstück,"property, land","das Grundstück, -e",Wir wollen ein Haus bauen und suchen ein günstiges Grundstück.,We want to build a house and are looking for an inexpensive plot of land.
noun,Bahn,"train, railroad","die Bahn, -en",Ich komme mit der Bahn.,I come by train.
noun,Turm,tower,"der Turm, ¨-e","Kommen Sie auf den Turm, von hier sieht man die ganze Stadt.","Come up to the tower, from here you can see the whole city."
verb,baden,"to bathe, swim","baden, badet, badete, hat gebadet",Wenn du baden möchtest: Das Badezimmer ist dort hinten links.,If you want to take a bath: The bathroom is back there on the left.,Hier ist Baden verboten!,Swimming is prohibited here!
verb,sich verlieben,to fall in love (with),"sich verlieben, verliebt sich, verliebte sich, hat sich verliebt (in + Akkusativ)",Ich habe mich verliebt.,I have fallen in love.
verb,begegnen,to encounter,"begegnen, begegnet, begegnete, ist begegnet",Sind wir uns nicht schon mal irgendwann begegnet?,Haven't we met before at some point?
verb,auftreten,"to occur, appear, perform","auftreten, tritt auf, trat auf, ist aufgetreten",Nächste Woche tritt in der Stadthalle eine berühmte Musikgruppe auf.,"Next week, a famous music group will be performing in the Stadthalle.",Schlafstörungen treten meistens bei jungen Kindern auf.,Sleep disturbances occur mainly in young children.
noun,Blatt,"leaf, sheet (of paper)","das Blatt, ¨-er",Die Bäume bekommen schon gelbe Blätter.,The trees are already turning yellow.,Haben Sie ein Blatt Papier für mich?,Do you have a piece of paper for me?
noun,Frisur,hairstyle,"die Frisur, -en",Du hast eine tolle Frisur! Warst du beim Friseur?,You have a great hairstyle! Have you been to the hairdresser?
other,fröhlich,"cheerful, happy",fröhlich,Die Musik klingt fröhlich.,The music sounds cheerful.,Sie ist ein fröhlicher Mensch.,She is a cheerful person.
noun,Schachtel,"box, package","die Schachtel, -n",Ich hätte gern eine Schachtel Zigaretten.,I would like a pack of cigarettes.,Meiner Mutter schenke ich eine Schachtel Pralinen.,I give my mother a box of chocolates.
noun,Lampe,lamp,"die Lampe, -n",Ich habe mir eine neue Lampe gekauft.,I bought a new lamp.,Mach doch bitte die Lampe an. Es ist so dunkel hier.,Please turn on the lamp. It's so dark here.
noun,Betrieb,"business, operation","der Betrieb, -e",In diesem Betrieb arbeiten zehn Leute.,Ten people work in this company.,Kurz vor Weihnachten ist in den Kaufhäusern immer viel Betrieb.,"Just before Christmas, department stores are always very busy.",Der Aufzug ist in Betrieb/außer Betrieb.,The elevator is in/out of service.
noun,Gegensatz,contrast,"der Gegensatz, ¨-e",Diese beiden Meinungen stehen in starkem Gegensatz zueinander.,These two opinions are in stark contrast to each other.,Im Gegensatz zu ihm ist sein Vater ziemlich klein.,"In contrast to him, his father is quite small."
other,ausländisch,foreign,ausländisch,Die ausländischen Studenten müssen zuerst einen Deutschkurs besuchen.,Foreign students must first attend a German course.
other,dünn,thin,dünn,Mein Sohn ist sehr dünn. Er isst zu wenig.,My son is very thin. He eats too little.,Warum ziehst du nur so einen dünnen Mantel an? Es ist kalt draußen.,Why are you wearing such a thin coat? It's cold outside.
noun,Ausland,abroad,das Ausland (Sg.),Wir fahren im Urlaub meistens ins Ausland.,We usually go abroad on vacation.
noun,Entwicklung,development,"die Entwicklung, -en",Genug Schlaf ist wichtig für die Entwicklung Ihres Kindes.,Getting enough sleep is important for your child's development.
verb,(sich) verbessern,to improve,"(sich) verbessern, verbessert, verbesserte, hat verbessert",Ich habe mein Deutsch verbessert.,I have improved my German.,Meine Kinder haben sich in der Schule verbessert.,My children have improved at school.
noun,Diskussion,discussion,"die Diskussion, -en",Im Fernsehen gab es eine Diskussion zum Thema „Kinderbetreuung“.,There was a discussion on television about childcare.
noun,Gehalt,salary,"das Gehalt, ¨-er",Ich bin mit meinem Gehalt zufrieden.,I am happy with my salary.
noun,Forschung,research,"die Forschung, -en",Er arbeitet in der Forschung.,He works in research.
other,geradeaus,straight ahead,geradeaus,Fahren Sie geradeaus bis zur nächsten Kreuzung.,Drive straight on until the next intersection.
noun,Kasse,cash register,"die Kasse, -n",Zahlen Sie bitte an der Kasse.,Please pay at the cash desk.
other,tödlich,fatal,tödlich,Dieses Gift kann für den Menschen tödlich sein.,This poison can be fatal to humans.
noun,Gitarre,guitar,"die Gitarre, -n",Ich spiele seit drei Jahren Gitarre.,I've been playing guitar for three years.
verb,bedienen,to serve,"bedienen, bedient, bediente, hat bedient",Werden Sie schon bedient?,Are you already being served?,Die Kaffeemaschine ist ganz leicht zu bedienen.,The coffee machine is very easy to operate.
noun,"Politiker, Politikerin",politician,"der Politiker, - die Politikerin, -nen","Weißt du, wie dieser Politiker heißt?",Do you know the name of this politician?
noun,Werkzeug,tool,"das Werkzeug, -e",Wir hatten kein Werkzeug für die Reparatur dabei.,We didn't have any tools with us for the repair.
noun,Neffe,nephew,"der Neffe, -n",Meine Schwester hat zwei Kinder. Meine Neffen sind drei und fünf Jahre alt.,My sister has two children. My nephews are three and five years old.
noun,Bevölkerung,population,"die Bevölkerung, -en",11 % der Bevölkerung wurden nicht im Inland geboren.,11 % of the population was not born in Germany.
noun,Service,service,"der Service, -",Rufst du beim Pizza-Service an?,Are you calling the pizza service?,Ich war mit dem Service in der Werkstatt nicht zufrieden.,I was not satisfied with the service in the workshop.
noun,Detail,detail,"das Detail, -s",Dieses Detail ist unwichtig.,This detail is unimportant.,Ich habe alles bis ins kleinste Detail vorbereitet.,I prepared everything down to the smallest detail.
noun,"Schriftsteller, Schriftstellerin","writer, author","der Schriftsteller, - die Schriftstellerin, -nen",Kennst du diese Schriftstellerin? Ich liebe ihre Bücher.,Do you know this author? I love her books.
other,andererseits,on the other hand,andererseits,"Tarek möchte zwar studieren, aber andererseits möchte er auch gleich Geld verdienen.","Tarek wants to study, but he also wants to earn money straight away."
other,üblich,"customary, usual",üblich,"In Deutschland ist es üblich, früh zu Abend zu essen.","In Germany, it is customary to eat dinner early."
noun,Möbel,furniture,"das Möbel, -",Wir haben uns neue Möbel gekauft.,We bought new furniture.
noun,Zoo,zoo,"der Zoo, -s",Am Sonntag gehen wir mit den Kindern in den Zoo.,On Sunday we take the children to the zoo.
noun,Gedicht,poem,"das Gedicht, -e",Kennst du ein schönes Gedicht?,Do you know a nice poem?
verb,vorschlagen,to suggest,"vorschlagen, schlägt vor, schlug vor, hat vorgeschlagen","Ich schlage vor, dass wir eine Pause machen.",I suggest we take a break.
noun,Trennung,separation,"die Trennung, -en",Die Trennung von der Familie war schwierig.,The separation from the family was difficult.,"Meine Kollegin ist noch nicht geschieden, aber sie lebt in Trennung.","My colleague is not yet divorced, but she is separated."
noun,Lautsprecher,loudspeaker,"der Lautsprecher, -",Bitte achten Sie auch auf die Lautsprecher-Ansagen am Bahnhof.,Please also pay attention to the loudspeaker announcements at the station.
noun,Ticket,ticket,"das Ticket, -s",Wir müssen die Tickets für unseren Flug ausdrucken.,We have to print out the tickets for our flight.,Ich kaufe heute Tickets für das Konzert.,I'm buying tickets for the concert today.
noun,Etage,floor,"die Etage, -n (D, CH) → Stock","Das Büro ist in der 3. Etage, Zimmer 305.","The office is on the 3rd floor, room 305."
verb,verteilen,to distribute,"verteilen, verteilt, verteilte, hat verteilt",Kannst du bitte schon mal die Gläser verteilen?,Can you please distribute the glasses?
other,aktiv,active,aktiv,Ich bin sehr aktiv und mache viel Sport.,I am very active and do a lot of sport.
noun,Reis,rice,"der Reis, -e","Eine Portion Huhn mit Reis, bitte.","A portion of chicken with rice, please."
verb,überfahren,to run over,"überfahren, überfährt, überfuhr, hat überfahren",Gestern hat ein Autofahrer einen Hund überfahren.,Yesterday a driver ran over a dog.
noun,Bekannte,acquaintance,"der Bekannte, -n die Bekannte, -n",In Hannover wohnen Bekannte von mir.,Friends of mine live in Hanover.
other,sodass,so (that),sodass,"Der Zug hatte zwei Stunden Verspätung, sodass ich erst um 23 Uhr nach Hause kam.","The train was two hours late, so I didn't get home until 11pm."
noun,Golf,golf,"der Golf, -e",Kannst du Golf spielen?,Can you play golf?
verb,unterrichten,to teach,"unterrichten, unterrichtet, unterrichtete, hat unterrichtet",Meine Frau unterrichtet Spanisch.,My wife teaches Spanish.
verb,erhöhen,to increase,"erhöhen, erhöht, erhöhte, hat erhöht",Die Regierung wird sicher bald wieder die Steuern erhöhen.,The government is sure to raise taxes again soon.,Die Zahl der Unfälle hat sich stark erhöht.,The number of accidents has risen sharply.
verb,übernachten,to stay overnight,"übernachten, übernachtet, übernachtete, hat übernachtet",Wir haben auf dem Campingplatz übernachtet.,We spent the night at the campsite.
noun,Kredit,credit,"der Kredit, -e",Ich habe den Wagen auf Kredit gekauft.,I bought the car on credit.,Wir haben von der Bank einen Kredit bekommen.,We got a loan from the bank.
verb,präsentieren,to present,"präsentieren, präsentieren, präsentiert, präsentierte, hat präsentiert",Präsentieren Sie Ihre Ergebnisse bitte im Kurs.,Please present your results in the course.
noun,Zusammenhang,"context, connection","der Zusammenhang, ¨-e",In diesem Zusammenhang möchte ich Sie auf zwei Bücher aufmerksam machen.,"In this context, I would like to draw your attention to two books.",Was ist der Zusammenhang zwischen diesen beiden Themen?,What is the connection between these two topics?
other,breit,wide,breit,Der Teppich ist zwei Meter lang und einen Meter breit.,The carpet is two meters long and one meter wide.
verb,tauchen,to dive,"tauchen, taucht, tauchte, ist/hat getaucht",Ich möchte im Urlaub wieder tauchen gehen.,I would like to go diving again on vacation.
noun,Nadel,needle,"die Nadel, -n",Hast du eine Nadel für mich? Ich muss einen Knopf annähen.,Do you have a needle for me? I need to sew on a button.
noun,Apfel,apple,"der Apfel, ¨-",Zum Frühstück esse ich jeden Tag einen Apfel.,I eat an apple for breakfast every day.
noun,Notaufnahme,emergency room,"die Notaufnahme, -n",Die Notaufnahme ist gleich hier links.,The emergency room is right here on the left.
noun,Tierpark,zoo,"der Tierpark, -s",Wollen wir am Samstag mit den Kindern in den Tierpark gehen?,Shall we take the children to the zoo on Saturday?
noun,Trinkgeld,tip,"das Trinkgeld, -er",Ich habe dem Kellner zwei Euro Trinkgeld gegeben.,I tipped the waiter two euros.
other,sämtliche,all,sämtliche,Sämtliche Fenster müssen geschlossen bleiben.,All windows must remain closed.
noun,Datum,date,"das Datum, die Daten",Welches Datum haben wir heute?,What is today's date?,Bitte Datum und Unterschrift nicht vergessen.,Please do not forget date and signature.,Ich brauche noch ein paar Daten von Ihnen.,I need a few more details from you.
noun,Rasen,lawn,"der Rasen, -",Bitte den Rasen nicht betreten!,Please do not walk on the lawn!
verb,empfehlen,to recommend,"empfehlen, empfiehlt, empfahl, hat empfohlen",Was können Sie mir denn empfehlen?,What can you recommend?
verb,hupen,to honk,"hupen, hupt, hupte, hat gehupt",Hier ist ein Krankenhaus. Hier darfst du nicht hupen.,This is a hospital. You are not allowed to honk here.
noun,Einrichtung,"furnishings, establishment","die Einrichtung, -en","Deine Wohnung ist sehr gemütlich, die Einrichtung gefällt mir sehr gut.","Your apartment is very cozy, I really like the furnishings."
other,verdächtig,suspicious,verdächtig,Die Tür war nicht abgeschlossen. Das ist verdächtig.,The door was not locked. That's suspicious.,Haben Sie etwas Verdächtiges gesehen?,Have you seen anything suspicious?
noun,Alternative,alternative,"die Alternative, -n",Auf dieser Strecke ist der Zug eine gute Alternative zum Flugzeug.,The train is a good alternative to the plane on this route.
noun,Experte,expert,"der Experte, -n",Ich verstehe ein bisschen was von Computern. Aber ich bin kein Experte.,I know a bit about computers. But I'm not an expert.
noun,Ozean,ocean,"der Ozean, -e",Dieses Schiff fährt über den Atlantischen Ozean.,This ship sails across the Atlantic Ocean.
noun,Notruf,emergency call,"der Notruf, -e",Der Notruf hat die Nummer 110.,The emergency number is 110.
verb,bremsen,to brake,"bremsen, bremst, bremste, hat gebremst",Der Mann ist ganz plötzlich über die Straße gegangen. Ich musste stark bremsen.,The man suddenly crossed the road. I had to brake hard.
other,häufig,frequently,häufig,Haben Sie häufig Kopfschmerzen? Dann sollten Sie nicht so lange am Computer sitzen.,Do you often have headaches? Then you shouldn't sit at the computer for so long.
other,alternativ,alternative,alternativ,Wir brauchen alternative Energien.,We need alternative energies.
other,anstrengend,"exhausting, strenuous",anstrengend,Ich finde diese Arbeit sehr anstrengend.,I find this work very strenuous.
noun,"Kellner, Kellnerin","waiter, waitress","der Kellner, - die Kellnerin, -nen → D, A: Ober; CH: Serviceangestellter",Ich bin Kellnerin von Beruf.,I am a waitress by profession.
noun,Tüte,bag,"die Tüte, -n",Brauchen Sie eine Tüte für den Salat?,Do you need a bag for the salad?
verb,fordern,to demand,"fordern, fordert, forderte, hat gefordert",Die Arbeitnehmer fordern mehr Geld.,Employees are demanding more money.
noun,Anspruch,"claim, entitlement","der Anspruch, ¨-e",Sie wohnen im Stadtzentrum. Deshalb haben Sie keinen Anspruch auf Fahrgeld.,"You live in the city center. Therefore, you are not entitled to a fare."
other,wertvoll,valuable,wertvoll,Ich habe einen sehr wertvollen Ring von meiner Großmutter.,I have a very valuable ring from my grandmother.
noun,Kommunikation,communication,"die Kommunikation, -en",Die Kommunikation zwischen den Abteilungen ist gut.,Communication between the departments is good.
verb,operieren,to operate,"operieren, operiert, operierte, hat operiert",Wir müssen das Knie sofort operieren.,We have to operate on the knee immediately.
noun,Rente,pension,"die Rente, -n (D, CH) → A, CH: Pension",Sie ist 67 und bekommt jetzt eine gute Rente.,She is 67 and now receives a good pension.
noun,Ersatz,replacement,der Ersatz (Sg.),Sie bekommen von unserer Firma einen Ersatz für das kaputte Gerät.,You will receive a replacement for the broken appliance from our company.
noun,Anlage,"system, attachment","die Anlage, -n",Meine Musikanlage ist kaputt.,My music system is broken.,In der Anlage der E-Mail finden Sie meinen Lebenslauf.,Please find my CV attached to the e-mail.
other,sowohl … als auch,both ... and,sowohl … als auch,Sowohl Sie als auch Ihre Frau müssen unterschreiben.,Both you and your wife must sign.
noun,Spritze,"injection, syringe","die Spritze, -n",Ich habe heute vom Arzt eine Spritze gegen die Schmerzen bekommen.,Today the doctor gave me an injection for the pain.
verb,umarmen,"to embrace, hug","umarmen, umarmt, umarmte, hat umarmt",Lass dich zum Abschied umarmen.,Let me hug you goodbye.
noun,"Musiker, Musikerin",musician,"der Musiker, - die Musikerin, nen",Mein Bruder möchte Musiker werden.,My brother wants to become a musician.
verb,beleidigen,"to insult, offend","beleidigen, beleidigt, beleidigte, hat beleidigt",Ich wollte Sie nicht beleidigen.,I didn't mean to offend you.,Sei doch nicht immer gleich beleidigt.,Don't always be offended.
verb,sich wundern,"to wonder (about), be surprised","sich wundern, wundert sich, wunderte sich, hat sich gewundert (über + Akkusativ)","Es hat mich gewundert, dass das Essen hier so günstig ist.",I was surprised that the food here is so cheap.,"Ich wundere mich, dass du schon so früh aus der Schule kommst. Was ist los?",I'm surprised you're out of school so early. What's going on?
verb,beeinflussen,to influence,"beeinflussen, beeinflusst, beeinflusste, hat beeinflusst",Dieses Ereignis hat die Wahlen beeinflusst.,This event influenced the elections.
noun,Bedingung,"condition, terms","die Bedingung, -en","Wenn Sie unsere Bedingungen akzeptieren, können wir einen Vertrag machen.","If you accept our conditions, we can make a contract.",Wir haben in unserem Betrieb sehr gute Arbeitsbedingungen.,We have very good working conditions in our company.
verb,(sich) ärgern,"to get angry (about), to annoy","(sich) ärgern, ärgert, ärgerte, hat geärgert (über + Akkusativ)",Ärgern Sie sich nicht.,Don't get annoyed.,Mein Bruder hat mich schon als Kind immer geärgert.,My brother used to tease me as a child.
noun,Konkurrenz,competition,"die Konkurrenz, -en",Die Reparatur ist mir hier zu teuer. Bei der Konkurrenz bekomme ich sie für die Hälfte.,The repair is too expensive for me here. I can get it for half the price from the competition.,"Es ist schwer, ein Geschäft aufzumachen. Die Konkurrenz ist groß.",It's difficult to start a business. The competition is fierce.
noun,Intelligenz,intelligence,"die Intelligenz, -en",Meine Kinder haben in der Schule einen Intelligenztest gemacht.,My children took an intelligence test at school.
noun,Metall,metal,"das Metall, -e",Dieser Tisch hier ist ganz aus Metall.,This table here is made entirely of metal.
verb,"pensioniert werden/sein, in Pension gehen/sein",to be retired,"pensioniert werden/sein (D, CH) → D, A: in Pension gehen/sein; D: in Rente gehen/sein",Ich werde Ende des Jahres pensioniert.,I'm retiring at the end of the year.,Mein Nachbar ist seit zehn Jahren pensioniert.,My neighbor has been retired for ten years.
verb,absagen,to cancel,"absagen, sagt ab, sagte ab, hat abgesagt","Ich muss unser Treffen leider absagen, weil ich krank geworden bin.","Unfortunately, I have to cancel our meeting because I have fallen ill."
noun,Temperatur,temperature,"die Temperatur, -en",Die Temperaturen steigen heute um 10 Grad.,Temperatures will rise by 10 degrees today.
noun,Verletzung,injury,"die Verletzung, -en",Keine Angst. Die Verletzung ist nicht so schlimm.,Don't worry. The injury is not that bad.
other,anwesend,present,anwesend,Bei dem Treffen waren alle Mitglieder anwesend.,All members were present at the meeting.
noun,Oper,opera,"die Oper, -n",Ich mag Opern.,I like opera.,Warst du schon mal in der Oper?,Have you ever been to the opera?
verb,aufräumen,to tidy up,"aufräumen, räumt auf, räumte auf, hat aufgeräumt",Vor meinem Urlaub muss ich unbedingt noch meinen Schreibtisch aufräumen.,I really need to tidy up my desk before I go on vacation.
verb,ablehnen,"to refuse, reject","ablehnen, lehnt ab, lehnte ab, hat abgelehnt","Er hat mein Angebot, ihm zu helfen, abgelehnt.",He turned down my offer to help him.
verb,aussprechen,to pronounce,"aussprechen, spricht aus, sprach aus, hat ausgesprochen",Wie spricht man dieses Wort aus?,How do you pronounce this word?
noun,Kälte,cold,die Kälte (Sg.),Bei dieser Kälte fahre ich nicht mit dem Fahrrad.,I don't ride my bike in this cold.
other,anfangs,"initially, at first",anfangs,Anfangs ging alles gut.,Everything went well at first.
other,verwandt,related,verwandt,Sind Sie mit Frau Meyer verwandt?,Are you related to Mrs. Meyer?
noun,Ereignis,event,"das Ereignis, -se",Alle Zeitungen haben über diese Ereignisse berichtet.,All the newspapers reported on these events.,Das Konzert war ein großes Ereignis.,The concert was a great event.
noun,Meldung,"report, message","die Meldung, -en",Hast du die Meldung im Radio gehört? Es wird starken Sturm geben.,Did you hear the report on the radio? There's going to be a big storm.
verb,unterscheiden,to distinguish,"unterscheiden, unterscheidet, unterschied, hat unterschieden",Ihr seid euch sehr ähnlich. Auf dem Foto kann man euch beide nicht unterscheiden.,You are very similar. You can't tell you apart in the photo.
verb,feststellen,to determine,"feststellen, stellt fest, stellte fest, hat festgestellt","Er hat festgestellt, dass der Absender des Briefes falsch war.",He found out that the sender of the letter was wrong.,"Der Arzt hat mich untersucht, konnte aber nichts feststellen.",The doctor examined me but couldn't find anything wrong.
noun,Quartier,"quarter, district","das Quartier, -e (CH) → D, A: Viertel",Wir wohnen in einem schönen Quartier.,We live in a beautiful neighborhood.
noun,Transport,transportation,"der Transport, -e",Was kostet der Transport?,What does transportation cost?
other,rückwärts,backwards,rückwärts,Ich bin rückwärts aus der Garage gefahren.,I backed out of the garage.
noun,Gemeinschaft,community,"die Gemeinschaft, -en",Rauchen ist in den Gemeinschafts-räumen nicht erlaubt.,Smoking is not permitted in the communal areas.
other,reif,ripe,reif,Die Banane kannst du nicht essen. Sie ist noch nicht reif.,You can't eat the banana. It's not ripe yet.
other,übermorgen,the day after tomorrow,übermorgen,Morgen kann ich nicht. Wir sehen uns übermorgen.,I can't tomorrow. I'll see you the day after tomorrow.
verb,vergleichen,to compare,"vergleichen, vergleicht, verglich, hat verglichen",Vergleichen Sie die Angebote.,Compare the offers.
verb,bemerken,to notice,"bemerken, bemerkt, bemerkte, hat bemerkt","Ich habe nicht bemerkt, dass das Fenster offen ist.",I didn't notice that the window was open.
noun,Auswahl,selection,"die Auswahl, -en",Wir müssen eine Auswahl aus den Büchern treffen.,We have to make a selection from the books.,Das Geschäft hat eine große Auswahl.,The store has a large selection.
verb,organisieren,to organize,"organisieren, organisiert, organisierte, hat organisiert",Für den nächsten Sommerurlaub habe ich schon alles organisiert.,I have already organized everything for my next summer vacation.
noun,Besprechung,discussion,"die Besprechung, -en","Tut mir leid, Herr Schmidt ist noch in einer Besprechung.","Sorry, Mr. Schmidt is still in a meeting."
noun,Studium,study,"das Studium, Studien",Sie brauchen für diese Stelle ein abgeschlossenes Studium.,You need a degree for this position.
noun,Kreditkarte,credit card,"die Kreditkarte, -n",Kann ich mit Kreditkarte zahlen?,Can I pay by credit card?
noun,Donner,thunder,"der Donner, -",Der Donner kam erst lange nach dem Blitz.,The thunder came long after the lightning.
verb,stattfinden,to take place,"stattfinden, findet statt, fand statt, hat stattgefunden",Das Spiel findet auch bei Regen statt.,The game also takes place in the rain.
noun,Fortschritt,progress,"der Fortschritt, -e",Ich habe beim Deutschlernen große Fortschritte gemacht.,I have made great progress in learning German.
noun,Feierabend,"evening, closing time","der Feierabend, -e",Einen schönen Feierabend.,Have a nice evening.
other,spannend,exciting,spannend,Das Spiel war spannend bis zur letzten Minute.,The game was exciting right up to the last minute.
verb,einnehmen,to take,"einnehmen, nimmt ein, nahm ein, hat eingenommen",Wie muss ich die Tropfen einnehmen?,How should I take the drops?
other,mittlerweile,"meanwhile, by now",mittlerweile,Am Anfang war die Arbeit schwer. Mittlerweile habe ich mich daran gewöhnt.,The work was hard at first. I've since gotten used to it.
noun,"Käufer, Käuferin",buyer,"der Käufer, - die Käuferin, -nen",Ich habe schon einen Käufer für den alten Tisch.,I already have a buyer for the old table.
noun,Husten,cough,der Husten (Sg.),Haben Sie ein Medikament gegen Husten?,Do you have a cough medicine?
verb,husten,to cough,"husten, hustet, hustete, hat gehustet",Der Junge hat die ganze Nacht gehustet.,The boy has been coughing all night.
noun,Anzahl,"number, quantity","die Anzahl, -en",Die Anzahl der Teilnehmer war groß.,The number of participants was large.
verb,vorkommen,to occur,"vorkommen, kommt vor, kam vor, ist vorgekommen",Kein Problem. Das kann vorkommen.,No problem. That can happen.
verb,festnehmen,to arrest,"festnehmen, nimmt fest, nahm fest, hat festgenommen.",Die Polizei hat einen Mann festgenommen.,The police have arrested a man.
verb,anschließen,to connect,"anschließen, schließt an, schloss an, hat angeschlossen",Wo kann ich den Computer anschließen?,Where can I connect the computer?
noun,Erfindung,invention,"die Erfindung, -en",Die Erfindung des Buchdrucks war sehr wichtig für die Menschen.,The invention of printing was very important for people.
noun,Rucksack,backpack,"der Rucksack, ¨-e",Ich brauche nicht viel. Ich nehme nur meinen Rucksack mit.,I don't need much. I just take my rucksack with me.
other,umgekehrt,"reverse, other way around",umgekehrt,"Nein, umgekehrt: erst der Vorname, dann der Nachname.","No, the other way round: first the first name, then the surname."
noun,Burg,castle,"die Burg, -en",Von der Burg hat man eine schöne Aussicht.,There is a beautiful view from the castle.
other,frech,cheeky,frech,Du darfst in der Schule nicht so frech sein.,You can't be so cheeky at school.
verb,einziehen,to move in,"einziehen, zieht ein, zog ein, ist eingezogen",Die Wohnung ist fertig. Wir können nächste Woche einziehen.,The apartment is ready. We can move in next week.
noun,Tankstelle,gas station,"die Tankstelle, -n",Wo ist die nächste Tankstelle?,Where is the nearest gas station?
verb,gelten,"be effective/valid, be considered as (als)","gelten, gilt, galt, hat gegolten (als + Nominativ)",Mein Pass gilt noch ein Jahr.,My passport is valid for another year.,Bitte diesen Zettel gut aufheben: Er gilt als Garantie.,Please keep this note in a safe place: It is considered as a guarantee.
other,möglichst,"preferably, as/if possible",möglichst,"Sagen Sie mir bitte möglichst bald, ob Ihnen der Termin passt.",Please let me know as soon as possible if the date suits you.,"Wir suchen eine Wohnung, möglichst im Erdgeschoss.","We are looking for an apartment, preferably on the first floor."
noun,Münze,coin,"die Münze, -n",Der Automat nimmt nur Münzen.,The machine only accepts coins.
noun,Saison,season,"die Saison, -s",Urlaub in den Schulferien ist immer teurer. Das ist die Saison mit den höchsten Preisen.,Vacations during the school vacations are always more expensive. This is the season with the highest prices.
verb,sich erholen,to recover (from),"sich erholen, erholt sich, erholte sich, hat sich erholt (von + Dativ)",Im Urlaub habe ich mich sehr gut erholt.,I recovered very well during my vacation.,Er hat sich von dem Unfall sehr schnell wieder erholt.,He recovered very quickly after the accident.
verb,sich beschweren,to complain to sb. (bei) about sth. (über),"sich beschweren, beschwert sich, beschwerte sich, hat sich beschwert (bei + Dativ; über + Akkusativ)",Ich beschwerte mich beim Ober über ein Haar in meinem Essen.,I complained to the waiter about a hair in my food.
verb,verursachen,to cause,"verursachen, verursacht, verursachte, hat verursacht",Dieser Busfahrer verursachte den Unfall.,This bus driver caused the accident.
noun,Produkt,product,"das Produkt, -e",Unsere Produkte haben eine hohe Qualität.,Our products are of high quality.,"Der Arzt sagt, ich soll keine fertigen Produkte essen.",The doctor says I shouldn't eat ready-made products.
noun,Tafel,"board, bar, tablet","die Tafel, -n",Der Lehrer schreibt das neue Wort an die Tafel.,The teacher writes the new word on the board.,Sie finden am Eingang eine Tafel mit Informationen.,You will find a board with information at the entrance.,Ich hätte gern zwei Tafeln Schokolade.,I would like two bars of chocolate.
other,regelmäßig,regularly,regelmäßig,Sie müssen die Tabletten regelmäßig nehmen.,You must take the tablets regularly.
noun,Orange,orange,"die Orange, -n",Ich esse gern Orangen.,I like to eat oranges.
noun,Mahlzeit,meal,"die Mahlzeit, -en",Die Tropfen bitte immer nach den Mahlzeiten einnehmen.,Please always take the drops after meals.,In Deutschland gibt es meist nur einmal am Tag eine warme Mahlzeit.,"In Germany, there is usually only one hot meal a day."
verb,klagen,"to sue, complain","klagen, klagt, klagte, hat geklagt",Sie klagt über Kopfschmerzen.,She complains of headaches.
other,gratis,free of charge,gratis,"Diese Reparatur kostet Sie gar nichts, wir machen das gratis für Sie.","This repair costs you nothing, we do it for you free of charge."
verb,(sich) beschäftigen,"to employ, occupy oneself (with)","(sich) beschäftigen, beschäftigt, beschäftigte, hat beschäftigt (mit + Dativ)",Womit haben Sie sich bei Ihrer Arbeit beschäftigt?,What did you focus on in your work?,Seit wann sind Sie bei dieser Firma beschäftigt?,How long have you been working for this company?
verb,abhängen,to depend on,"abhängen, hängt ab, hing ab, hat abgehangen (von + Dativ)","Vielleicht bleiben wir ein paar Tage länger, das hängt vom Wetter ab.","Maybe we'll stay a few days longer, depending on the weather."
other,beruflich,professional,beruflich,Was machen Sie beruflich?,What do you do for a living?
other,un-,un- (negation of adjectives),un-,Der Verkäufer war sehr unfreundlich.,The salesman was very unfriendly.,Dieses Geräusch ist mir unangenehm.,This noise is unpleasant for me.,Er kam wie immer unpünktlich.,"As always, he arrived late."
other,verständlich,understandable,verständlich,"Nach acht Stunden Schule haben die Kinder keine Lust mehr, die Hausaufgaben zu machen. Ich finde das verständlich.","After eight hours of school, the children no longer feel like doing their homework. I think that's understandable."
noun,Infektion,infection,"die Infektion, -en",Sie haben eine Infektion. Sie müssen Tabletten nehmen.,You have an infection. You need to take tablets.
noun,Torte,cake,"die Torte, -n",Zum Geburtstag backe ich dir eine Torte.,I'll bake you a cake for your birthday.
verb,(sich) aufregen,"to upset/get upset (about), excite","aufregen, regt auf, regte auf, hat aufgeregt (über + Akkusativ)","Es regt mich auf, dass ich schon wieder Überstunden machen muss.",It upsets me that I have to work overtime again.,Ganz ruhig! Bitte regen Sie sich nicht auf.,Take it easy! Please don't get upset.,Heute hast du eine Prüfung. Bist du schon aufgeregt?,You have an exam today. Are you excited yet?,Die Musikgruppe zu erleben war sehr aufregend.,Experiencing the music group was very exciting.
verb,vermuten,"to assume, suspect","vermuten, vermutet, vermutete, hat vermutet","Ich vermute, sie wird heute nicht kommen.",I suspect she won't come today.
noun,Schinken,ham,"der Schinken, -","Bitte, ein Brötchen mit Schinken.","Please, a roll with ham."
noun,"Bewohner, Bewohnerin",resident,"der Bewohner, - die Bewohnerin, -nen",Ich kenne die anderen Hausbewohner nicht.,I don't know the other residents.
noun,Supermarkt,supermarket,"der Supermarkt, ¨-e",Donnerstags gehe ich immer in den Supermarkt.,I always go to the supermarket on Thursdays.
noun,Verwandte,relative,"der Verwandte, -n die Verwandte, -n",Zu meinem Geburtstag kommen alle Verwandten.,All my relatives come to my birthday.
verb,kündigen,"to terminate, cancel","kündigen, kündigt, kündigte, hat gekündigt",Ich war mit meiner Stelle nicht zufrieden und habe gekündigt.,I wasn't happy with my job and resigned.,Hast du deine Wohnung schon gekündigt?,Have you already given notice on your apartment?,Ich möchte die Zeitschrift nicht mehr. – Dann musst du schriftlich kündigen.,I no longer want the magazine. - Then you must cancel in writing.
noun,Kranke,"patient, the ill","der Kranke, -n die Kranke, -n",Kranke brauchen viel Ruhe.,Sick people need a lot of rest.
noun,Ufer,shore,"das Ufer, -",Er schwimmt ans Ufer zurück.,He swims back to shore.,Am Seeufer ist es schön spazieren zu gehen.,It's nice to go for a walk along the lakeshore.
other,ausgebildet,"trained, educated",ausgebildet,Für diesen Beruf müssen Sie gut ausgebildet sein.,You need to be well trained for this job.
noun,Qualität,quality,"die Qualität, -en","Für mich ist nicht nur der Preis wichtig, sondern auch die Qualität.","For me, it's not just the price that's important, but also the quality."
verb,versichern,to insure,"versichern, versichert, versicherte, hat versichert",Wollen Sie Ihr Gepäck versichern?,Do you want to insure your luggage?,Wie sind Sie versichert?,How are you insured?
noun,Scheibe,"slice, pane","die Scheibe, -n","Fünf Scheiben Käse, bitte.","Five slices of cheese, please.",Die Scheiben sind ganz schmutzig. Ich muss die Fenster putzen.,The windows are all dirty. I have to clean the windows.
noun,Konferenz,conference,"die Konferenz, -en",Die Konferenz findet in Raum 19 statt.,The conference will take place in room 19.
noun,Halle,hall,"die Halle, -n",Die Stadt baut eine neue Sporthalle.,The city is building a new sports hall.
verb,wandern,to hike,"wandern, wandert, wanderte, ist gewandert",Wir gehen oft wandern.,We often go hiking.
noun,Kabine,"cabin, booth","die Kabine, -n","Um zu wählen, gehen Sie bitte in diese Kabine.","To vote, please go to this booth."
verb,teilnehmen,to participate (in),"teilnehmen, nimmt teil, nahm teil, hat teilgenommen (an + Dativ)",Leider konnte ich an dem Kurs nicht regelmäßig teilnehmen.,"Unfortunately, I was unable to attend the course regularly."
noun,Löffel,spoon,"der Löffel, -","Bitte, bringen Sie mir einen Löffel.","Please, bring me a spoon."
other,abhängig,dependent,abhängig (von + Dativ),Gregor ist finanziell von seinen Eltern abhängig.,Gregor is financially dependent on his parents.
other,Tee ziehen lassen,steep the tea,Tee ziehen lassen,Diesen Tee sollte man 10 Minuten ziehen lassen.,This tea should be left to infuse for 10 minutes.
other,geeignet,"suitable, suited",geeignet,Dieses Spiel ist nicht für Kinder unter drei Jahren geeignet.,This game is not suitable for children under the age of three.
noun,Schirm,umbrella,"der Schirm, -e",Es regnet. Hast du einen Schirm dabei?,It's raining. Have you brought an umbrella?
verb,vorlesen,to read out loud,"vorlesen, liest vor, las vor, hat vorgelesen",Ich lese meinen Kindern oft etwas vor.,I often read to my children.
verb,anzeigen,"to display, report (to police)","anzeigen, zeigt an, zeigte an, hat angezeigt","Wenn Sie hier parken, zeige ich Sie an.","If you park here, I'll report you.","Ich wünschte, die Parkuhr würde klarer anzeigen, wie viel Zeit noch übrig ist.",I wish the parking meter displayed how much time was left more clearly.
verb,parken,to park,"parken, parkt, parkte, hat geparkt (D, A) → CH: parkieren",Hier dürfen Sie nicht parken.,You are not allowed to park here.,Hier ist das Parken verboten.,Parking is prohibited here.
noun,Mode,fashion,"die Mode, -n",Wie findest du die neue Mode?,What do you think of the new fashion?,Welche Farbe ist denn jetzt gerade in Mode?,What color is in fashion right now?
noun,Versammlung,meeting,"die Versammlung, -en",Der Minister hielt bei der Versammlung eine Rede.,The Minister gave a speech at the meeting.
noun,Saal,hall,"der Saal, Säle",Für unsere Familienfeier haben wir einen kleinen Saal gemietet.,We rented a small hall for our family celebration.
noun,Wirtschaft,economy,"die Wirtschaft, -en",In der Schule lernen die Kinder viel über Wirtschaft und Politik.,Children learn a lot about economics and politics at school.
other,fremd,foreign,fremd,Ich reise gern in fremde Länder.,I like traveling to foreign countries.,Ich bin fremd hier.,I am a stranger here.
noun,Seife,soap,"die Seife, -n",Hier gibt es keine Seife.,There is no soap here.
noun,Schalter,"switch, counter","der Schalter, -",Der Lichtschalter ist rechts neben der Tür.,The light switch is to the right of the door.,Briefmarken bekommen Sie am Schalter 3.,Stamps are available at counter 3.
verb,mischen,to mix,"mischen, mischt, mischte, hat gemischt",Ich möchte ein gemischtes Eis mit Sahne.,I would like a mixed ice cream with cream.,"Wie möchten Sie das Geld? – Bitte gemischt, große und kleine Scheine.",How would you like the money? - Please mix large and small bills.
noun,Hauptstadt,capital city,"die Hauptstadt, ¨-e",Berlin ist die Hauptstadt von Deutschland.,Berlin is the capital of Germany.
verb,ernähren,"to feed, nourish","ernähren, ernährt, ernährte, hat ernährt",Wie ernähre ich mich richtig?,How do I eat right?,"Meine Eltern müssen beide arbeiten, um die Familie zu ernähren.",My parents both have to work to support the family.
other,einschließlich,"including, inclusive",einschließlich,Alles zusammen kostet 200 Euro einschließlich Fahrtkosten.,Everything together costs 200 euros including travel costs.
verb,klettern,to climb,"klettern, klettert, kletterte, ist geklettert",Die Kinder sind auf den Baum geklettert.,The children climbed the tree.
noun,Zusammenarbeit,cooperation,"die Zusammenarbeit, -en",Sie sind der neue Kollege? Auf gute Zusammenarbeit!,Are you the new colleague? Here's to good cooperation!
verb,garantieren,to guarantee,"garantieren, garantiert, garantierte, hat garantiert","Ich kann Ihnen nicht garantieren, dass das Gerät nächste Woche fertig ist.",I cannot guarantee that the device will be ready next week.
other,technisch,technical,technisch,Es gab ein technisches Problem.,There was a technical problem.,Sind Sie technisch interessiert?,Are you interested in technology?
verb,frühstücken,to have breakfast,"frühstücken, frühstückt, frühstückte, hat gefrühstückt",Haben Sie schon gefrühstückt?,Have you had breakfast yet?
noun,Landung,landing,"die Landung, -en",Bei der Landung müssen Sie sich anschnallen.,You must fasten your seat belt when landing.
verb,herstellen,to manufacture,"herstellen, stellt her, stellte her, hat hergestellt",In unserer Firma stellen wir Schokolade her.,We make chocolate in our company.
noun,Lokal,"restaurant, bar","das Lokal, -e",Gibt es hier in der Nähe ein gemütliches Lokal?,Is there a cozy restaurant nearby?
noun,Honig,honey,der Honig (Sg.),Ich esse gern Brötchen mit Honig und Butter zum Frühstück.,I like to eat bread rolls with honey and butter for breakfast.
verb,verurteilen,"to sentence, condemn","verurteilen, verurteilt, verurteilte, hat verurteilt",Das Gericht hat den Täter zu einer Geldstrafe verurteilt.,The court sentenced the perpetrator to a fine.
noun,Feuerwehr,fire department,"die Feuerwehr, -en",Schnell! Rufen Sie die Feuerwehr! Die Nummer ist: 112.,Quickly! Call the fire department! The number is: 112.
noun,"Vertreter, Vertreterin",representative,"der Vertreter, - die Vertreterin, -nen","Als Herr Dr. Müller in Urlaub war, bin ich zu seiner Vertreterin gegangen.","When Dr. Müller was on vacation, I went to see his deputy.",Die Elternvertreter treffen sich morgen Abend in der Schule.,The parent representatives will meet tomorrow evening at the school.
noun,Aprikose,apricot,"die Aprikose, -n (D, CH) → A: Marille",Schmecken dir die Aprikosen?,Do you like the apricots?
noun,"Hausmeister, Hausmeisterin","caretaker, janitor","der Hausmeister, - die Hausmeisterin, -nen (D, A) → CH: Abwart","Der Hausmeister hat mir geholfen, den Schrank in die Wohnung zu tragen.",The janitor helped me carry the cupboard into the apartment.
noun,Bogen,"sheet, bow, arc","der Bogen, -/¨-",Bitte schreiben Sie Ihren Namen auf den Antwortbogen.,Please write your name on the reply form.,Ein Bogen wird zum Abschießen von Pfeilen verwendet.,A bow is used for shooting arrows.
noun,Schein,bill,"der Schein, -e",Kannst du einen Schein in Kleingeld wechseln?,Can you change a bill into change?,Hast du Kleingeld für den Automaten? Ich habe nur Scheine.,Do you have change for the machine? I only have bills.
other,insgesamt,in total,insgesamt,Insgesamt haben sich 20 Teilnehmer für die Prüfung angemeldet.,A total of 20 participants registered for the exam.
noun,Mangel,"defect, shortage","der Mangel, ¨-",In dieser Stadt gibt es einen großen Mangel an Wohnungen.,There is a great shortage of apartments in this city.,Die Maschine hat technische Mängel.,The machine has technical defects.
noun,Hobby,hobby,"das Hobby, -s",Ich habe keine Zeit mehr für meine Hobbys.,I no longer have time for my hobbies.
verb,erfinden,to invent,"erfinden, erfindet, erfand, hat erfunden",Das Rad wurde vor ca. 6000 Jahren erfunden.,The wheel was invented around 6000 years ago.
noun,Ernte,harvest,"die Ernte, -n",Die Ernte ist dieses Jahr gut.,The harvest is good this year.
noun,"Abwart, Abwartin",caretaker,"der Abwart, -e die Abwartin, -nen (CH) -> D, A: Hausmeister","Der Abwart hat mir geholfen, den Schrank in die Wohnung zu tragen.",The caretaker helped me carry the cupboard into the apartment.
noun,Kennzeichen,license plate,"das Kennzeichen, -",Das Auto hat ein Schweizer Kennzeichen.,The car has a Swiss license plate.
verb,siegen,to win,"siegen, siegt, siegte, hat gesiegt",Die Mannschaft siegte mit 2:0.,The team won 2:0.
verb,gratulieren,to congratulate (on),"gratulieren, gratuliert, gratulierte, hat gratuliert (zu + Dativ)",Ich gratuliere euch zur Geburt eurer Tochter.,Congratulations on the birth of your daughter.
noun,Dose,"can, tin","die Dose, -n → D, CH: Büchse",Ich habe noch eine Dose Bohnen.,I still have a tin of beans.
noun,Wärme,heat,"die Wärme, -n",Wärme ist gut gegen meine Schmerzen.,Heat is good for my pain.
noun,Magazin,magazine,"das Magazin, -e",Jugendliche lesen dieses Magazin gern.,Young people enjoy reading this magazine.
other,kräftig,"strong, powerful",kräftig,Der Mann ist kräftig. Er macht viel Sport und isst viel.,The man is strong. He does a lot of sport and eats a lot.,Die Suppe musst du kräftig würzen.,Season the soup well.
noun,Nagel,nail,"der Nagel, ¨-",Kannst du mir den Nagel in die Wand schlagen?,Can you hammer the nail into the wall for me?,Ich muss mir die Fingernägel schneiden.,I have to cut my fingernails.
noun,Lehre,"teaching, apprenticeship","die Lehre, -n",Mein Cousin will eine dreijährige Lehre machen.,My cousin wants to do a three-year apprenticeship.
noun,Marille,apricot,"die Marille, -n (A) → D, CH: Aprikose",Schmecken dir die Marillen?,Do you like the apricots?
noun,Produktion,production,"die Produktion, -en",Die Produktion von Käse dauert oft viele Wochen.,The production of cheese often takes many weeks.
verb,bluten,to bleed,"bluten, blutet, blutete, hat geblutet",Ich habe mich verletzt. Meine Hand blutet.,I have injured myself. My hand is bleeding.
noun,Bedarf,demand,"der Bedarf, -e",An diesem Produkt besteht großer Bedarf.,There is great demand for this product.
noun,Inhalt,contents,"der Inhalt, -e",Geben Sie den Inhalt der Packung in einen Liter kochendes Wasser.,Add the contents of the packet to one liter of boiling water.
other,geehrt,"honored, dear",geehrt,"Sehr geehrte Damen und Herren, …","Dear Ladies and Gentlemen, ..."
noun,Messe,"fair, show","die Messe, -n",Kommst du mit zur Automobilmesse?,Are you coming to the motor show?,Vielleicht kann ich auf der Messe einen Job bekommen.,Maybe I can get a job at the fair.
noun,Pommes frites,french fries,die Pommes frites (Pl.),Die Kinder essen gern Würstchen mit Pommes frites.,The children like to eat sausages with chips.
other,inklusive,inclusive,inklusive,Der Zimmerpreis ist inklusive Frühstück.,The room price includes breakfast.
noun,Bestätigung,confirmation,"die Bestätigung, -en",Ich brauche eine schriftliche Bestätigung für das Amt.,I need a written confirmation for the office.
other,weltweit,worldwide,weltweit,Unsere Firma produziert für den weltweiten Markt.,Our company produces for the global market.,Das Zertifikat B1 wird weltweit angeboten.,The B1 certificate is offered worldwide.
verb,fotografieren,to photograph,"fotografieren, fotografiert, fotografierte, hat fotografiert",Ich fotografiere gern.,I like taking photos.
noun,Lehrstelle,apprenticeship,"die Lehrstelle, -n",Es sind noch viele Lehrstellen frei.,There are still many apprenticeships available.
verb,sich bemühen,to endeavor,"sich bemühen, bemüht, bemühte, hat bemüht","Er hat sich sehr bemüht, etwas Gutes zu kochen.",He tried very hard to cook something good.,Ich werde mich um einen Termin bemühen.,I will try to make an appointment.
noun,Ingenieur,engineer,"der Ingenieur, -e",Hans will Bauingenieur werden.,Hans wants to become a civil engineer.
verb,eintreten,to enter,"eintreten, tritt ein, trat ein, ist eingetreten",Letztes Jahr bin ich in einen Sportverein eingetreten.,Last year I joined a sports club.
noun,Zustimmung,"consent, approval","die Zustimmung, -en","Wir brauchen Ihre Zustimmung, um Ihnen Werbung zu schicken.",We need your consent to send you advertising.
noun,Dokument,document,"das Dokument, -e",Hast du alle Dokumente für die Anmeldung dabei?,Do you have all the documents you need for registration?,Dieser Stein ist ein wichtiges Dokument für die alte römische Kultur.,This stone is an important document of ancient Roman culture.
noun,Aufenthalt,stay,"der Aufenthalt, -e",Der Zug hat in München nur 20 Minuten Aufenthalt.,The train only has a 20-minute stop in Munich.,Wir wünschen Ihnen einen angenehmen Aufenthalt.,We wish you a pleasant stay.
verb,messen,to measure,"messen, misst, maß, hat gemessen",Haben Sie schon Fieber gemessen?,Have you taken your temperature yet?,Ich habe das Zimmer ausgemessen. Es sind genau 20 m².,I have measured the room. It's exactly 20 m².
verb,mieten,to rent,"mieten, mietet, mietete, hat gemietet",Wir haben die Wohnung für drei Jahre gemietet.,We have rented the apartment for three years.,Im Urlaub haben wir ein Auto gemietet.,We rented a car on vacation.
other,speziell,special,speziell,Ich suche einen ganz speziellen Ring für meine Freundin.,I am looking for a very special ring for my girlfriend.
other,blond,blond,blond,Mein Sohn ist blond.,My son is blond.,Nina hat lange blonde Haare.,Nina has long blonde hair.
noun,Herkunft,origin,"die Herkunft, -e",Viele Leute fragen mich nach meiner Herkunft.,Many people ask me about my origins.
other,feucht,"moist, damp",feucht,Die Wäsche ist noch feucht.,The laundry is still damp.,Es ist heute feucht draußen.,It's damp outside today.
noun,Jeans,jeans,die Jeans (Pl.),Nicht nur junge Leute tragen Jeans.,It's not just young people who wear jeans.
noun,Studie,study,"die Studie, -n",Wir führen eine Studie über Arbeitslosigkeit durch.,We are conducting a study on unemployment.,"Eine aktuelle Studie zeigt, dass die Umweltverschmutzung zunimmt.",A recent study shows that environmental pollution is on the rise.
noun,Pflanze,plant,"die Pflanze, -n","Wenn wir im Urlaub sind, gießt die Nachbarin unsere Pflanzen.","When we are on vacation, the neighbor waters our plants."
noun,Garderobe,wardrobe,"die Garderobe, -n",Die Mäntel bitte an der Garderobe abgeben.,Please hand in your coats at the checkroom.,"Bitte, achten Sie auf Ihre Garderobe.",Please take care of your wardrobe.
other,voneinander,from each other,voneinander,Wir haben lange nichts voneinander gehört.,We haven't heard from each other for a long time.
noun,"Wirt, Wirtin","host, landlord, landlady","der Wirt, -e die Wirtin, -nen",Ich kenne die Wirtin von diesem Lokal. Sie ist sehr nett.,I know the landlady from this restaurant. She is very nice.
noun,Kasten,box,"der Kasten, ¨- (D) → Kiste (A, D)",Ich habe zwei Kästen Bier gekauft.,I bought two crates of beer.
noun,Kasten,"cabinet, wardrobe","der Kasten, ¨- (A, CH) → D, CH: Schrank",Die Handtücher liegen im Kasten.,The towels are in the cabinet.
verb,backen,to bake,"backen, bäckt/backt, backte, hat gebacken","Wenn du kommst, backe ich einen Kuchen.","If you come, I'll bake a cake."
verb,zeichnen,to draw,"zeichnen, zeichnet, zeichnete, hat gezeichnet",Meine Tochter kann sehr gut zeichnen.,My daughter is very good at drawing.
noun,Salon,salon,"der Salon, -s",Sie arbeitet als Friseurin in einem Salon.,She works as a hairdresser in a salon.
noun,Medikament,medication,"das Medikament, -e",Dieses Medikament gibt es nur auf Rezept.,This medication is only available on prescription.,Der Arzt hat mir ein Medikament verschrieben.,The doctor prescribed me a medication.,Für dieses Medikament müssen Sie fünf Euro dazu zahlen.,You will have to pay an additional five euros for this medicine.,Dieses Medikament hat mir sehr gut geholfen.,This medication has helped me very well.
noun,Lebensmittel,food,die Lebensmittel (Pl.),Lebensmittel werden immer teurer.,Food is becoming more and more expensive.,Meine Lebensmittel kaufe ich im Supermarkt.,I buy my food at the supermarket.
noun,Vortrag,"lecture, speech","der Vortrag, ¨-e",Ihr Vortrag war sehr interessant.,Your presentation was very interesting.
other,ängstlich,"anxious, fearful",ängstlich,Meine Mutter ist etwas ängstlich. Sie geht nicht gern allein auf die Straße.,My mother is a bit anxious. She doesn't like going out on the street on her own.
noun,Schere,scissors,"die Schere, -n",Die Schere hier schneidet schlecht. Hast du noch eine andere?,The scissors here don't cut well. Do you have another one?
verb,reinigen,to clean,"reinigen, reinigt, reinigte, hat gereinigt",Ich möchte diesen Anzug reinigen lassen.,I would like to have this suit cleaned.
noun,Beitrag,"contribution, fee","der Beitrag, ¨-e",Die Krankenkasse hat die Beiträge erhöht.,The health insurance company has increased the contributions.,Der Mitgliedsbeitrag für den Sportverein beträgt 34 Euro pro Monat.,The membership fee for the sports club is 34 euros per month.
noun,Picknick,picnic,"das Picknick, -s die Pille, -n",Am Sonntag machen wir ein Picknick. Der Arzt hat mir neue Pillen verschrieben.,We're going on a picnic on Sunday. The doctor has prescribed me new pills.
verb,übertreiben,"to exaggerate, overdo","übertreiben, übertreibt, übertrieb, hat übertrieben",Ein bisschen Sport ist gesund. Aber man sollte es nicht übertreiben.,A little sport is healthy. But you shouldn't overdo it.
noun,Geschwister,siblings,die Geschwister (Pl.),Die Geschwister sehen sich nur selten.,The siblings rarely see each other.
noun,"Händler, Händlerin","dealer, trader","der Händler, - die Händlerin, -nen","Ich gehe zum Gemüsehändler, soll ich dir etwas mitbringen?","I'm going to the greengrocer, should I bring you something?"
noun,Kerze,candle,"die Kerze, -n",Für den Geburtstagstisch brauchen wir viele Blumen und Kerzen.,We need lots of flowers and candles for the birthday table.
noun,Standpunkt,point of view,"der Standpunkt, -e",Von seinem Standpunkt aus hat er recht.,"From his point of view, he is right."
other,theoretisch,theoretically,theoretisch,Ich habe die theoretische Prüfung bestanden. Nach der praktischen habe ich den Führerschein.,"I passed the theory test. After the practical test, I got my driver's license."
noun,Schwangerschaft,pregnancy,"die Schwangerschaft, -en",Sie dürfen während der Schwangerschaft nicht rauchen.,You must not smoke during pregnancy.
verb,zweifeln,to doubt sth.,"zweifeln, zweifelt, zweifelte, hat gezweifelt (an + Dativ)","Ich zweifle nicht daran, dass Sie recht haben.",I have no doubt that you are right.
noun,Braten,roast,"der Braten, -",Nehmen Sie noch etwas Soße zum Braten?,Do you have some gravy to go with the roast?
verb,braten,to fry,"braten, brät, briet, hat gebraten",Das Fleisch muss zehn Minuten braten.,The meat must roast for ten minutes.,Heute gibt’s gebratenen Fisch.,Today we're having fried fish.
other,verschieden,different,verschieden,Unsere beiden Kinder sind sehr verschieden.,Our two children are very different.,Wir haben dieses Kleid in verschiedenen Farben.,We have this dress in different colors.
noun,Pension,guesthouse,"die Pension, -en",Im Urlaub haben wir in einer kleinen Pension gewohnt.,We stayed in a small guesthouse during our vacation.
noun,Pension,pension,"die Pension, -en (A, CH) → D, CH: Rente",Sie ist 67 und bekommt jetzt eine gute Pension.,She is 67 and now receives a good pension.
noun,"Maler, Malerin",painter,"der Maler, - die Malerin, -nen",Wir haben die Maler im Haus. Wir lassen die Wände neu streichen.,We have the painters in the house. We're having the walls repainted.,Picasso ist vielleicht der bekannteste Maler der Welt.,Picasso is perhaps the most famous painter in the world.
noun,Ausstellung,"exhibition, issue","die Ausstellung, -en",Wir waren mit der Lehrerin in einer Ausstellung.,We went to an exhibition with the teacher.,Die Ausstellung eines neuen Passes dauert zwei Wochen.,It takes two weeks to issue a new passport.
verb,aufheben,"to lift up, to keep in a safe place","aufheben, hebt auf, hob auf, hat aufgehoben","Lassen Sie die Papiere nur auf dem Boden liegen, ich hebe sie schon auf.","Just leave the papers on the floor, I'll pick them up.",Die Quittung müssen Sie gut aufheben.,You must keep the receipt in a safe place.
other,fleißig,"diligent, hard-working",fleißig,Pamela ist wirklich fleißig. Sie macht immer ihre Hausaufgaben.,Pamela is really hard-working. She always does her homework.
noun,Freizeit,leisure/free time,"die Freizeit, -en",In meiner Freizeit höre ich gern Musik.,I like to listen to music in my free time.
other,elegant,elegant,elegant,Ich finde dein Kleid sehr elegant.,I think your dress is very elegant.
other,blass,pale,blass,Du siehst ganz blass aus. Bist du krank?,You look very pale. Are you ill?
noun,Treffpunkt,meeting point,"der Treffpunkt, -e",Unser Treffpunkt ist um 17 Uhr am Hauptbahnhof.,Our meeting point is at 5 p.m. at the main station.
noun,Schrift,"font, (hand)writing","die Schrift, -en",Ich kann leider deine Schrift nicht lesen.,"Unfortunately, I can't read your writing."
other,körperlich,physical,körperlich,Körperliche Arbeit macht mir nichts aus.,I don't mind physical work.
noun,Reinigung,cleaning,"die Reinigung, -en",Die Reinigung des Büros ist nicht teuer.,Cleaning the office is not expensive.,Kannst du bitte die Bluse in die Reinigung bringen?,Can you please take the blouse to the dry cleaners?
noun,Batterie,battery,"die Batterie, -n",Bringst du bitte Batterien für die Kamera mit?,Could you please bring batteries for the camera?
noun,Obst,fruit,"das Obst (Sg.) (D, A) → CH: Früchte",Obst kaufe ich am liebsten auf dem Markt.,I prefer to buy fruit at the market.
noun,Badewanne,bathtub,"die Badewanne, -n",Nach einem langen Arbeitstag setzte sie sich in die Badewanne.,"After a long day at work, she sat down in the bathtub."
noun,Droge,drug,"die Droge, -n",Nimmst du etwa Drogen?,Are you taking drugs?
verb,stechen,"to sting, pierce","stechen, sticht, stach, hat gestochen",Stefan wird beim Zelten immer von den Mücken gestochen.,Stefan is always bitten by mosquitoes when camping.
verb,nützen,"to utilize, be of use","nützen, nützt, nützte, hat genützt",Ich habe jeden Tag eine Tablette genommen. Aber es hat nichts genützt.,I took one tablet every day. But it didn't help.
noun,Schüssel,bowl,"die Schüssel, -n",Gibst du mir bitte eine Schüssel für den Salat?,"Could you pass me a bowl for the salad, please?"
verb,beraten,to advise,"beraten, berät, beriet, hat beraten","Unser Personal berät Sie gern, wenn Sie Fragen haben.",Our staff will be happy to advise you if you have any questions.
other,ideal,ideal,ideal,Eine Wohnung mit Garten wäre für uns ideal.,An apartment with a garden would be ideal for us.
other,gleichfalls,likewise,gleichfalls,"Schöne Feiertage! – Danke, gleichfalls.",Happy holidays! - Thank you too.
noun,Balkon,balcony,"der Balkon, -e",Die Wohnung hat auch einen kleinen Balkon.,The apartment also has a small balcony.
other,wertlos,worthless,wertlos,Diese alten Geldscheine sind heute völlig wertlos.,These old banknotes are completely worthless today.
noun,Netzwerk,network,"das Netzwerk, -e",Soziale Netzwerke sind wichtig.,Social networks are important.,Das Telefonnetzwerk wird ständig erweitert.,The telephone network is constantly being expanded.
verb,entstehen,to arise,"entstehen, entsteht, entstand, ist entstanden",Hier entsteht ein neues Einkaufszentrum.,A new shopping center is being built here.,Andere Kosten entstehen nicht.,There are no other costs.
noun,Soße/Sauce,sauce,"die Soße/Sauce, -n",Gibst du mir bitte mal die Soße?,"Could you pass me the sauce, please?"
noun,Basketball,basketball,"der Basketball, ¨-e",Sie spielt sehr gern Basketball.,She loves playing basketball.,Er hat zum Geburtstag einen neuen Basketball bekommen.,He got a new basketball for his birthday.
noun,Wolke,cloud,"die Wolke, -n",Es sind viele Wolken am Himmel.,There are lots of clouds in the sky.
noun,Erziehung,"education, upbringing",die Erziehung (Sg.),Heute kümmern sich auch viele Väter um die Erziehung der Kinder.,"Today, many fathers also take care of the children's upbringing."
noun,Institut,institute,"das Institut, -e",Ich besuche einen Sprachkurs in einem kleinen Sprachinstitut.,I am attending a language course at a small language institute.
other,mittler-,middle,mittler-,In den mittleren Reihen sind noch Plätze frei.,There are still seats available in the middle rows.
verb,(sich) rasieren,to shave,"(sich) rasieren, rasiert, rasierte, hat rasiert",Dein Bart ist aber lang! Du solltest dich mal wieder rasieren.,Your beard is long! You should shave it again.
other,flach,"flat, shallow",flach,Für die Arbeit brauche ich flache Schuhe.,I need flat shoes for work.,An dieser Stelle ist der See sehr flach.,The lake is very shallow at this point.
noun,"Einbrecher, Einbrecherin","burglar, burglar","der Einbrecher, - die Einbrecherin, -nen",Die Einbrecher haben nichts gestohlen.,The burglars did not steal anything.
verb,stehenbleiben,"to stop, remain still","stehenbleiben, bleibt stehen, blieb stehen, ist stehengeblieben",Bitte bleiben Sie stehen.,Please remain standing.,Meine Uhr ist stehen geblieben.,My watch has stopped.
noun,Flüssigkeit,liquid,"die Flüssigkeit, -en",Dieses Medikament mit viel Flüssigkeit einnehmen.,Take this medicine with plenty of liquid.
noun,"Verkäufer, Verkäuferin","salesman, saleswoman","der Verkäufer, - die Verkäuferin, -nen",Die Verkäuferin wird Ihnen gleich helfen.,The sales assistant will help you in a moment.
noun,Kurve,curve,"die Kurve, -n",Fahr bitte nicht so schnell in die Kurven.,Please don't take the bends so fast.,Achtung. Das Stauende ist gleich hinter einer Kurve.,Caution. The end of the traffic jam is just behind a bend.
verb,veröffentlichen,to publish,"veröffentlichen, veröffentlicht, veröffentlichte, hat veröffentlicht",Das Buch wurde gestern veröffentlicht.,The book was published yesterday.
noun,Zoll,customs,"der Zoll, ¨-e",Das war die Passkontrolle. Wir müssen jetzt noch durch den Zoll.,That was passport control. Now we have to go through customs.
noun,Region,region,"die Region, -en",In der Rhein-Main-Region sind die Mieten sehr hoch.,Rents are very high in the Rhine-Main region.,Die Milch ist aus der Region.,The milk is from the region.
noun,Galerie,gallery,"die Galerie, -n",Diese Galerie ist sehr interessant.,This gallery is very interesting.
noun,"Journalist, Journalistin",journalist,"der Journalist, -en die Journalistin, -nen",Meine Tochter möchte Journalistin werden.,My daughter wants to be a journalist.
noun,"Student, Studentin",student,"der Student, -en die Studentin, -nen",Schüler und Studenten zahlen die Hälfte.,Pupils and students pay half price.
other,national/national-,national,national/national-,Das ist ein nationaler Wettbewerb.,This is a national competition.,Die Nationalmannschaft ist ziemlich stark.,The national team is pretty strong.
other,arbeitslos,unemployed,arbeitslos,Wie lange sind Sie schon arbeitslos?,How long have you been unemployed?
noun,"Ausländer, Ausländerin",foreigner,"der Ausländer, - die Ausländerin, -nen",Viele Ausländer und Ausländerinnen lernen in der Volkshochschule Deutsch.,Many foreigners learn German at the adult education center.
noun,Kalender,calendar,"der Kalender, -",Ich habe den Termin in meinem Kalender notiert.,I have noted the date in my calendar.,Haben Sie am Montag Zeit? – Moment. Ich muss erst in meinem Terminkalender nachschauen.,Are you free on Monday? - Just a moment. I have to check my diary first.
verb,sich langweilen,to get bored,"sich langweilen, langweilt, langweilte, hat gelangweilt",Langweilst du dich?,Are you bored?
noun,"Friseur, Friseurin",hairdresser,"der Friseur, -e die Friseurin, -nen (D, A) → CH: Coiffeur",Du siehst toll aus! Wer ist dein Friseur?,You look great! Who is your hairdresser?,Meine Tochter will Friseurin werden.,My daughter wants to be a hairdresser.
noun,Diät,diet,"die Diät, -en",Ich möchte abnehmen. Deshalb mache ich eine Diät.,I want to lose weight. That's why I'm on a diet.
other,fällig,due,fällig,Die Rechnung ist Énde des Monats fällig.,The invoice is due at the end of the month.
noun,Kneipe,pub,"die Kneipe, -n (D)",Gehen wir noch in eine Kneipe ein Bier trinken?,Shall we go to a pub for a beer?
noun,Apotheke,pharmacy,"die Apotheke, -n",Ist hier in der Nähe eine Apotheke?,Is there a pharmacy nearby?
noun,Enttäuschung,disappointment,"die Enttäuschung, -en",Das Endspiel war eine große Enttäuschung.,The final was a big disappointment.
noun,Studierende,students,"der Studierende, -n die Studierende, -n",Zehn Studierende besuchen das Seminar.,Ten students attend the seminar.
noun,Unterkunft,accommodation,"die Unterkunft, ¨-e",Ich komme drei Tage nach Hamburg und suche eine günstige Unterkunft.,I'm coming to Hamburg for three days and am looking for cheap accommodation.,Ist dieser Preis inklusive Unterkunft und Essen?,Does this price include accommodation and food?
noun,Tuch,"cloth, scarf","das Tuch, ¨-er",Wo hast du dieses schöne Tuch gekauft?,Where did you buy this beautiful scarf?,Die Handtücher sind im Schrank ganz oben.,The towels are in the cupboard at the top.,Hast du ein Taschentuch für mich?,Do you have a handkerchief for me?
other,ausreichend,sufficient,ausreichend,Das Geld ist für die Reise ausreichend.,The money is sufficient for the trip.
noun,Limonade,lemonade,"die Limonade, -n",Die Limonade ist sehr süß.,The lemonade is very sweet.
noun,Eintritt,"admission, entrance","der Eintritt, -e",Kinder über 10 Jahre zahlen den vollen Eintritt.,Children over the age of 10 pay full admission.,Der Eintritt ist frei.,Admission is free.
verb,einrichten,"to furnish, set up","einrichten, richtet ein, richtete ein, hat eingerichtet",Ich habe meine Wohnung selbst eingerichtet.,I furnished my apartment myself.,"Wenn Sie Fragen haben, rufen Sie uns an. Wir haben eine extra Telefon-nummer eingerichtet.","If you have any questions, please call us. We have set up an extra telephone number."
other,automatisch,automatic,automatisch,Die Tür schließt automatisch.,The door closes automatically.,Das Zeugnis bekommen Sie automatisch zugeschickt.,The certificate will be sent to you automatically.
noun,"Einwohner, Einwohnerin","inhabitant, resident","der Einwohner, - die Einwohnerin, -nen",Berlin hat über drei Millionen Einwohner.,Berlin has over three million inhabitants.
noun,Rekord,record,"der Rekord, -e",Es gibt einen neuen Rekord im Schwimmen.,There is a new record in swimming.
verb,einschalten,to switch on,"einschalten, schaltet ein, schaltete ein, hat eingeschaltet",Können Sie bitte die Heizung einschalten?,Can you please turn on the heating?
other,männlich,male,männlich,Kreuzen Sie bitte an: „weiblich“ oder „männlich“.,Please mark with a cross: "female" or "male".
noun,Grippe,flu,"die Grippe, -n",Ich habe eine Grippe und kann leider nicht kommen.,I have the flu and unfortunately I can't come.
noun,(Back-)Rohr,(baking) oven,"das (Back-)Rohr, -e (A) → D, CH: (Back-)Ofen",Ich habe gerade eine Pizza gemacht. Sie ist ganz frisch aus dem Rohr.,I've just made a pizza. It's fresh out of the oven.
verb,schütteln,to shake,"schütteln, schüttelt, schüttelte, hat geschüttelt",Die Flasche muss man vor dem Öffnen schütteln.,The bottle must be shaken before opening.
noun,Geschlecht,gender,"das Geschlecht, -er",Bitte kreuzen Sie an: „Geschlecht: weiblich/männlich“.,Please mark with a cross: "Gender: female/male".
other,ursprünglich,originally,ursprünglich,Ursprünglich wollte ich in einem Restaurant arbeiten. Aber dann bin ich Busfahrerin geworden.,I originally wanted to work in a restaurant. But then I became a bus driver.
noun,"Coiffeur, Coiffeuse",hairdresser,"der Coiffeur, -e die Coiffeuse, -n (CH) → D, A: Friseur",Du siehst toll aus! Wer ist dein Coiffeur?,You look great! Who is your hairdresser?,Meine Tochter will Coiffeuse werden.,My daughter wants to be a hairdresser.
noun,Distanz,distance,"die Distanz, -en",Diese Firma transportiert Waren auch über große Distanzen.,This company also transports goods over long distances.
noun,Empfehlung,recommendation,"die Empfehlung, -en",Ich rufe auf Empfehlung von Herrn Weber an.,I am calling on the recommendation of Mr. Weber.
noun,Literatur,literature,"die Literatur, -en",Ich interessiere mich für Literatur.,I am interested in literature.
other,quer,"across, diagonally",quer,Ich muss zu meiner Arbeit quer durch die ganze Stadt fahren.,I have to drive all over the city to get to work.
verb,analysieren,to analyze,"analysieren, analysiert, analysierte, hat analysiert",Die Politiker analysieren die Situation auf dem Arbeitsmarkt.,Politicians analyze the situation on the labor market.
noun,Angestellte,employee,"der Angestellte, -n die Angestellte, -n",Björn ist Angestellter in einem Reisebüro.,Björn works in a travel agency.
noun,Parfüm,perfume,"das Parfüm, -s",Zum Geburtstag habe ich von meinem Mann ein Parfüm bekommen.,My husband gave me a perfume for my birthday.
noun,Entlassung,dismissal,"die Entlassung, -en",Seine Entlassung aus der Firma kam überraschend.,His dismissal from the company came as a surprise.
verb,produzieren,to produce,"produzieren, produziert, produzierte, hat produziert",Unsere Firma produziert Feuerzeuge.,Our company produces lighters.
verb,fließen,to flow,"fließen, fließt, floss, ist geflossen",Dieser Fluss fließt in die Nordsee.,This river flows into the North Sea.
noun,Garantie,"guarantee, warranty","die Garantie, -n",Auf die Waschmaschine haben Sie ein Jahr Garantie.,You have a one-year guarantee on the washing machine.
noun,Topf,pot,"der Topf, ¨-e (D, A) → CH: Pfanne",Dieses Jahr haben wir keine Töpfe mit Blumen auf dem Balkon.,This year we don't have any pots of flowers on the balcony.,Hast du keinen größeren Topf? Ich möchte Kartoffeln kochen. ? (CH: Pfanne),Don't you have a bigger pot? I want to cook potatoes. ? (CH: pan)
verb,nähen,to sew,"nähen, näht, nähte, hat genäht",Meine Mutter näht ihre Kleider selbst.,My mother sews her own clothes.,Wir müssen die Wunde nähen.,We have to stitch the wound.
verb,hinweisen,to point out,"hinweisen, weist hin, wies hin, hat hingewiesen","Wir möchten Sie darauf hinweisen, dass das Rauchen am Bahnsteig nicht gestattet ist.",We would like to point out that smoking is not permitted on the platform.
other,stumm,mute,stumm,Stell bitte dein Handy leise oder auf stumm.,Please turn down or mute your cell phone.
other,kühl,cool,kühl,Es ist kühl draußen. Zieh dir eine Jacke an.,It's chilly outside. Put on a jacket.
verb,beachten,"to note, observe","beachten, beachtet, beachtete, hat beachtet",Bitte beachten Sie die Ansagen am Bahnsteig.,Please listen to the announcements on the platform.
noun,Ausgabe,"expense, edition, issue (of a book)","die Ausgabe, -n",Wie hoch sind Ihre Ausgaben in einem Monat?,How much do you spend in a month?,Wo ist die Essensausgabe?,Where is the food counter?,In welchem Buch hast du das gelesen? In welcher Ausgabe?,In which book did you read that? In which edition?
noun,Kritik,criticism,"die Kritik, -en",Es gibt viel Kritik an der Politik der Regierung.,There is a lot of criticism of the government's policy.,Dieser Film hat sehr gute Kritiken bekommen.,This movie has received very good reviews.
noun,Abschnitt,section,"der Abschnitt, -e",Lesen Sie bitte den zweiten Abschnitt.,Please read the second section.
verb,regnen,to rain,"regnen, es regnet, es regnete, es hat geregnet",Es hat gestern den ganzen Tag geregnet.,It rained all day yesterday.
noun,Gewerkschaft,(trade) union,"die Gewerkschaft, -en",Die Gewerkschaft vertritt die Interessen der Arbeitnehmer.,The trade union represents the interests of employees.
verb,verreisen,to travel,"verreisen, verreist, verreiste, ist verreist",Frau Dr. Müller ist zurzeit verreist.,Dr. Müller is currently out of town.
other,süchtig,addicted,süchtig,Ich bin süchtig nach Schokolade.,I am addicted to chocolate.,Fernsehen kann süchtig machen.,Television can be addictive.
noun,Konflikt,conflict,"der Konflikt, -e",Das ist ein alter Konflikt.,This is an old conflict.,Ich habe einen Konflikt mit meinen Eltern.,I have a conflict with my parents.
noun,"Sänger, Sängerin",singer,"der Sänger, - die Sängerin, -nen",Wie findest du diesen Sänger? ? Ich finde seine Stimme toll.,What do you think of this singer? ? I think his voice is great.
noun,Dessert,dessert,"das Dessert, -s → D, A: Nachspeise",Nach dem Essen gab es noch ein leckeres Dessert.,"After the meal, there was a delicious dessert."
noun,Rathaus,town hall,"das Rathaus, ¨-er",Hier links sehen Sie das Rathaus.,Here on the left you can see the town hall.,Die Wahl findet im Rathaus statt.,The election takes place in the town hall.
noun,U-Bahn,subway,"die U-Bahn, -en",Die letzte U-Bahn geht um 23.15 Uhr.,The last subway leaves at 11.15 pm.,Ich fahre mit der U-Bahn.,I take the subway.
noun,Dauer,duration,die Dauer (Sg.),Sie können das Buch für die Dauer einer Woche ausleihen.,You can borrow the book for one week.,Auf Dauer ist die Arbeit nicht interessant.,The work is not interesting in the long term.
noun,Fach,"field, subject, compartment","das Fach, ¨-er",Die Handtücher sind im obersten Fach links.,The towels are in the top compartment on the left.,Welches Fach magst du in der Schule am liebsten?,Which subject do you like best at school?
noun,"Mechaniker, Mechanikerin",mechanic,"der Mechaniker, - die Mechanikerin, -nen",Das kann nur ein Mechaniker reparieren.,Only a mechanic can repair this.,Karim ist Automechaniker. Er arbeitet bei Opel.,Karim is a car mechanic. He works for Opel.
noun,Note,"grade, note","die Note, -n",Eva hat immer sehr gute Noten in Mathematik.,Eva always has very good grades in math.,Meine Kinder lernen im Musikunterricht gerade Noten lesen.,My children are learning to read music in music lessons.
noun,Datei,file,"die Datei, -en",Wo hast du die Datei gespeichert?,Where did you save the file?
noun,Wecker,alarm,"der Wecker, -",Hast du den Wecker schon gestellt?,Have you set the alarm yet?
noun,Herd,stove,"der Herd, -e",In der neuen Küche fehlt noch der Herd.,The stove is still missing in the new kitchen.
noun,Gegenstand,object,"der Gegenstand, ¨-e",Ich schließe meine persönlichen Gegenstände im Schwimmbad lieber in ein Fach ein.,I prefer to lock my personal belongings in a compartment in the swimming pool.,Eine Durchsage der Polizei: Auf der A8 liegen Gegenstände auf der Fahrbahn.,An announcement from the police: There are objects lying on the road on the A8.
noun,Wurst,sausage,"die Wurst, ¨-e",Diese Wurst ist mir zu fett.,This sausage is too fatty for me.
noun,Notiz,note,"die Notiz, -en",Ich habe Ihnen eine Notiz geschrieben.,I have written you a note.,Hast du einen Notizzettel für mich?,Do you have a note for me?
noun,Autobahn,highway,"die Autobahn, -en",Das Dorf liegt direkt an der Autobahn.,The village is located directly on the highway.
verb,genügen,to suffice,"genügen, genügt, genügte, hat genügt",Wie viele Zimmer brauchen Sie? – Mir genügt eine 2-Zimmer-Wohnung.,How many rooms do you need? - A 2-room apartment is enough for me.
noun,Brötchen,rolls,"das Brötchen, - (D) → A: Semmel; CH: Brötli",Ich hole schnell ein paar Brötchen zum Frühstück.,I quickly grab a few rolls for breakfast.
noun,Haushalt,household,"der Haushalt, -e","Ich kümmere mich um den Haushalt, d. h. ich putze, wasche, koche etc.","I take care of the household, i.e. I clean, wash, cook, etc."
verb,verbieten,to prohibit,"verbieten, verbietet, verbot, hat verboten",Ich werde meinen Kindern das Rauchen verbieten.,I will forbid my children to smoke.
noun,Zeitschrift,magazine,"die Zeitschrift, -en",Diese Zeitschrift kaufe ich jede Woche.,I buy this magazine every week.
verb,drucken,to print,"drucken, druckt, druckte, hat gedruckt",Warum hast du den Brief noch nicht ausgedruckt?,Why haven't you printed out the letter yet?,Bei welcher Firma haben Sie diese Prospekte drucken lassen?,Which company did you have these brochures printed by?,Du gehst einfach auf „Datei drucken“!,Simply click on "Print file"!
noun,Brötli,rolls,"das Brötli, - (CH) → D: Brötchen; A: Semmel",Ich hole schnell ein paar Brötli zum Frühstück.,I quickly grab a few rolls for breakfast.
noun,Taschentuch,handkerchief,"das Taschentuch, ¨-er",Hast du ein Taschentuch für mich?,Do you have a handkerchief for me?
noun,Tennis,tennis,das Tennis (Sg.),Ich spiele gern Tennis.,I like playing tennis.
verb,überqueren,to cross,"überqueren, überquert, überquerte, hat überquert",Bitte die Straße nur an der Ampel überqueren.,Please only cross the road at the traffic lights.
noun,Kuvert,envelope,"das Kuvert, -s (A) → der Briefumschlag; CH: Couvert",Ich hätte gern 50 Kuverts und Briefmarken dazu.,I would like 50 envelopes and stamps.
noun,Kreuzung,"crossing, intersection","die Kreuzung, -en",Fahren Sie an der nächsten Kreuzung rechts.,Turn right at the next intersection.
noun,Bildschirm,screen,"der Bildschirm, -e",Ich brauche einen größeren Bildschirm für meinen Computer.,I need a larger screen for my computer.,Wir haben einen Fernsehapparat mit einem sehr großen Bildschirm.,We have a TV with a very large screen.
noun,Geschirr,"tableware, dishes","das Geschirr, -e",Für die Geburtstagsfeier brauche ich Geschirr für zwölf Personen.,I need crockery for twelve people for the birthday party.
noun,Vorname,first name,"der Vorname, -n",Mein Vorname ist Thomas.,My first name is Thomas.
verb,schwitzen,to sweat,"schwitzen, schwitzt, schwitzte, hat geschwitzt",Es war sehr heiß. Wir haben alle sehr geschwitzt.,It was very hot. We were all sweating profusely.
other,niedrig,low,niedrig,Die Räume hier sind mir zu niedrig.,The rooms here are too low for me.,Für die Jahreszeit sind die Temperaturen zu niedrig.,The temperatures are too low for the time of year.,Die Firma zahlt sehr niedrige Löhne.,The company pays very low wages.
noun,Klimaanlage,air conditioning,"die Klimaanlage, -n",Im Sommer brauchen wir eine Klimaanlage.,In summer we need air conditioning.
verb,sinken,to sink,"sinken, sinkt, sank, ist gesunken",Das Schiff ist vor der Küste gesunken.,The ship sank off the coast.,Der Preis ist um 3 % gesunken.,The price has fallen by 3 %.
verb,fortsetzen,to continue,"fortsetzen, setzt fort, setzte fort, hat fortgesetzt",Wir setzen die Behandlung am nächsten Donnerstag um 11 Uhr fort.,We will continue the treatment next Thursday at 11 am.
noun,Feuerzeug,lighter,"das Feuerzeug, -e",Ist das Feuerzeug neu?,Is the lighter new?
noun,Strafzettel,parking ticket,"der Strafzettel, -",So ein Pech! Ich habe einmal falsch geparkt und sofort einen Strafzettel bekommen.,What bad luck! I parked incorrectly once and immediately got a parking ticket.
other,durstig,thirsty,durstig,Du bist sicher durstig. Was möchtest du trinken?,You must be thirsty. What would you like to drink?
noun,Lebenslauf,curriculum vitae,"der Lebenslauf, ¨-e",Hast du den Lebenslauf für die Bewerbung schon geschrieben?,Have you already written your CV for the application?
noun,Anrufbeantworter,answering machine,"der Anrufbeantworter, -",Ich habe dir eine Nachricht auf den Anrufbeantworter gesprochen.,I left you a message on the answering machine.
noun,Semmel,(bread etc.) roll,"die Semmel, -n (A) → D: Brötchen; CH: Brötli",Ich hole schnell ein paar Semmeln zum Frühstück.,I quickly grab a few rolls for breakfast.
verb,zumachen,to close,"zumachen, macht zu, machte zu, hat zugemacht",Mach bitte die Tür zu!,Please close the door!
other,relativ,relative,relativ,"Die Wohnung ist relativ groß, aber sehr teuer.","The apartment is relatively large, but very expensive."
noun,Rücksicht,consideration,"die Rücksicht, -en",Nehmen Sie bitte Rücksicht auf die anderen Gäste.,Please be considerate of the other guests.
verb,widersprechen,to contradict,"widersprechen, widerspricht, widersprach, hat widersprochen",Da muss ich Ihnen widersprechen.,I have to disagree with you.,Das widerspricht sich aber.,But that contradicts itself.
noun,Pullover,sweater,"der Pullover, -",Ich habe mir einen Pullover gekauft.,I bought myself a sweater.
verb,ansprechen,"to speak to, address","ansprechen, spricht an, sprach an, hat angesprochen",Gestern hat mich unsere neue Nachbarin im Treppenhaus angesprochen.,"Yesterday, our new neighbor approached me in the stairwell."
noun,"Beamte, Beamtin",civil servant,"der Beamte, -n die Beamtin, -nen",Meine Frau ist Beamtin bei der Polizei.,My wife is a police officer.
noun,(Schlag-)Sahne,(whipped) cream,"die (Schlag-)Sahne (D) → A: (Schlag-)Obers; CH: (Schlag-)Rahm",Ich hätte gern ein Stück Torte mit Sahne.,I would like a piece of cake with cream.
other,vorgestern,the day before yesterday,vorgestern,Er hat mich vorgestern angerufen.,He called me the day before yesterday.
noun,Nachfrage,demand,"die Nachfrage, -n",Die Nachfrage für dieses Produkt ist groß.,Demand for this product is high.
noun,Neuigkeit,news,"die Neuigkeit, -en",In dieser Sache gibt es keine Neuigkeiten.,There is no news on this matter.
noun,Semester,semester,"das Semester, -",Mein Neffe studiert im 7. Semester Medizin.,My nephew is studying medicine in the 7th semester.
noun,Fähre,ferry,"die Fähre, -n",Wir nehmen die Fähre über den Bodensee.,We take the ferry across Lake Constance.
noun,Fotograf,photographer,"der Fotograf, -en",Die Fotografin hat sehr schöne Fotos gemacht.,The photographer took very nice photos.
other,realistisch,realistic,realistisch,"Ich glaube nicht, dass du für das Auto noch so viel Geld bekommst. Das ist nicht realistisch.",I don't think you'll get that much money for the car. That's not realistic.
noun,Kindergarten,kindergarten,"der Kindergarten, ¨-",Morgens bringe ich meinen Sohn in den Kindergarten.,I take my son to kindergarten in the morning.
noun,Kassette,cassette,"die Kassette, -n",Meine Eltern besitzen noch viele Musikkassetten.,My parents still have a lot of music cassettes.
noun,Kandidat,candidate,"der Kandidat, -en",Wie viele Kandidaten kommen zur Prüfung?,How many candidates take the exam?
verb,grillen,to barbecue,"grillen, grillt, grillte, hat gegrillt (D, A) → CH: grillieren",Heute wollen wir im Garten grillen.,Today we want to have a barbecue in the garden.
noun,Landschaft,landscape,"die Landschaft, -en",Die Landschaft ist sehr hügelig.,The landscape is very hilly.
noun,Veranstaltung,event,"die Veranstaltung, -en",Am Samstag ist unser Lokal geschlossen. Wir haben eine Veranstaltung.,Our restaurant is closed on Saturday. We have an event.
verb,aufschreiben,to write down,"aufschreiben, schreibt auf, schrieb auf, aufgeschrieben",Ich habe mir deine Telefonnummer aufgeschrieben.,I wrote down your phone number.
noun,Regal,shelf,"das Regal, -e",Das Buch steht im Regal oben rechts.,The book is on the top right-hand shelf.
noun,Friede,peace,"der Friede/Frieden, -",Endlich ist hier Frieden!,Peace at last!
noun,(Schlag-)Rahm,(whipped) cream,"der (Schlag-)Rahm (CH) → D: (Schlag-)Sahne, A: (Schlag-)Obers",Ich hätte gern ein Stück Torte mit (Schlag-)Rahm.,I would like a piece of cake with whipped cream.
noun,Zinsen,interest,die Zinsen (Pl.),Wie viele Zinsen bekomme ich für mein Sparkonto?,How much interest will I receive on my savings account?
verb,einpacken,to pack,"einpacken, packt ein, packte ein, hat eingepackt",Hast du Handtücher eingepackt?,Did you pack towels?,Soll ich Ihnen das als Geschenk einpacken?,Would you like me to wrap this as a present?
other,zusätzlich,additional,zusätzlich,Sie müssen in Zukunft eine Stunde zusätzlich arbeiten.,You will have to work an extra hour in future.
noun,Umzug,"move, relocation","der Umzug, ¨-e",Der Umzug ist nächste Woche.,The move is next week.
verb,darstellen,"to represent, depict","darstellen, stellt dar, stellte dar, hat dargestellt",Er konnte das Problem sehr gut darstellen.,He was able to present the problem very well.
noun,Birne,pear,"die Birne, -n",Möchten Sie Obst? Die Birnen sind heute besonders schön.,Would you like some fruit? The pears are particularly beautiful today.
other,politisch,political,politisch,Ich diskutiere mit meinem Mann oft über politische Probleme.,I often discuss political issues with my husband.,Die politischen Meinungen zum Thema Umwelt sind sehr verschieden.,Political opinions on the environment vary widely.
noun,Arbeitsplatz,workplace,"der Arbeitsplatz, ¨-e",In der Industrie gibt es immer weniger Arbeitsplätze.,There are fewer and fewer jobs in industry.
noun,Plastik,plastic,das Plastik,Was für ein Spielzeug möchten Sie? Aus Plastik oder aus Holz?,What kind of toy would you like? Plastic or wooden?
noun,Leder,leather,"das Leder, -",Ist die Tasche aus Leder?,Is the bag made of leather?
noun,Schmutz,dirt,der Schmutz (Sg.),Du hast Schmutz an deinen Schuhen.,You have dirt on your shoes.
noun,Durchsage,announcement,"die Durchsage, -n","Achtung, Achtung, eine wichtige Durchsage!","Attention, attention, an important announcement!",Ich habe die Durchsage nicht verstanden.,I didn't understand the announcement.
verb,übersetzen,to translate,"übersetzen, übersetzt, übersetzte, hat übersetzt",Können Sie mir bitte diesen Brief übersetzen?,Can you please translate this letter for me?
noun,Gewohnheit,habit,"die Gewohnheit, -en","Er hat die Gewohnheit, morgens zuerst die Post zu erledigen.",He has a habit of doing the post first thing in the morning.,Aus alter Gewohnheit treffen wir uns jeden Samstagabend.,We meet every Saturday evening out of old habit.
noun,Gruß,greetings,"der Gruß, ¨-e",Schönen Gruß an Ihren Mann.,Best regards to your husband.,Viele Grüße an Ihre Frau.,Many greetings to your wife.,Mit freundlichen Grüßen,Yours sincerely
noun,Zeichnung,drawing,"die Zeichnung, -en",Das ist eine schöne Zeichnung.,This is a beautiful drawing.
noun,Fortsetzung,continuation,"die Fortsetzung, -en",Fortsetzung folgt.,To be continued.
noun,Nerv,nerve,"der Nerv, -en",Er leidet an einer Nervenkrankheit.,He suffers from a nervous disorder.,Mach bitte das Radio aus. Die Musik geht mir auf die Nerven.,Please turn off the radio. The music is getting on my nerves.
verb,pflegen,"to care for, look after","pflegen, pflegt, pflegte, hat gepflegt",Meine Mutter ist sehr krank. Ich muss sie pflegen.,My mother is very ill. I have to look after her.
other,günstig,cheap,günstig,Ich suche eine günstige Ferienwohnung.,I am looking for a cheap vacation apartment.
verb,enthalten,to contain,"enthalten, enthält, enthielt, hat enthalten",Diese Schokolade enthält nur sehr wenig Zucker.,This chocolate contains very little sugar.,Ist die Änderung im Preis enthalten?,Is the change included in the price?
verb,erstellen,to create,"erstellen, erstellt, erstellte, hat erstellt","Erstellen Sie bitte eine Liste mit allen Informationen, die Sie brauchen.",Please make a list of all the information you need.
verb,korrigieren,to correct,"korrigieren, korrigiert, korrigierte, hat korrigiert",Können Sie bitte meinen Brief korrigieren?,Can you please correct my letter?,Der Lehrer hat meine Fehler korrigiert.,The teacher corrected my mistakes.
noun,Quittung,receipt,"die Quittung, -en",Brauchen Sie eine Quittung?,Do you need a receipt?
noun,Instrument,instrument,"das Instrument, -e",Ich spiele Klavier. Spielen Sie auch ein Musikinstrument?,I play the piano. Do you also play a musical instrument?
noun,Aktivität,activity,"die Aktivität, -en",In den Ferien bietet die Stadt für Kinder verschiedene Freizeitaktivitäten.,"During the vacations, the city offers various leisure activities for children."
noun,Jugendliche,"young person, teenager","der Jugendliche, -n die Jugendliche, -nen",Die Jugendlichen gehen gerne in die Disko.,Young people like going to the disco.,Der Eintritt ist für Kinder und Jugendliche bis 16 Jahre frei.,Admission is free for children and young people up to the age of 16.
verb,gelingen,to succeed,"gelingen, gelingt, gelang, ist gelungen","Es ist mir gelungen, meinen Chef zu überzeugen.",I managed to convince my boss.
noun,Überzeugung,conviction,"die Überzeugung, -en","Ich bin fest davon überzeugt, dass meine Entscheidung richtig ist. Wie bist du zu dieser Überzeugung gekommen?",I am firmly convinced that my decision is the right one. How did you come to this conviction?
noun,Heizung,heating,"die Heizung, -en",Es ist kalt. Ist die Heizung kaputt?,It's cold. Is the heating broken?
verb,kleben,to glue,"kleben, klebt, klebte, hat geklebt",Die Briefmarke klebt nicht mehr.,The stamp no longer sticks.,Ich klebe Ihnen ein Pflaster darauf.,I'll put a plaster on it for you.
noun,Vorbereitung,preparation,"die Vorbereitung, -en",Nächste Woche beginnen wir mit der Vorbereitung für die Prüfung.,Next week we will start preparing for the exam.
noun,Festplatte,hard disk,"die Festplatte, -n",Mein Computer hat eine große Festplatte.,My computer has a large hard disk.
other,sichtbar,visible,sichtbar,Es gibt keine sichtbaren Verletzungen. Aber wir müssen das Bein trotzdem untersuchen.,There are no visible injuries. But we still need to examine the leg.
noun,Vorschrift,"regulation, rule","die Vorschrift, -en",Beachten Sie bitte die Vorschriften für das Benutzen der Bibliothek.,Please observe the regulations for using the library.
noun,Gewitter,thunderstorm,"das Gewitter, -",Es wird gleich ein Gewitter geben.,There's going to be a thunderstorm soon.
noun,Baustelle,building site,"die Baustelle, -n",Wir müssen die Baustelle umfahren.,We have to drive around the roadworks.
noun,Anschluss,connection,"der Anschluss, ¨-e",In Mannheim haben Sie Anschluss nach Saarbrücken.,In Mannheim you have a connection to Saarbrücken.,Ich brauche in meiner Wohnung einen Telefonanschluss.,I need a telephone connection in my apartment.
other,international,international,international,"Die Teilnehmenden in unserem Kurs sind ganz international: Silvana kommt aus Italien, Conchi aus Spanien, Yin aus China …","The participants in our course are very international: Silvana comes from Italy, Conchi from Spain, Yin from China ...",Der Professor war international bekannt.,The professor was internationally renowned.
noun,Umwelt,environment,die Umwelt (Sg.),Alte Autos sind ein Problem für die Umwelt.,Old cars are a problem for the environment.
noun,Zeile,line,"die Zeile, -n",Das Wort steht in der fünften Zeile von oben.,The word is in the fifth line from the top.
noun,Sessel,armchair,"der Sessel, - (D, CH) → A, CH: Fauteuil",Ich hätte gern einen bequemen Sessel.,I would like a comfortable armchair.
noun,Sessel,chair,"der Sessel, - (A) → D, CH: Stuhl",Da hinten ist noch ein Sessel frei.,There's an empty chair at the back.
noun,Bluse,blouse,"die Bluse, -n",Ich hätte gerne eine weiße Bluse.,I would like a white blouse.
noun,Abfall,waste,"der Abfall, ¨-e",Werfen Sie den Bioabfall bitte nicht zum normalen Müll.,Please do not throw the organic waste in with the normal waste.
noun,Klingel,(door)bell,"die Klingel, -n",Drück bitte auf die Klingel!,Please press the bell!
noun,Länge,length,"die Länge, -n","Mein Schreibtisch hat folgende Maße: Länge 1.20 m, Breite: 0,85 m, Höhe: 0,75 m.","My desk has the following dimensions: length 1.20 m, width: 0.85 m, height: 0.75 m."
verb,ausschließen,to exclude,"ausschließen, schließt aus, schloss aus, hat ausgeschlossen",Das kann man nicht ganz ausschließen.,This cannot be completely ruled out.,So viel kann ich nicht bezahlen. Das ist völlig ausgeschlossen.,I can't pay that much. That's completely out of the question.
noun,Eisenbahn,railroad,"die Eisenbahn, -en",Die Kinder wünschen sich eine elektrische Eisenbahn.,The children want an electric train.
other,kritisch,critical,kritisch,Es gab eine Diskussion über die Lebensmittelpreise. Ein Journalist hat kritische Fragen gestellt.,There was a discussion about food prices. A journalist asked critical questions.
noun,Erlebnis,experience,"das Erlebnis, -se",Die Reise war ein tolles Erlebnis.,The trip was a great experience.
other,bitter,bitter,bitter,Hast du Zucker? Der Tee ist sehr bitter.,Do you have sugar? The tea is very bitter.
noun,Reihenfolge,"order, sequence","die Reihenfolge, -n",Achten Sie auf die Reihenfolge der Inhaltspunkte.,Pay attention to the order of the content points.
noun,Ballett,ballet,"das Ballett, -e",Meine Tochter möchte gern Ballett tanzen.,My daughter would like to dance ballet.
verb,finanzieren,to finance,"finanzieren, finanziert, finanzierte, hat finanziert","Ich weiß nicht, wie ich das Auto finanzieren soll.",I don't know how I'm going to finance the car.
noun,Behörde,authority,"die Behörde, -n",Sie erhalten ein Schreiben von der zuständigen Behörde.,You will receive a letter from the competent authority.
verb,verwechseln,"to mix up, confuse with","verwechseln, verwechselt, verwechselte, hat verwechselt","Entschuldigen Sie, ich habe Sie mit jemandem verwechselt.","Excuse me, I mistook you for someone else."
verb,vergrößern,to enlarge,"vergrößern, vergrößert, vergrößerte, hat vergrößert",Können Sie das Foto vergrößern?,Can you enlarge the photo?,Wir wollen unser Geschäft vergrößern.,We want to expand our business.
verb,anhaben,"to wear, have (sth.) on","anhaben, hat an, hatte an, hat angehabt",Gestern hatte Julia ein rotes Kleid an.,Yesterday Julia wore a red dress.
noun,Orchester,orchestra,"das Orchester, -",Auf unserer Hochzeit hat ein kleines Orchester gespielt.,A small orchestra played at our wedding.
noun,(Schlag-)Obers,(whipped) cream,"der/das (Schlag-)Obers (A)→ D: (Schlag-)Sahne; CH: (Schlag-)Rahm",Ich hätte gern ein Stück Torte mit Schlagobers.,I would like a piece of cake with whipped cream.
noun,Verwaltung,administration,"die Verwaltung, -en",Sprechen Sie bitte mit der Verwaltung. Die können Ihnen helfen.,Please speak to the administration. They can help you.
other,modern,modern,modern,Die Wohnung ist modern eingerichtet.,The apartment is modernly furnished.,Das Stadtzentrum von Frankfurt ist ganz modern.,The city center of Frankfurt is very modern.
other,Schwieger-,in-law,Schwieger-,Wir besuchen morgen meine Schwiegereltern.,We are visiting my parents-in-law tomorrow.,Mein Schwiegervater ist Lehrer.,My father-in-law is a teacher.,Ich verstehe mich gut mit meiner Schwiegertochter.,I get on well with my daughter-in-law.
noun,Getränk,beverage,"das Getränk, -e",Besorgst du bitte die Getränke?,"Can you get the drinks, please?",Bitte die Getränkekarte!,The drinks menu please!,Mein Lieblingsgetränk ist Tomatensaft.,My favorite drink is tomato juice.
noun,"Hörer, Hörerin",listener,"der Hörer, -die Hörerin, -nen",Die Sendung hat viele Hörer und Hörerinnen.,The program has many listeners.
other,vorläufig,"temporary, provisional",vorläufig,Ich habe noch keine Wohnung. Ich wohne vorläufig bei einem Freund.,I don't have an apartment yet. I'm staying with a friend for the time being.,Das ist eine vorläufige Entscheidung.,This is a provisional decision.
noun,Erkältung,cold (illness),"die Erkältung, -en",Du hast eine schlimme Erkältung!,You have a bad cold!
noun,Ober,waiter,"der Ober, - (D, A) → Kellner; CH: Serviceangestellter",Ich bin Ober von Beruf.,I am a waiter by profession.
other,ober-,upper,ober-,Die Wohnung im oberen Stockwerk ist vermietet.,The apartment on the upper floor is rented out.
noun,Monitor,monitor,"der Monitor, -e",Ich habe mir einen größeren Monitor gekauft. Das ist besser für meine Augen.,I bought a larger monitor. It's better for my eyes.
noun,Frucht,fruit,"die Frucht, ¨-e",Welche Früchte kann man essen?,Which fruits can you eat?
noun,Gabel,fork,"die Gabel, -n",Wir brauchen bitte noch eine Gabel.,"We need another fork, please."
noun,Fauteuil,armchair,"der Fauteuil, -s (A, CH) → D, CH: Sessel",Ich hätte gern einen bequemen Fauteuil.,I would like a comfortable armchair.
noun,Ratschlag,advice,"der Ratschlag, ¨-e",Meine Tochter nimmt meine Ratschläge nicht an.,My daughter doesn't take my advice.
other,intensiv,intensive,intensiv,Ich möchte intensiv Deutsch lernen.,I would like to learn German intensively.
noun,Eröffnung,opening,"die Eröffnung, -en",Die Eröffnung der neuen Oper ist am 1. Juni.,The opening of the new opera house is on June 1.
noun,Grill,grill,"der Grill, -s",Kannst du mir deinen Grill leihen? Wir wollen am Wochenende ein Picknick machen.,Can you lend me your barbecue? We want to have a picnic at the weekend.
noun,Stadion,stadium,"das Stadion, Stadien",Ich möchte am Samstag ins Stadion gehen. Da spielt meine Mannschaft.,I want to go to the stadium on Saturday. My team is playing there.
noun,Streik,strike,"der Streik, -s",Es gab einen Streik am Flughafen. Deshalb hatte unsere Maschine Verspätung.,There was a strike at the airport. That's why our plane was delayed.
other,schriftlich,"written, in writing",schriftlich,Die schriftliche Prüfung dauert einen halben Tag.,The written exam lasts half a day.,Wir brauchen von Ihnen eine schriftliche Bestätigung.,We need a written confirmation from you.,Sie müssen sich schriftlich anmelden.,You must register in writing.
noun,Kündigung,"termination, notice","die Kündigung, -en",Ich habe die Kündigung bekommen. Jetzt bin ich arbeitslos.,I have been given notice. Now I'm unemployed.
verb,angeben,to specify,"angeben, gibt an, gab an, hat angegeben",Bitte geben Sie Ihre genaue Adresse an.,Please enter your exact address.
noun,Präsentation,presentation,"die Präsentation, -en",Die Schülerin hat für ihre Präsentation eine gute Note bekommen.,The student received a good grade for her presentation.
noun,Vermittlung,"mediation, agency","die Vermittlung, -en",Du suchst ein Zimmer? Dann frag bei der Vermittlung am Bahnhof nach.,Are you looking for a room? Then ask at the agency at the station.,Rufen Sie die Vermittlung an und fragen Sie nach der Telefonnummer von Herrn Fischer.,Call the operator and ask for Mr. Fischer's telephone number.
noun,Zahnbürste,toothbrush,"die Zahnbürste, -n",Ich brauche eine neue Zahnbürste.,I need a new toothbrush.
noun,Serviceangestellte,service employee,"der Serviceangestellte, -n die Serviceangestellte, -n (CH) → Kellner; D, A: Ober",Ich bin Serviceangestellte von Beruf.,I am a service employee by profession.
other,zuverlässig,reliable,zuverlässig,Der Kollege kommt bestimmt gleich. Er ist immer sehr zuverlässig.,The colleague will be here soon. He is always very reliable.
noun,Vorwurf,"reproach, accusation","der Vorwurf, ¨-e",Eva kann nichts dafür. Mach ihr keine Vorwürfe.,It's not Eva's fault. Don't blame her.
noun,"Teilnehmer, Teilnehmerin",participant,"der Teilnehmer, - die Teilnehmerin, -nen",Die Teilnehmerinnen aus unserem Kurs kommen aus verschiedenen Ländern.,The participants in our course come from different countries.
noun,Langeweile,boredom,die Langeweile (Sg.),Es ist aus Langeweile eingeschlafen.,It fell asleep out of boredom.
other,ausschließlich,exclusively,ausschließlich,Tut mir leid. Wir haben ausschließlich Nichtraucherzimmer.,Sorry. We only have non-smoking rooms.
noun,Haustier,pet,"das Haustier, -e","Hat deine Familie ein Haustier? ? Ja, wir haben einen Hund.","Does your family have a pet? ? Yes, we have a dog."
noun,Fernbedienung,remote control,"die Fernbedienung, -en",Hast du die Fernbedienung gesehen?,Have you seen the remote control?
other,kostenlos,free of charge,kostenlos,Diese Zeitschrift kostet nichts. Sie ist kostenlos.,This magazine costs nothing. It is free of charge.
noun,Banane,banana,"die Banane, -n","1 Kilo Bananen, bitte.","1 kilo of bananas, please."
noun,Zahncreme/-pasta,toothpaste,"die Zahncreme/-pasta, -s/-pasten",Die neue Zahncreme riecht sehr gut.,The new toothpaste smells very good.
noun,Terrasse,terrace,"die Terrasse, -n",Setzen wir uns auf die Terrasse!,Let's sit on the terrace!
noun,"Sekretär, Sekretärin",secretary,"der Sekretär, -e die Sekretärin, -nen",Der neue Sekretär hat sich gestern vorgestellt.,The new secretary introduced himself yesterday.
verb,sich weigern,to refuse,"sich weigern, weigert sich, weigerte sich, hat sich geweigert",Ich weigere mich diese Arbeit zu tun.,I refuse to do this work.
noun,Betrag,amount,"der Betrag, ¨-e",Bitte überweisen Sie den Betrag auf unser Konto.,Please transfer the amount to our account.
verb,auffallen,to stand out,"auffallen, fällt auf, fiel auf, ist aufgefallen","Mir ist aufgefallen, dass Harriett ganz blass ist.",I noticed that Harriett is very pale.
noun,Besserung,"improvement, recovery",die Besserung (Sg.),Gute Besserung!,Get well soon!
noun,Abfahrt,departure,"die Abfahrt, -en",Es bleiben uns noch zwanzig Minuten bis zur Abfahrt.,We still have twenty minutes until departure.
noun,Briefkasten,mailbox,"der Briefkasten, ¨-",Ist hier in der Nähe ein Briefkasten?,Is there a mailbox near here?,Hol bitte mal die Zeitung aus dem Briefkasten.,Please take the newspaper out of the mailbox.
noun,"Hausfrau, Hausmann","housewife, househusband","die Hausfrau, -ender Hausmann, ¨-er",ne Frau ist Hausfrau und kümmert sich um die Kinder.,ne wife is a housewife and looks after the children.,n Mann ist Hausmann und kümmert sich um die Kinder.,n husband is a househusband and looks after the children.
noun,Reparatur,repair,"die Reparatur, -en",Eine Reparatur wäre zu teuer.,A repair would be too expensive.
noun,Schreck(en),fright,"der Schreck(en), -en/-",Ich habe einen großen Schreck bekommen.,I got a big fright.
noun,Vase,vase,"die Vase, -n",Hast du eine Vase für die Blumen?,Do you have a vase for the flowers?
other,jeweils,each,jeweils,Der Kurs findet jeweils montags und donnerstags um 18 Uhr statt.,The course takes place on Mondays and Thursdays at 6 pm.
verb,einbrechen,to break in,"einbrechen, bricht ein, brach ein, ist eingebrochen",Jemand ist in unsere Wohnung eingebrochen.,Someone has broken into our apartment.
noun,Mehrheit,majority,"die Mehrheit, -en",Die Mehrheit der Menschen in Deutschland besitzt ein Handy.,The majority of people in Germany own a cell phone.
verb,ausfüllen,"to fill in/out, complete","ausfüllen, füllt aus, füllte aus, hat ausgefüllt",Füllen Sie bitte dieses Formular aus!,Please fill out this form!
noun,Vorstellungsgespräch,job interview,"das Vorstellungsgespräch, -e",Wann hast du dein Vorstellungsgespräch?,When do you have your interview?
verb,anwenden,to apply,"anwenden, wendet an, wandte an, hat angewandt/angewendet",Diese Salbe muss man dreimal am Tag anwenden.,This ointment must be applied three times a day.
noun,Stockwerk,floor,"das Stockwerk, -e",Das Gebäude hat zwanzig Stockwerke.,The building has twenty floors.
other,einzeln,"individual, separate",einzeln,"Dieses Mineralwasser gibt es nur als Sechserpack, nicht einzeln.","This mineral water is only available as a six-pack, not individually.",Die Schüler mussten einzeln zum Schularzt kommen.,The pupils had to come to the school doctor individually.
verb,stinken,to stink,"stinken, stinkt, stank, hat gestunken",Was stinkt denn hier so? – Das ist der Fisch. Er ist nicht mehr frisch.,What's that smell? - It's the fish. It's no longer fresh.
other,unterschiedlich,different,unterschiedlich,"Mein Bruder und ich sind sehr unterschiedlich. Er interessiert sich für Mathematik, ich mich für Sprachen.","My brother and I are very different. He's interested in math, I'm interested in languages."
noun,"Passagier, Passagierin",passenger,"der Passagier, -e die Passagierin, -nen",Die Passagiere Schulz und Kaufmann sollen bitte zur Information kommen.,The passengers Schulz and Kaufmann should please come to the information desk.
noun,"Mieter, Mieterin",tenant,"der Mieter, - die Mieterin, -nen",Sie hat heute neue Mieter für die Wohnung gefunden.,She found new tenants for the apartment today.
noun,Kakao,cocoa,"der Kakao, -s",Zum Frühstück trinke ich immer einen Kakao.,I always drink cocoa for breakfast.
other,allgemein,general,allgemein,Wir haben nur über allgemeine Probleme gesprochen.,We only talked about general problems.,"Es ist allgemein bekannt, dass man hier gut essen kann.",It is generally known that you can eat well here.,Im Allgemeinen bin ich mit meiner Arbeit sehr zufrieden.,"In general, I am very satisfied with my work."
noun,Gratulation,congratulations,"die Gratulation, -en",Herzliche Gratulation! Sie haben gewonnen!,Congratulations! You have won!
noun,Marmelade,jam,"die Marmelade, -n (D, A)",Bring bitte noch ein Glas Marmelade mit.,Please bring a jar of jam.
other,gering,low,gering,Unsere Mannschaft hatte nur eine geringe Chance.,Our team only had a slim chance.,"Wenn Sie ein geringes Einkommen haben, zahlen Sie nur wenig Steuern.","If you have a low income, you pay very little tax."
noun,Zitrone,lemon,"die Zitrone, -n",Ich hätte gern einen Tee mit Zitrone.,I would like a tea with lemon.
other,kreativ,creative,kreativ,Die Kinder sind beim Basteln sehr kreativ.,The children are very creative when it comes to handicrafts.,Wir brauchen eine kreative Lösung für dieses Problem.,We need a creative solution to this problem.
other,ärgerlich,annoying,ärgerlich,Der Zug hat schon wieder Verspätung. Das ist wirklich ärgerlich.,The train is late again. That's really annoying.
other,erforderlich,required,erforderlich,Hier ist die Liste der erforderlichen Zutaten für den Kuchen.,Here is the list of ingredients required for the cake.,"Es ist erforderlich, dass man den Pass persönlich abholt.",It is necessary to collect the passport in person.
other,spätestens,at the latest,spätestens,Ich muss spätestens um 9 Uhr bei der Arbeit sein.,I have to be at work by 9 a.m. at the latest.
noun,Phantasie/Fantasie,"fantasy, imagination","die Phantasie/Fantasie, -n",Mein Sohn malt sehr gut. Er hat viel Phantasie.,My son draws very well. He has a lot of imagination.
noun,Geschwindigkeitsbeschränkung,speed limit,"die Geschwindigkeitsbeschränkung, -en",Bitte beachten Sie die Geschwindigkeitsbeschränkungen.,Please observe the speed limits.
noun,Pflaster,plaster,"das Pflaster, -",Hast du ein Pflaster? Ich habe mich geschnitten.,Do you have a plaster? I've cut myself.
noun,Ampel,traffic light,"die Ampel, -n",Dort an der Ampel kannst du über die Straße gehen.,You can cross the road there at the traffic lights.
verb,zuschauen,to watch,"zuschauen, schaut zu, schaute zu, hat zugeschaut",Möchtest du beim Fußballspiel zuschauen?,Would you like to watch a soccer match?
verb,abstimmen,to vote (on),"abstimmen, stimmt ab, stimmte ab, hat abgestimmt (über + Akkusativ)",Lasst uns über diesen Punkt abstimmen.,Let's vote on this point.
noun,Portion,portion,"die Portion, -en","Bitte, eine große Portion Sahne!","Please, a large portion of cream!"
noun,Mehl,flour,"das Mehl, -e",Ich möchte einen Kuchen backen. Ist noch genug Mehl da?,I would like to bake a cake. Is there enough flour left?
noun,Änderung,"change, modification","die Änderung, -en",Es gibt eine Programmänderung.,There is a change in the program.
noun,Einkommen,income,"das Einkommen, -",Bei einem höheren Einkommen muss man mehr Steuern zahlen.,"If you have a higher income, you have to pay more tax."
verb,sich anstrengen,to make an effort,"sich anstrengen, strengt sich an, strengte sich an, hat sich angestrengt",Diese Arbeit strengt mich sehr an.,This work really stresses me out.,"Wenn du die Prüfung schaffen willst, musst du dich mehr anstrengen.","If you want to pass the exam, you have to work harder."
noun,Formular,form,"das Formular, -e",Füllen Sie bitte dieses Formular aus.,Please fill out this form.
noun,"Architekt, Architektin",architect,"der Architekt, -en die Architektin, -nen",Dieses Haus hat eine berühmte Architektin gebaut.,This house was built by a famous architect.
noun,Bremse,brake,"die Bremse, -n",Du musst unbedingt die Bremsen kontrollieren lassen.,You absolutely must have the brakes checked.
noun,Zeugnis,certificate,"das Zeugnis, -se","Wenn Sie die Prüfung schaffen, bekommen Sie ein Zeugnis.","If you pass the exam, you will receive a certificate."
verb,erziehen,"to educate, raise (children)","erziehen, erzieht, erzog, hat erzogen",Kinder zu erziehen ist nicht leicht.,Raising children is not easy.
other,begrenzt,limited,begrenzt,Die Teilnehmerzahl ist auf 12 begrenzt.,The number of participants is limited to 12.
noun,Auskunft,"information, information desk","die Auskunft, ¨-e",Ich hätte gern eine Auskunft.,I would like some information.,"Die Firma hat eine neue Nummer. Bitte, rufen Sie die Auskunft an.",The company has a new number. Please call the information desk.
verb,auflösen,to dissolve,"auflösen, löst auf, löste auf, hat aufgelöst",Die Tablette bitte in Wasser auflösen.,Please dissolve the tablet in water.
noun,Cafeteria,cafeteria,"die Cafeteria, -s",Ich hole mir schnell etwas aus der Cafeteria.,I quickly grab something from the cafeteria.
verb,losfahren,"to drive off, leave","losfahren, fährt los, fuhr los, ist losgefahren",Wir fahren um 8 Uhr los. Sei bitte pünktlich.,We leave at 8 o'clock. Please be on time.
noun,Feiertag,(public) holiday,"der Feiertag, -e",Am Montag ist Feiertag.,Monday is a public holiday.,Schöne Feiertage.,Happy holidays.
noun,"Vermieter, Vermieterin","landlord, landlady","der Vermieter, - die Vermieterin, -nen","Unsere Vermieterin ist eine sehr nette, ältere Frau.","Our landlady is a very nice, elderly woman."
verb,abheben,"to lift up/off, take off","abheben, hebt ab, hob ab, hat abgehoben",Für die Reise habe ich 500 Euro von meinem Konto abgehoben.,I withdrew 500 euros from my account for the trip.
other,weiblich,female,weiblich,Kreuzen Sie bitte an: „weiblich“ oder „männlich“.,Please mark with a cross: "female" or "male".
verb,tippen,to type,"tippen, tippt, tippte, hat getippt",Wie schnell kannst du tippen?,How fast can you type?
verb,klicken,to click,"klicken, klickt, klickte, hat geklickt","Wenn du die Datei öffnen willst, musst du mit der Maus zweimal klicken.","If you want to open the file, you have to click twice with the mouse."
verb,anklicken,to click,"anklicken, klickt an, klickte an, hat angeklickt",Du musst das Bild anklicken. Dann wird es größer.,You have to click on the picture. Then it will be larger.
verb,wiegen,to weigh,"wiegen, wiegt, wog, hat gewogen",Wie viel wiegst du?,How much do you weigh?,Der Brief wiegt mehr als 20 Gramm.,The letter weighs more than 20 grams.
noun,Fahrkarte,ticket,"die Fahrkarte, -n → CH: Billet",Fahrkarten bekommt man am Automaten.,Tickets are available from the ticket machine.
noun,Fahrkarte,ticket,"die Fahrkarte, -n → CH: Billett",Fahrkarten können Sie am Schalter kaufen.,You can buy tickets at the ticket counter.
noun,Seminar,seminar,"das Seminar, -e",Ich möchte dieses Seminar unbedingt besuchen.,I really want to attend this seminar.
other,"Speise-/-speise, -n","food, dish","Speise-/-speise, -n","Als Vorspeise nehme ich eine Suppe, aber dafür nehme ich keine Nachspeise. (D, A)","I have a soup as a starter, but I don't have dessert."
verb,auswählen,to select,"auswählen, wählt aus, wählte aus, hat ausgewählt",Für die Aufgabe können Sie aus drei Themen auswählen.,You can choose from three topics for the task.
noun,Schmerzmittel,painkillers,"das Schmerzmittel, -",Sie haben Zahnschmerzen? Ich verschreibe Ihnen ein Schmerzmittel.,Do you have a toothache? I will prescribe you a painkiller.
verb,reduzieren,to reduce,"reduzieren, reduziert, reduzierte, hat reduziert",Wir haben jetzt unsere Preise reduziert.,We have now reduced our prices.,Ist dieser Pullover auch reduziert?,Is this sweater also reduced?
verb,vermieten,to rent out (to),"vermieten, vermietet, vermietete, hat vermietet (an + Akkusativ)",Bei uns im Haus ist ein Zimmer zu vermieten.,There is a room for rent in our house.,Die Wohnung ist schon vermietet.,The apartment is already rented out.
verb,erleichtern,"to facilitate, make easier","erleichtern, erleichtert, erleichterte, hat erleichtert","Ich bin erleichtert, dass alles so gut geklappt hat.",I am relieved that everything worked out so well.,Das Internet erleichtert mir die Arbeit sehr.,The Internet makes my work much easier.
noun,Verein,"association, club","der Verein, -e",Ich bin schon seit 15 Jahren Mitglied in diesem Verein.,I have been a member of this association for 15 years.
other,maximal,maximum,maximal,Wie lange braucht ein Brief? – Maximal zwei Tage.,How long does a letter take? - A maximum of two days.,Wie schwer darf der Brief sein? – Maximal 20 g.,How heavy can the letter be? - Maximum 20 g.
other,optimistisch,optimistic,optimistisch,"Glaubst du, dass du den Job bekommst. – Ja, ich bin ganz optimistisch.","Do you think you'll get the job? - Yes, I'm quite optimistic."
noun,Zutaten,ingredients,die Zutaten (Pl.),Welche Zutaten braucht man für diesen Kuchen?,What ingredients do you need for this cake?
other,sympathisch,"likeable, nice",sympathisch,Ich finde unsere neue Kollegin sehr sympathisch.,I find our new colleague very likeable.
other,finanziell,financial,finanziell,Finanziell geht es meinem Neffen jetzt besser.,"Financially, my nephew is doing better now."
noun,Zünder,matches,"die Zünder (A) (Pl.) → Streichholz; Zündholz",Ich hätte gern eine Schachtel Zünder.,I would like a box of matches.
noun,Korridor,corridor,"der Korridor, -e (D, CH) → Gang; D: Flur",Wir warten draußen im Korridor.,We wait outside in the corridor.
noun,Socke,sock,"die Socke, -n",Im Winter brauche ich warme Socken.,I need warm socks in winter.
verb,ausfallen,"to be canceled, fail, fall out","ausfallen, fällt aus, fiel aus, ist ausgefallen",Nächste Woche fällt der Kurs aus.,The course is canceled next week.,Während des Sturms ist die Mobilfunkverbindung ausgefallen.,"During the storm, the mobile phone connection failed."
noun,Rezeption/Reception,reception,"die Rezeption/Reception, -en",Geben Sie bitte den Schlüssel an der Rezeption ab.,Please hand in the key at reception.
noun,Planung,planning,"die Planung, -en",Unsere Planung für das Sommerfest steht schon lange.,We have been planning the summer party for a long time.
noun,Portemonnaie/Portmonee,"wallet, purse","das Portemonnaie/Portmonee, -s (D, CH) → Brieftasche; A: Geldbörse",Ich habe nur Kleingeld in meinem Portemonnaie.,I only have small change in my wallet.
other,sogenannt-,so-called,sogenannt-,"Studenten, die lange studieren, sind sogenannte Langzeitstudierende.",Students who study for a long time are so-called long-term students.,Wo bleiben denn deine sogenannten Freunde?,Where are your so-called friends?
verb,tanken,to fuel up,"tanken, tankt, tankte, hat getankt",Wir müssen unbedingt tanken. Wir haben fast kein Benzin mehr.,We absolutely have to fill up. We're almost out of gas.,Bitte einmal volltanken!,Please fill up once!
verb,berechnen,to calculate,"berechnen, berechnet, berechnete, hat berechnet",Die Kosten für die Fahrt müssen erst berechnet werden.,The cost of the journey must first be calculated.
noun,Wiese,meadow,"die Wiese, -n",Vor unserem Haus ist eine Wiese mit Bäumen.,There is a meadow with trees in front of our house.
noun,Pfeffer,pepper,"der Pfeffer, -",Bringen Sie uns bitte Pfeffer und Salz.,Please bring us pepper and salt.
noun,Billett,ticket,"das Billett, -e/-s → D, A: Fahrkarte",Ein Billett können Sie am Schalter kaufen.,You can buy a ticket at the ticket counter.
noun,Stau,traffic jam,"der Stau, -s",Auf der A3 gibt es wegen eines Unfalls 5 km Stau.,There is a 5 km traffic jam on the A3 due to an accident.,Wir standen eine Stunde im Stau.,We were stuck in a traffic jam for an hour.
other,giftig,poisonous,giftig,"Vorsicht, das ist giftig!","Careful, it's poisonous!"
verb,buchen,to book,"buchen, bucht, buchte, hat gebucht",Ich habe für morgen einen Flug nach Rom gebucht.,I have booked a flight to Rome for tomorrow.
noun,Praktikum,internship,"das Praktikum, Praktika",Ich mache diesen Sommer drei Monate ein Praktikum bei einer Firma.,I'm doing a three-month internship at a company this summer.
noun,Metzger,butcher,"der Metzger, - → A: Fleischhauer",Dieser Metzger hat sehr gute Wurst.,This butcher has very good sausage.
noun,Dialog,dialog,"der Dialog, -e",Sie hören jetzt einen Dialog.,You will now hear a dialog.
noun,Bäckerei,bakery,"die Bäckerei, -en",Wir kaufen unser Brot immer in der Bäckerei am Markt.,We always buy our bread from the bakery at the market.
noun,"Sportler, Sportlerin","sportsman, sportswoman","der Sportler, - die Sportlerin, -nen",Sie ist eine gute Sportlerin.,She is a good sportswoman.
noun,Ski/Schi,ski,"der Ski/Schi, -er/-",Gehen wir am Wochenende Ski laufen?,Are we going skiing at the weekend?,Das sind aber schöne Skier!,Those are beautiful skis!
other,eigen-,own,eigen-,Fast jedes Kind hat ein eigenes Zimmer.,Almost every child has their own room.,Manche Leute haben keine eigene Meinung.,Some people have no opinion of their own.
verb,beantragen,to apply for,"beantragen, beantragt, beantragte, hat beantragt",Hast du schon einen neuen Pass beantragt?,Have you already applied for a new passport?
noun,Bewerbung,application,"die Bewerbung, -en",Wohin soll ich meine Bewerbung schicken?,Where should I send my application?,Hilfst du mir bei meiner Bewerbung?,Can you help me with my application?
other,bio(logisch),"biological, organic",bio(logisch),Biologische Lebensmittel gibt es jetzt auch im Supermarkt.,Organic food is now also available in supermarkets.
noun,Protest,protest,"der Protest, -e",Alle Proteste haben nichts genützt.,All the protests have been to no avail.
noun,Panne,breakdown,"die Panne, -n",Kurz vor München hatten wir eine Panne mit dem Auto.,Shortly before Munich we had a breakdown with the car.,"Die Reise war schlecht organisiert, es gab mehrere Pannen.",The trip was poorly organized and there were several breakdowns.
verb,abbiegen,to turn off,"abbiegen, biegt ab, bog ab, ist abgebogen",An der nächsten Kreuzung müssen Sie links abbiegen.,Turn left at the next intersection.
noun,Ansage,announcement,"die Ansage, -n",Achten Sie auf die Ansage am Bahnsteig.,Pay attention to the announcement on the platform.
noun,Kompromiss,compromise,"der Kompromiss, -e",Alle wollen etwas anderes. Wir müssen einen Kompromiss finden.,Everyone wants something different. We have to find a compromise.
noun,Industrie,industry,"die Industrie, -n",In dieser Gegend gibt es viel Industrie.,There is a lot of industry in this area.
noun,Hähnchen/Hühnchen,chicken,"das Hähnchen/Hühnchen, - (D) → A: Hend(e)l; Poulet, -s (CH)",Zum Mittagessen gibt es Hühnchen mit Reis.,For lunch we have chicken with rice.
noun,Vermietung,"renting, leasing","die Vermietung, -en",Mit der Vermietung von Wohnungen kann man viel Geld verdienen.,You can earn a lot of money by renting out apartments.
verb,anmelden,to register,"anmelden, meldet an, meldete an, hat angemeldet",Für diesen Kurs müssen Sie sich unbedingt vorher anmelden.,You must register for this course in advance.
noun,"Handwerker, Handwerkerin",craftsman,"der Handwerker, - die Handwerkerin, -nen",Morgen sind bei uns die Handwerker. Wir bekommen eine neue Badewanne.,The workmen will be here tomorrow. We're getting a new bathtub.
verb,ausstellen,"to exhibit, issue","ausstellen, stellt aus, stellte aus, hat ausgestellt",Im Schaufenster sind Winterschuhe ausgestellt.,Winter shoes are on display in the shop window.,Das Zeugnis wird bis nächste Woche ausgestellt.,The certificate will be issued by next week.
noun,Pfanne,pan,"die Pfanne, -n (CH) → D, A: Topf",Hast du keine größere Pfanne? Ich möchte Kartoffeln kochen.,Don't you have a bigger pan? I want to cook potatoes.
other,erkältet,to have a cold,erkältet,Ich bin stark erkältet.,I have a bad cold.
other,jedes Mal,every time,jedes Mal,Inge erzählt die Geschichte jedes Mal anders.,Inge tells the story differently every time.
noun,Klima,climate,"das Klima, -s/-te","Alle sagen, dass sich das Klima ändert.",Everyone says that the climate is changing.
verb,trocknen,to dry,"trocknen, trocknet, trocknete, hat/ist getrocknet",Ich habe mir die Haare getrocknet.,I dried my hair.,Die Farbe ist schnell getrocknet.,The paint dried quickly.
noun,"Leser, Leserin",reader,"der Leser, - die Leserin, -nen",Die Leserinnen und Leser sind mit der Zeitung zufrieden.,Readers are satisfied with the newspaper.,Ich werde einen Leserbrief schreiben.,I will write a letter to the editor.
noun,Lift,elevator,"der Lift, -e → D, A: Aufzug",Im Büro ist leider der Lift kaputt.,"Unfortunately, the elevator in the office is broken."
verb,besetzen,to occupy,"besetzen, besetzt, besetzte, hat besetzt",Dieser Platz ist besetzt.,This seat is occupied.,Ich habe drei Plätze besetzt.,I have filled three seats.,Ich habe jetzt schon dreimal dort angerufen. Es ist immer besetzt.,I've called them three times now. It's always busy.
other,link-,left,link-,Er hat sich das linke Bein gebrochen.,He broke his left leg.,Das Haus ist auf der linken Seite.,The house is on the left-hand side.
verb,kopieren,to copy,"kopieren, kopiert, kopierte, hat kopiert",Kann ich mir diesen Artikel kopieren?,Can I copy this article?,Ich kopiere dir die Datei auf die Speicherkarte.,I'll copy the file to your memory card.,Ich kann dir die CD kopieren.,I can copy the CD for you.
noun,"Fleischhauer, Fleischauerin",butcher,"der Fleischhauer, - die Fleischhauerin, -nen (A) → Metzger",Dieser Fleischhauer macht sehr gute Wurst.,This butcher makes very good sausage.
noun,Beratung,"advice, counselling","die Beratung, -en",Beratungen für Familien gibt es jeden Dienstag zwischen 14 und 16 Uhr.,Advice for families is available every Tuesday between 2 and 4 pm.
verb,sich etwas gefallen lassen,to put up with something,"sich etwas gefallen lassen, lässt sich etwas gefallen, ließ sich etwas gefallen, hat sich etwas gefallen lassen",Das würde ich mir nicht gefallen lassen.,I wouldn't put up with that.
noun,Rabatt,discount,"der Rabatt, -e",Sie bekommen zehn Prozent Rabatt.,You get a ten percent discount.
verb,(sich) verabreden,to arrange to meet with,"(sich) verabreden, verabredet, verabredete, hat verabredet (mit + Dativ)",Wir haben uns mit Freunden verabredet. Wir wollen zusammen essen.,We've arranged to meet up with friends. We want to eat together.
noun,Hend(e)l,chicken,"das Hend(e)l, - (A) → D: Hähnchen/Hühnchen; CH: Poulet",Zum Mittagessen gibt es Hendl mit Reis.,For lunch we have chicken with rice.
noun,Spielplatz,playground,"der Spielplatz, ¨-e",Die Kinder sind auf dem Spielplatz.,The children are in the playground.
noun,"Pfleger, Pflegerin",caregiver,"der Pfleger, - die Pflegerin, -nen",Meine Freundin ist Pflegerin in einem Altersheim.,My friend is a carer in a retirement home.
verb,fördern,"to promote, support","fördern, fördert, förderte, hat gefördert",Die Stadt fördert viele Sportprojekte.,The city supports many sports projects.
noun,Einfahrt,"(car) entrance, driveway","die Einfahrt, -en",Da parkt wieder jemand vor unserer Einfahrt.,Someone parks in front of our driveway again.,Können Sie nicht lesen: Einfahrt freihalten!,Can you not read? Keep driveway clear!
noun,Suchtmittel,addictive substances,"das Suchtmittel, -",Manche Medikamente sind auch Suchtmittel.,Some drugs are also addictive.
noun,Durchschnitt,average,"der Durchschnitt, -e",Der Durchschnitt der Ausgaben liegt bei 150 Euro im Monat.,The average expenditure is 150 euros per month.,Im Durchschnitt brauchen wir täglich 20 Minuten zur Arbeit.,"On average, we need 20 minutes a day to get to work.",Die Studentin gehört zum Durchschnitt.,The student is average.
other,vergeblich,in vain,vergeblich,Ich habe vergeblich versucht dich anzurufen.,I have tried to call you in vain.
other,unentschieden,"undecided, tied",unentschieden,Es steht unentschieden zwischen den beiden Mannschaften.,The two teams are tied.,"Ich bin noch immer unentschieden, was ich morgen tun soll.",I'm still undecided about what to do tomorrow.
noun,Empfänger,"recipient, reciever","der Empfänger, -",Es fehlt die genaue Adresse des Empfängers.,The recipient's exact address is missing.
noun,Klick,click,"der Klick, - s","Um das Wort zu markieren, genügt ein Doppelklick mit der linken Maustaste.","To select the word, simply double-click with the left mouse button."
verb,vereinbaren,"to agree, arrange","vereinbaren, vereinbart, vereinbarte, hat vereinbart",Können wir einen Termin vereinbaren?,Can we make an appointment?
noun,Heimweh,homesickness,"das Heimweh, -e",Ich habe oft Heimweh nach meiner Familie.,I often feel homesick for my family.
noun,Treppenhaus,stairwell,"das Treppenhaus, ¨-er (D, CH) -> A: Stiegenhaus",Im Treppenhaus ist kein Licht.,There is no light in the stairwell.
verb,notieren,to note,"notieren, notiert, notierte, hat notiert",Ich habe mir den Termin notiert.,I've made a note of the date.
noun,Gleis,"track, platform","das Gleis, -e",Der Zug fährt heute von Gleis 7 ab.,The train departs from platform 7 today.
noun,Breite,width,"die Breite, -n","Welche Maße hat der Tisch? – Länge: 1 m, Breite: 80 cm, Höhe: 1,20 m.","What are the dimensions of the table? - Length: 1 m, width: 80 cm, height: 1.20 m."
noun,Poulet,chicken,"das Poulet, -s (CH) → D: Hähnchen/Hühnchen; A: Hend(e)l",Zum Mittagessen gibt es Poulet mit Reis.,For lunch we have chicken with rice.
other,sinnvoll,sensible,sinnvoll,"Es funktioniert einfach nicht. Es ist sinnvoll, es noch einmal zu versuchen.",It simply does not work. It makes sense to try again.
noun,Stecker,plug,"der Stecker, -",Der Stecker passt nicht in diese Steckdose.,The plug does not fit into this socket.
verb,ausreichen,to suffice,"ausreichen, reicht aus, reichte aus, hat ausgereicht",Das Geld muss bis März ausreichen.,The money must be sufficient until March.,Seine Kenntnisse reichen für diese Arbeit aus.,His knowledge is sufficient for this work.
noun,Konsulat,consulate,"das Konsulat, -e",Ein Visum bekommst du auch im Konsulat.,You can also get a visa at the consulate.
noun,Taschengeld,pocket money,"das Taschengeld, -er",Wie viel Taschengeld bekommst du im Monat?,How much pocket money do you get per month?
noun,Reservierung,reservation,"die Reservierung, -en",Was kostet eine Reservierung?,What does a reservation cost?
noun,Stiegenhaus,stairwell,"das Stiegenhaus, ¨-er (A) → D, CH: Treppenhaus",Im Stiegenhaus ist kein Licht.,There is no light in the stairwell.
noun,Zahlung,payment,"die Zahlung, -en",Bitte geben Sie bei der Zahlung die Rechnungsnummer an.,Please state the invoice number when paying.
verb,aufladen,to charge,"aufladen, lädt auf, lud auf, hat aufgeladen",Ich muss mein Telefon aufladen. Die Batterie ist leer.,I need to charge my phone. The battery is flat.
noun,Biologie,biology,die Biologie (Sg.),Meine Freundin studiert Biologie.,My girlfriend is studying biology.
verb,verlängern,to extend,"verlängern, verlängert, verlängerte, hat verlängert",Ich muss meinen Pass verlängern lassen.,I have to have my passport extended.,Die U-Bahn Linie U4 wird verlängert.,The U4 subway line is extended.
noun,Bleistift,pencil,"der Bleistift, -e",Hast du einen Bleistift für mich?,Do you have a pencil for me?
verb,kritisieren,to criticize,"kritisieren, kritisiert, kritisierte, hat kritisiert",Kritisiere mich nicht so oft.,Don't criticize me so often.
verb,gießen,to water,"gießen, gießt, goss, gegossen",Es hat nicht geregnet. Ich muss meine Blumen gießen.,It hasn't rained. I have to water my flowers.
other,schlank,slim,schlank,In diesem Kleid siehst du sehr schlank aus.,You look very slim in this dress.
noun,Creme,cream,"die Creme, -n/-s",Ich hätte gern eine Creme für die Hände.,I would like a cream for my hands.,Für die Creme habe ich Butter und Schokolade genommen.,I used butter and chocolate for the cream.
verb,blühen,to bloom,"blühen, blüht, blühte, hat geblüht",Die Bäume blühen schon. Es ist Frühling.,The trees are already in bloom. It is spring.
other,spitz,"sharp, pointed",spitz,Der Bleistift ist nicht spitz.,The pencil is not sharp.
other,abwesend,absent,abwesend,Herr Huber ist bis zum 25. April abwesend.,Mr. Huber will be absent until April 25.
verb,sich beteiligen,to participate,"sich beteiligen, beteiligt sich, beteiligte sich, hat sich beteiligt",Wir wollen unserer Lehrerin ein Geschenk kaufen. Wer möchte sich beteiligen?,We want to buy our teacher a present. Who would like to participate?
noun,Ehepaar,married couple,"das Ehepaar, -e",Das Ehepaar unter uns hat zwei Kinder.,The couple below us has two children.
noun,Streichholz,match,"das Streichholz, ¨-er → Zündholz; A: Zünder",Ich hätte gern eine Schachtel Streichhölzer.,I would like a box of matches.
noun,Forderung,demand,"die Forderung, -en",Alle Forderungen der Arbeitnehmer kann man in dieser E-Mail lesen.,You can read all of the employees' demands in this e-mail.
noun,Heft,notebook,"das Heft, -e",Ich hätte gern ein Schreibheft.,I would like a notebook.
verb,zurechtkommen,"to manage, cope","zurechtkommen, kommt zurecht, kam zurecht, ist zurechtgekommen",Soll ich Ihnen helfen? - Danke. Ich komme allein zurecht.,Shall I help you? - Thank you. I can manage on my own.
noun,Kantine,canteen,"die Kantine, -n",In unserer Kantine kann man günstig essen.,You can eat cheaply in our canteen.
other,vergnügt,"amused, happy",vergnügt,Er kam mit einem vergnügten Grinsen herein.,He came in with an amused grin.
noun,Speisekarte,menu,"die Speisekarte, -n","Bitte, die Speisekarte.","Please, the menu."
verb,sich bewerben,to apply (for),"sich bewerben, bewirbt sich, bewarb sich, hat sich beworben (um + Akkusativ)",Ich habe mich um diese Stelle beworben.,I have applied for this position.,Ich habe mich als Kellner beworben.,I applied for a job as a waiter.
noun,Asyl,asylum,"das Asyl, -e",Die Menschen sind auf der Flucht und bitten um Asyl.,People are fleeing and asking for asylum.
verb,markieren,to mark,"markieren, markiert, markierte, hat markiert",Hier ist unser Hotel. Ich markiere Ihnen auf dem Plan den Weg zum Bahnhof.,Here is our hotel. I'll mark the way to the station on the map.
verb,anschnallen,to buckle up,"anschnallen, schnallt an, schnallte an, hat angeschnallt","Vergiss nicht, dich anzuschnallen.",Don't forget to fasten your seatbelt.
noun,Flöte,flute,"die Flöte, -n",Sie spielt sehr schön Flöte.,She plays the flute beautifully.
noun,Menü,menu,"das Menü, -s","Nimm doch das Menü, das sieht gut aus.","Take the menu, it looks good."
verb,frieren,to freeze,"frieren, friert, fror, hat gefroren","Wenn Sie frieren, mache ich das Fenster wieder zu.","If you get cold, I'll close the window again.",Heute Nacht hat es gefroren.,It froze tonight.
verb,genehmigen,to approve,"genehmigen, genehmigt, genehmigte, hat genehmigt",Mein Chef hat mir sechs Wochen Urlaub genehmigt.,My boss has given me six weeks' leave.
noun,Alltag,everyday life,"der Alltag, -e","Das ist mein Alltag: putzen, waschen, kochen.","That's my everyday life: cleaning, washing, cooking."
verb,zelten,to camp,"zelten, zeltet, zeltete, hat gezeltet",Ich habe noch nie gezeltet.,I have never camped before.
noun,Darstellung,representation,"die Darstellung, -en",Ihr Buch enthält eine klare Darstellung dieser Probleme.,Your book contains a clear presentation of these problems.
verb,spülen,"to rinse, flush, wash","spülen, spült, spülte, hat gespült",Hast du das Geschirr gespült?,Did you wash the dishes?,Spülen Sie bitte jetzt den Mund aus.,Please rinse your mouth now.
noun,Frist,deadline,"die Frist, -en",Die Frist für die Anmeldung zum Deutschkurs ist abgelaufen.,The deadline for registering for the German course has expired.
noun,Ernährung,nutrition,die Ernährung (Sg.),Ich finde eine gesunde Ernährung wichtig.,I think a healthy diet is important.
noun,Büchse,"box, can","die Büchse, -n (D, CH) → A: Dose",Ich habe noch eine Büchse Bohnen.,I still have a tin of beans.
noun,Visitenkarte,business card,"die Visitenkarte, -n",Darf ich Ihnen meine Visitenkarte geben?,May I give you my business card?
noun,Recherche,research,"die Recherche, -n",Für diesen Bericht waren viele Recherchen nötig.,A lot of research was necessary for this report.
noun,Anleitung,instructions,"die Anleitung, -en","In der Anleitung steht, dass bei diesem Spiel der Älteste beginnt.",The instructions say that in this game the oldest player starts.
noun,Lippe,lip,"die Lippe, -n",Es ist sehr kalt. Meine Lippen sind ganz trocken.,It's very cold. My lips are very dry.
noun,Denkmal,monument,"das Denkmal, ¨-er",In dieser Stadt gibt es viele berühmte Denkmäler.,There are many famous monuments in this city.
noun,Einfall,idea,"der Einfall, ¨-e",Frag einfach meine Freundin. Sie hat immer gute Einfälle.,Just ask my girlfriend. She always has good ideas.
noun,"Spezialist, Spezialistin",specialist,"der Spezialist, -en die Spezialistin, -nen",Mein Arzt hat mich zur Spezialistin geschickt.,My doctor sent me to a specialist.
verb,reservieren,to reserve,"reservieren, reserviert, reservierte, hat reserviert",Dieser Tisch ist reserviert.,This table is reserved.,Bitte reservieren Sie mir ein Doppelzimmer.,Please reserve a double room for me.
verb,behindern,to hinder,"behindern, behindert, behinderte, hat behindert behindert","Bitte parken Sie so, dass Sie niemanden behindern.",Please park in such a way that you do not obstruct anyone.,Seit dem Unfall ist das Kind unserer Freunde behindert.,"Since the accident, our friends' child has been disabled."
noun,Zange,pliers,"die Zange, -n","Um das Fahrrad zu reparieren, brauchst du eine Zange.",You will need pliers to repair the bike.
verb,entsorgen,to dispose of,"entsorgen, entsorgt, entsorgte, hat entsorgt",Wie kann ich meine alte Kaffeemaschine entsorgen?,How can I dispose of my old coffee machine?
noun,Souvenir,souvenir,"das Souvenir, -s",Ich habe ein paar Souvenirs aus dem Urlaub mitgebracht.,I brought a few souvenirs from my vacation.
noun,Erholung,"recovery, rest","die Erholung, -en",Ich habe zu viel gearbeitet. Jetzt brauche ich etwas Erholung.,I've been working too much. Now I need some rest.
verb,abfahren,to depart,"abfahren, fährt ab, fuhr ab, ist abgefahren",Unser Zug ist pünktlich abgefahren.,Our train left on time.
verb,aufführen,to perform,"aufführen, führt auf, führte auf, hat aufgeführt",Die Kinder führen zu Weihnachten ein Theaterstück auf.,The children put on a play for Christmas.
noun,Abonnement,subscription,"das Abonnement, -s/-e",Ich habe das Abonnement gekündigt.,I have canceled my subscription.
verb,winken,to wave,"winken, winkt, winkte, hat gewinkt",Alle standen auf dem Bahnsteig und winkten zum Abschied.,Everyone stood on the platform and waved goodbye.
verb,donnern,to thunder,"donnern, donnert, donnerte, hat gedonnert",Hörst du es donnern? Das Gewitter kommt näher.,Can you hear it thundering? The storm is getting closer.,Der Lkw donnert über die Landstraße.,The truck thunders along the highway.
noun,Imbiss,snack,"der Imbiss, -e (D) → A: Jause, CH: Znüni/Zvieri",Es ist Zeit für einen kleinen Imbiss.,It's time for a small snack.
verb,festlegen,to determine,"festlegen, legt fest, legte fest, hat festgelegt","Ich weiß noch nicht, ob ich das mache. Ich möchte mich noch nicht festlegen.",I don't know yet whether I'll do it. I don't want to commit myself yet.,Habt ihr den Hochzeitstermin schon festgelegt?,Have you already set the wedding date?
other,künstlich,artificial,künstlich,Ich mag kein künstliches Licht.,I don't like artificial light.
noun,Ausfahrt,(car) exit,"die Ausfahrt, -en","Hier ist eine Ausfahrt, da dürfen Sie nicht parken.","There is an exit here, you are not allowed to park there.",Wie weit ist es noch bis zur Ausfahrt Freiburg?,How far is it to the Freiburg exit?
verb,überweisen,to transfer,"überweisen, überweist, überwies, hat überwiesen",Ich überweise dir das Geld.,I'll transfer the money to you.,Der Arzt hat mich ins Krankenhaus überwiesen.,The doctor referred me to hospital.
noun,Nachteil,disadvantage,"der Nachteil, -e",Einen Nachteil hat die Wohnung. Sie liegt nicht zentral.,The apartment has one disadvantage. It is not centrally located.
verb,installieren,to install,"installieren, installiert, installierte, hat installiert","Können Sie mir helfen, meinen Computer zu installieren?",Can you help me install my computer?
verb,protestieren,to protest (against),"protestieren, protestiert, protestierte, hat protestiert (gegen + Akkusativ)",Wir protestieren gegen den Bau der Autobahn.,We are protesting against the construction of the highway.
noun,Kartoffel,potato,"die Kartoffel, -n → A: Erdapfel",Kann ich bitte noch Kartoffeln bekommen?,"Can I have some more potatoes, please?"
noun,Tablette,"tablet, pill","die Tablette, -n",Nehmen Sie dreimal täglich eine Tablette.,Take one tablet three times a day.
verb,buchstabieren,to spell,"buchstabieren, buchstabiert, buchstabierte, hat buchstabiert",Würden Sie Ihren Namen bitte buchstabieren?,Could you please spell your name?
noun,Stempel,"stamp, mark","der Stempel, -",Der Poststempel trägt das Datum von letzter Woche. Das Paket war lange unterwegs.,The postmark bears the date from last week. The parcel was on the road for a long time.
noun,Verbot,"prohibition, ban","das Verbot, -e",Ich bin für das Verbot dieses neuen Videospiels.,I am in favor of banning this new video game.
noun,Zündholz,match,"das Zündholz, ¨-er → Streichholz; A: Zünder",Ich hätte gern eine Schachtel Zündhölzer.,I would like a box of matches.
noun,Buffet,buffet,"das Buffet, -s",Das Buffet ist eröffnet!,The buffet is open!
noun,Karneval,carnival,"der Karneval, -s/-e (D) → D, A: Fasching; CH: Fasnacht",Dort hängt mein Kostüm für den Karnevals(um)zug.,My costume for the carnival parade is hanging there.
noun,Angehörige,relative,"der Angehörige, -n die Angehörige, -n",Der Arzt darf nur Familienangehörigen Auskunft geben.,The doctor may only give information to family members.
noun,Erdgeschoss/ Ergeschoß,ground/first floor,"das Erdgeschoss/ Ergeschoß, -e",Unsere Wohnung befindet sich im Erdgeschoss.,Our apartment is located on the first floor.
verb,ordnen,"to arrange, order, organize","ordnen, ordnet, ordnete, hat geordnet",Letztes Wochenende habe ich meine Papiere geordnet.,Last weekend I organized my papers.
verb,erfordern,to require,"erfordern, erfordert, erforderte, hat erfordert",Dieser Job erfordert viel Kraft.,This job requires a lot of strength.
noun,Erdapfel,potato,"der Erdapfel, ¨- (A) → Kartoffel",Kann ich bitte noch Erdäpfel bekommen?,"Can I have some more potatoes, please?"
noun,Visum,visa,"das Visum, Visa",Das Visum ist für drei Monate gültig.,The visa is valid for three months.
noun,Verlag,publisher,"der Verlag, -e (A: ¨-e)",Von welchem Verlag ist dieses Buch?,Which publisher is this book from?
noun,Gasthaus,"inn, restaurant","das Gasthaus, ¨-er (A)",Gehen wir noch in ein Gasthaus ein Bier trinken?,Shall we go to a pub for a beer?
noun,"Betreuer, Betreuerin",supervisor,"der Betreuer, - die Betreuerin, -nen",Die Betreuerin der Kinder ist sehr nett.,The children's supervisor is very nice.
noun,Wiederholung,repetition,"die Wiederholung, -en",Eine Wiederholung der Prüfung ist möglich.,It is possible to repeat the examination.
noun,Bauernhof,farm,"der Bauernhof, ¨-e",Meine Großeltern hatten einen Bauernhof.,My grandparents had a farm.
verb,loben,to praise,"loben, lobt, lobte, hat gelobt",Ich habe alle Hausaufgaben gemacht. Der Lehrer hat mich heute gelobt.,I've done all my homework. The teacher praised me today.
other,rechtlich,legal,rechtlich,Wir beraten Sie in rechtlichen Fragen.,We advise you on legal issues.
noun,Mülltonne,trash can,"die Mülltonne, -n",Die Mülltonne ist voll.,The garbage can is full.
verb,anerkennen,to recognize,"anerkennen, erkennt an, erkannte an, hat anerkannt",Meine Ausbildung wird hier nicht anerkannt.,My training is not recognized here.
noun,Kenntnisse,knowledge,die Kenntnisse (Pl.),In vielen Berufen braucht man heute Sprachkenntnisse.,Many professions today require language skills.,Ich möchte meine Deutschkenntnisse verbessern.,I would like to improve my German language skills.
noun,Gebäck,pastry,"das Gebäck, -e",Das Gebäck ist ganz frisch.,The pastries are very fresh.
noun,Diplom,diploma,"das Diplom, -e",Wo kann ich mein Diplom abholen?,Where can I collect my diploma?
other,selbstständig,"independent, self-employed",selbstständig,Jetzt bin ich angestellt. Früher war ich selbstständig.,Now I'm employed. I used to be self-employed.,"Wir suchen eine Sekretärin, die selbstständig arbeiten kann.",We are looking for a secretary who can work independently.
noun,Katalog,catalog,"der Katalog, -e",Ich habe mir ein Kleid aus dem Katalog bestellt.,I ordered a dress from the catalog.
other,aktuell,"current, topical",aktuell,Umweltschutz ist ein aktuelles Thema.,Environmental protection is a topical issue.
noun,Kraftwerk,power plant,"das Kraftwerk, -e",Die Menschen protestieren gegen das Kraftwerk.,People protest against the power plant.
noun,Vertretung,representation,"die Vertretung, -en",Herr Dr. Meyer macht für mich die Vertretung.,Dr. Meyer is standing in for me.
noun,Plakat,poster,"das Plakat, -e",Im Unterricht haben wir ein Plakat gemacht.,We made a poster in class.
noun,Bub,boy,"der Bub, -en (A, CH) → D: Junge",In der Schulklasse sind 15 Buben und 10 Mädchen.,There are 15 boys and 10 girls in the class.
other,roh,raw,roh,Du kannst das nicht essen. Das Fleisch ist noch roh.,You can't eat it. The meat is still raw.
noun,Kanne,"pot, jug","die Kanne, -n","Das ist aber eine schöne Teekanne. – Ja, die ist aus China.","That's a beautiful teapot. - Yes, it's from China.",Bitte einen Kaffee! – Eine Tasse oder ein Kännchen?,A coffee please! - A cup or a pot?
noun,Nachhilfe,tutoring,"die Nachhilfe, -n",Der Schüler braucht Nachhilfe in Mathematik.,The student needs tutoring in math.
noun,Fasching,carnival,"der Fasching, - (D, A) → D: Karneval; CH: Fasnacht",Dort hängt mein Kostüm für den Faschings(um)zug.,My costume for the carnival parade is hanging there.
noun,Träne,tear,"die Träne, -n",Sie trocknet dem Kind die Tränen. Wie willst du die Möbel denn transportieren?,She dries the child's tears. How are you going to transport the furniture?
noun,Drucker,printer,"der Drucker, -",Ich brauche einen neuen Drucker für meinen Computer.,I need a new printer for my computer.
noun,Einführung,introduction,"die Einführung, -en",Leider habe ich die Einführung des Kurses verpasst.,"Unfortunately, I missed the introduction of the course."
verb,leid tun,to feel sorry,"leid tun, tut leid, tat leid, hat leidgetan",Die Frau tut mir leid.,I feel sorry for the woman.,"Wie komme ich zum Bahnhof? - Tut mir leid, das weiß ich nicht.","How do I get to the station? - I'm sorry, I don't know.","Es tut mir leid, dass ich Ihnen nicht helfen kann.",I'm sorry that I can't help you.
noun,Pilz,mushroom,"der Pilz, -e → A: Schwammerl",Haben Sie frische Pilze?,Do you have fresh mushrooms?
verb,abwaschen,"to wash, wash off","abwaschen, wäscht ab, wusch ab, hat abgewaschen",Ich muss noch das Geschirr abwaschen.,I still have to wash the dishes.
other,abwärts,downwards,abwärts,Von dort führt der Weg abwärts ins Tal.,"From there, the path leads down into the valley."
noun,"Zuhörer, Zuhörerin",listener,"der Zuhörer, - die Zuhörerin, -nen","Liebe Zuhörerinnen und Zuhörer, Ihre Meinung interessiert uns. Bitte rufen Sie an!","Dear listeners, we are interested in your opinion. Please give us a call!"
noun,"Unternehmer, Unternehmerin",entrepreneur,"der Unternehmer, - die Unternehmerin, -nen",Sie ist erfolgreiche Unternehmerin.,She is a successful entrepreneur.
noun,Lehrling,apprentice,"der Lehrling, -e",Als Lehrling verdient man nicht sehr viel Geld.,You don't earn very much money as an apprentice.
noun,Schwimmbad,swimming pool,"das Schwimmbad, ¨-er",Kommst du mit ins Schwimmbad?,Are you coming to the swimming pool?
noun,Urkunde,"certificate, document","die Urkunde, -n","Wenn wir das Spiel gewinnen, bekommen wir eine Urkunde.","If we win the game, we get a certificate."
verb,kaputtmachen,to break (transitive),"kaputtmachen, macht kaputt, machte kaputt, hat kaputtgemacht",Wer hat die Lampe kaputtgemacht?,Who broke the lamp?
noun,Landwirtschaft,agriculture,"die Landwirtschaft, -en",Auf dem Land arbeiten die meisten Leute in der Landwirtschaft.,"In the countryside, most people work in agriculture."
verb,eintragen,"to register, enter","eintragen, trägt ein, trug ein, hat eingetragen",Tragen Sie sich bitte in die Liste ein.,Please add your name to the list.
other,untersagt,forbidden,untersagt,"Es ist untersagt, hier zu rauchen.",It is forbidden to smoke here.
noun,Beschäftigung,employment,"die Beschäftigung, -en","Ich suche eine Halbtagsbeschäftigung, weil ich ein kleines Kind habe.",I am looking for a part-time job because I have a small child.
noun,Nachwuchs,"young people, offspring",der Nachwuchs (Sg.),Der Nachwuchs bei Forschern soll gefördert werden.,The next generation of researchers is to be promoted.,Die Katze hat Nachwuchs bekommen.,The cat has had kittens.
noun,"Tourist, Touristin",tourist,"der Tourist, -en die Touristin, -nen",Es kommen immer mehr Touristen in unsere Stadt.,More and more tourists are coming to our city.
noun,Hallenbad,indoor swimming pool,"das Hallenbad, ¨-er",Sie geht jeden Tag zum Schwimmen ins Hallenbad.,She goes swimming in the indoor pool every day.
noun,Faktor,factor,"der Faktor, -en",Die Creme hat einen hohen Sonnenschutzfaktor.,The cream has a high sun protection factor.
verb,sich lohnen,to be worthwhile,"sich lohnen, lohnt sich, lohnte sich, hat sich gelohnt",Für drei Tage zu meinen Eltern fahren lohnt sich nicht. Es ist zu weit.,It's not worth driving to my parents for three days. It's too far.
verb,sich erkundigen,to inquire (about),"sich erkundigen, erkundigt sich, erkundigte sich, hat sich erkundigt (nach + Dativ)",Hast du dich schon nach einem Zug erkundigt?,Have you already asked about a train?,"Ich möchte mich erkundigen, wie es Ihnen geht.",I would like to find out how you are doing.
noun,Hackfleisch,minced meat,"das Hackfleisch (Sg.) (D, CH) → A: Faschierte",Geben Sie mir bitte 500g Hackfleisch.,Please give me 500g of minced meat.
other,zugänglich,accessible,zugänglich,Der Park ist für alle zugänglich.,The park is accessible to all.
verb,versäumen,to miss,"versäumen, versäumt, versäumte, hat versäumt","Tut mir leid, ich habe die Anmeldefrist versäumt.","Sorry, I missed the registration deadline."
noun,Tomate,tomato,"die Tomate, -n → A: Paradeiser",Kauf bitte noch Tomaten auf dem Markt.,Please buy tomatoes at the market.
noun,Fotografie,photography,"die Fotografie, -n",Ich interessiere mich für Fotografie.,I am interested in photography.
verb,basteln,"to craft, make things with hands","basteln, bastelt, bastelte, hat gebastelt",Die Kinder basteln ein Vogelhaus.,The children make a birdhouse.,Ich arbeite gern mit natürlichen Bastelmaterialien.,I like to work with natural craft materials.
other,vorder-,front,vorder-,In den vorderen Reihen sind noch Plätze frei.,There are still seats available in the front rows.
noun,Rechner,"computer, calculator","der Rechner, -",Mein Rechner ist kaputt.,My computer is broken.
noun,Fasnacht,carnival,"die Fasnacht (CH) → D, A: Fasching; D: Karneval",Dort hängt mein Kostüm für den Fasnachtsumzug.,My costume for the carnival parade is hanging there.
noun,Schnupfen,common cold,"der Schnupfen, -",Ich habe Schnupfen. Welches Medikament empfehlen Sie?,I have a cold. Which medicine do you recommend?
verb,zubereiten,to prepare,"zubereiten, bereitet zu, bereitete zu, hat zubereitet",Sie bereitet das Fleisch mit Kartoffeln zu.,She prepares the meat with potatoes.
other,ledig,single,ledig,Wie ist Ihr Familienstand? – Ledig.,What is your marital status? - Single.
noun,"Absender, Absenderin",sender,"der Absender, - die Absenderin, -nen",Schicken Sie das Paket an den Absender zurück.,Return the parcel to the sender.
noun,Tätigkeit,activity,"die Tätigkeit, -en",Welche Tätigkeit würde Ihnen Spaß machen?,Which activity would you enjoy?
noun,Essig,vinegar,"der Essig, -e",Am Salat fehlt noch etwas Essig.,The salad still needs a little vinegar.
noun,Schwammerl,mushroom,"das Schwammerl, -n (A) → Pilz",Haben Sie frische Schwammerln? Meine Frau ist im dritten Monat schwanger.,Do you have fresh mushrooms? My wife is three months pregnant.
noun,Wörterbuch,dictionary,"das Wörterbuch, ¨-er",Ich muss das Wort im Wörterbuch nachschlagen.,I'll have to look the word up in the dictionary.
noun,Geldbörse,"purse, wallet","die Geldbörse, -n (A) → Brieftasche; D, CH: Portemonnaie/Portmonee",Ich habe nur Kleingeld in meiner Geldbörse.,I only have small change in my wallet.
other,letzt-,last,letzt-,Was hast du letzte Woche gemacht?,What did you do last week?,Ich wohne im letzten Haus auf der rechten Seite.,I live in the last house on the right-hand side.,Wann haben Sie Ihre Familie das letzte Mal gesehen?,When was the last time you saw your family?
noun,Taste,"button, key","die Taste, -n",An der Fernbedienung ist eine Taste kaputt.,A button on the remote control is broken.,Du musst jetzt die Stopp-Taste drücken.,You must now press the stop button.
verb,besichtigen,to visit,"besichtigen, besichtigt, besichtigte, hat besichtigt",Im Urlaub haben wir Schloss Schönbrunn besichtigt.,We visited Schönbrunn Palace during our vacation.
noun,Muskel,muscle,"der Muskel, -n",Im Fitness-Studio trainieren wir unsere Muskeln.,We train our muscles in the gym.
verb,beschränken,to limit,"beschränken, beschränkt, beschränkte, hat beschränkt",Die Teilnehmerzahl für den Kurs ist beschränkt.,The number of participants for the course is limited.
noun,Terminkalender,appointment calendar,"der Terminkalender, -",Hast du unser Treffen schon in deinen Terminkalender eingetragen?,Have you already entered our meeting in your diary?
other,strafbar,"criminal, punishable",strafbar,"Was du da machst, ist strafbar.",What you are doing is a criminal offense.
verb,überholen,to overtake,"überholen, überholt, überholte, hat überholt",Hier dürfen Lkws nicht überholen.,Trucks are not allowed to overtake here.
verb,zusagen,to promise,"zusagen, sagt zu, sagte zu, hat zugesagt",Meine Eltern haben uns zum Essen eingeladen. Ich habe zugesagt.,My parents invited us to dinner. I accepted.
noun,Faschierte,minced meat,"das Faschierte (A) → D, CH: Hackfleisch",Geben Sie mir bitte 500 g Faschiertes.,Please give me 500 g of minced meat.
noun,Statistik,statistic,"die Statistik, -en","Die Statistik zeigt, dass jeder zweite ein Fahrrad besitzt.",Statistics show that every second person owns a bicycle.
noun,"Kriminal-, Kriminalpolizei",criminal investigation department,Kriminal- die Kriminalpolizei,Ein Nachbar von uns arbeitet bei der Kriminalpolizei.,A neighbor of ours works for the criminal investigation department.
other,gültig,valid,gültig,Mein Pass ist nur noch zwei Monate gültig.,My passport is only valid for two months.
noun,Begründung,justification,"die Begründung, -en",Die Miete wurde ohne Begründung erhöht.,The rent was increased without justification.
noun,Teilnahme,participation,"die Teilnahme, -n",Die Teilnahme am Gewinnspiel ist kostenlos.,Participation in the competition is free of charge.
verb,schimpfen,"to scold, complain (about)","schimpfen, schimpft, schimpfte, hat geschimpft (über/auf + Akkusativ)","Der Arzt hat mit mir geschimpft, weil ich zu wenig Sport mache.",The doctor scolded me for not doing enough sport.,Alle schimpfen über/auf das Wetter.,Everyone complains about the weather.
verb,streiken,to strike,"streiken, streikt, streikte, hat gestreikt",Die Arbeiter streiken für höhere Löhne.,The workers are striking for higher wages.
noun,Müesli/Müsli,muesli,"das Müesli/Müsli, -",Zum Frühstück gibt es Müsli mit Obst.,For breakfast there is muesli with fruit.
other,manch-,some,manch-,Manche Nachbarn sind unfreundlich.,Some neighbors are unfriendly.,An manchen Tagen ist das Zugfahren billiger.,"On some days, train travel is cheaper."
noun,Mineralwasser,mineral water,"das Mineralwasser, -/¨-",Kann ich bitte ein Mineralwasser haben?,"Can I have a mineral water, please?"
other,traditionell,traditional,traditionell,Ich mag die traditionelle Küche.,I like traditional cuisine.
noun,Alphabet,alphabet,"das Alphabet, -e",Wie viele Buchstaben hat das Alphabet in Ihrer Sprache?,How many letters does the alphabet have in your language?
noun,Bahnsteig,platform,"der Bahnsteig, -e (D, A) → CH: Perron",Auf Hauptbahnhöfen gibt es meist viele Bahnsteige.,There are usually many platforms at main stations.
other,digital,digital,digital,Ich habe eine Digitaluhr gekauft. Die geht genauer als meine alte Uhr.,I bought a digital watch. It is more accurate than my old watch.
verb,speichern,to save,"speichern, speichert, speicherte, hat gespeichert",Sie müssen die Datei speichern.,You must save the file.
verb,abschreiben,"to write off, copy","abschreiben, schreibt ab, schrieb ab, hat abgeschrieben",Er hat die Hausaufgaben von mir abgeschrieben.,He copied the homework from me.
noun,Reklame,advertising,"die Reklame, -n",Ich möchte keine Reklame im Briefkasten.,I don't want any advertising in my letterbox.
noun,Briefträger,letter carrier,"der Briefträger, - → CH: die Briefträgerin, -nen Pöstler",War die Briefträgerin schon da?,Has the letter carrier arrived yet?
verb,eilen,to hurry,"eilen, eilt, eilte, hat/ist geeilt",Es eilt sehr. Bitte machen Sie schnell.,It's very urgent. Please do it quickly.
other,sportlich,sporty,sportlich,Ich bin nicht sehr sportlich.,I'm not very sporty.,Ich mag bequeme und sportliche Kleidung.,I like comfortable and sporty clothes.
noun,Hersteller,manufacturer,"der Hersteller, -",Ihr Handy ist kaputt? Wir schicken es an den Hersteller zurück und lassen es reparieren.,Is your cell phone broken? We'll send it back to the manufacturer and have it repaired.
noun,Perron,"platform, track","der Perron, -s (CH) → D, A: Bahnsteig",Auf Hauptbahnhöfen gibt es meist viele Perrons.,There are usually many platforms at main stations.
noun,Salbe,ointment,"die Salbe, -n",Diese Salbe gibt es nur auf Rezept.,This ointment is only available on prescription.
other,fließend,"fluent, running (for liquids)",fließend,Mein Kollege spricht fließend Deutsch.,My colleague speaks fluent German.,Zimmer mit fließendem Wasser.,Room with running water.
noun,Buchstabe,letter (of an alphabet),"der Buchstabe, -n",Gibt es diesen Buchstaben auch in deiner Muttersprache?,Does this letter also exist in your mother tongue?,Ihr Name beginnt mit K. – Buchstabe K ist in Zimmer 3. Bitte warten Sie dort.,"Your name begins with K. - Letter K is in room 3, please wait there."
noun,"Fachmann, Fachfrau",specialist,"der Fachmann, ¨-er die Fachfrau, -en",Meine Schwester ist Computerfachfrau.,My sister is a computer specialist.
noun,Bohne,bean,"die Bohne, -n",Ich esse gern Bohnen.,I like to eat beans.
noun,Überweisung,"transfer, referral","die Überweisung, - en",Sie können bar oder per Überweisung bezahlen.,You can pay in cash or by bank transfer.,Der Hausarzt hat mir eine Überweisung fürs Krankenhaus gegeben.,The family doctor gave me a referral for the hospital.
other,flexibel,flexible,flexibel,Meine Arbeitszeit ist flexibel.,My working hours are flexible.
noun,Haltestelle,stop,"die Haltestelle, -n",An der nächsten Haltestelle müssen wir aussteigen.,We have to get off at the next stop.
verb,verpflegen,to cater,"verpflegen, verpflegt, verpflegte, hat verpflegt",Wir werden hier sehr gut mit Essen verpflegt.,We are very well catered for here.
other,aufwärts,upwards,aufwärts,Sie müssen gute Schuhe anziehen. Der Weg geht immer aufwärts.,You need to put on good shoes. The path is always uphill.,In letzter Zeit geht es wieder aufwärts mit der Wirtschaft.,The economy has been on the up again recently.
noun,Paradeiser,tomato,"der Paradeiser, - (A) → Tomate",Kauf bitte noch Paradeiser auf dem Markt.,Please buy tomatoes at the market.
other,steil,steep,steil,Die Straße zu unserem Haus ist sehr steil.,The road to our house is very steep.
noun,Flohmarkt,flea market,"der Flohmarkt, ¨-e",Diesen Hut habe ich am Flohmarkt gekauft.,I bought this hat at a flea market.
noun,Bürste,brush,"die Bürste, -n",Hast du eine Bürste? Meine Schuhe sind so schmutzig.,Do you have a brush? My shoes are so dirty.,Ich brauche eine Bürste für meine Haare.,I need a brush for my hair.
noun,Mappe,folder,"die Mappe, -n",Mein Pass ist in dieser Mappe.,My passport is in this folder.
verb,anschaffen,"to purchase, acquire","anschaffen, schafft an, schaffte an, hat angeschafft",Wir haben uns neue Möbel angeschafft.,We have purchased new furniture.
verb,beschließen,to decide,"beschließen, beschließt, beschloss, hat beschlossen","Wir haben beschlossen, uns ein kleineres Auto zu kaufen.",We have decided to buy a smaller car.
noun,"Rentner, Rentnerin",pensioner,"der Rentner, - die Rentnerin, -nen (D, CH) → A: Pensionist",Meine Großmutter arbeitet nicht mehr. Sie ist Rentnerin.,My grandmother no longer works. She is a pensioner.
other,mager,lean,mager,Bitte 1 kg mageres Fleisch.,Please 1 kg of lean meat.
noun,Broschüre,"brochure, leaflet","die Broschüre, -n",In der Broschüre finden Sie die neuesten Informationen.,You will find the latest information in the brochure.
noun,Abitur,"Abitur, school leaving examination","das Abitur (D) → A, CH: Matura",Meine Tochter hat gerade Abitur gemacht.,My daughter has just graduated from high school.
noun,Dialekt,dialect,"der Dialekt, -e","Ich verstehe dich besser, wenn du nicht Dialekt sprichst.",I understand you better when you don't speak dialect.
noun,"Pöstler, Pöstlerin",postman,"der Pöstler, - die Pöstlerin, -nen (CH) → Briefträger",War die Pöstlerin schon da?,Has the postwoman arrived yet?
noun,Anmeldung,registration,"die Anmeldung, -en",Wo bekomme ich die Formulare für die Anmeldung?,Where can I get the registration forms?,"Die Anmeldung ist im Erdgeschoss, Zimmer 55.","Registration is on the first floor, room 55."
verb,verschreiben,to prescribe,"verschreiben, verschreibt, verschrieb, hat verschrieben",Die Ärztin hat mir Tabletten verschrieben.,The doctor prescribed me tablets.
noun,Ordner,folder,"der Ordner, -",Für meine Übungen im Deutschkurs habe ich mir einen Ordner gekauft.,I bought a folder for my exercises in my German course.
other,durchschnittlich,average,durchschnittlich,Die Preise sind im letzten Jahr um durchschnittlich 6 % gestiegen.,Prices have risen by an average of 6% in the last year.
verb,realisieren,to realize,"realisieren, realisiert, realisierte, hat realisiert",Diese Pläne sind nicht zu realisieren.,These plans cannot be realized.,"Ich habe nicht realisiert, dass die Zeit schon um ist.",I didn't realize that time was already up.
other,bunt,colorful,bunt,Das bunte Kleid gefällt mir gut.,I like the colorful dress.
noun,Wetterbericht,weather forecast,"der Wetterbericht, -e",Hast du schon den Wetterbericht gehört?,Have you heard the weather forecast yet?
noun,Vitamin,vitamin,"das Vitamin, -e","Der Arzt sagt, ich soll viele Vitamine essen.",The doctor says I should eat lots of vitamins.
verb,duzen,to be on first name terms,"duzen, duzt, duzte, hat geduzt","Wollen wir Du zueinander sagen? Ja, wir können uns gern duzen?","Shall we say you to each other? Yes, we can be on first-name terms?"
noun,"Pensionist, Pensionistin",pensioner,"der Pensionist, -en die Pensionistin, -nen (A) → D, CH: Rentner",Meine Großmutter arbeitet nicht mehr. Sie ist Pensionistin.,My grandmother no longer works. She is a pensioner.
verb,zugehen,"to approach, close","zugehen, geht zu, ging zu, ist zugegangen",Die Tür geht nicht zu. Kannst du mir helfen?,The door won't close. Can you help me?
noun,Straßenbahn,tram,"die Straßenbahn, -en",Nehmen Sie die Straßenbahn Nr. 16.,Take tram no. 16.
noun,Straßenbahn,tram,"die Straßenbahn, -en (D, A) → CH: Tram",Fahren wir mit der Straßenbahn oder der U-Bahn?,Are we taking the tram or the subway?
verb,beschädigen,to damage,"beschädigen, beschädigt, beschädigte, hat beschädigt","Bitte machen Sie eine Liste davon, was die Einbrecher beschädigt haben.",Please make a list of what the burglars have damaged.
other,sparsam,"frugal, economical",sparsam,Wir haben fünf Kinder. Wir müssen sehr sparsam sein.,We have five children. We have to be very frugal.,Mein Auto ist sehr sparsam. Es verbraucht nur 5 Liter auf 100 km.,My car is very economical. It only consumes 5 liters per 100 km.
noun,Schaufenster,shop window,"das Schaufenster, -",Ich habe im Schaufenster eine schicke Bluse gesehen.,I saw a chic blouse in the shop window.
noun,Umfrage,survey,"die Umfrage, -n",Wir machen eine Umfrage zum Thema Umweltschutz.,We are conducting a survey on the subject of environmental protection.
noun,Matura,school leaving examination,"die Matura (Sg.) (A, CH) → D: Abitur",Meine Tocher hat gerade die Matura gemacht.,My daughter has just graduated from high school.
noun,Tastatur,keyboard,"die Tastatur, -en",Die Tastatur an meinem Computer ist ganz neu.,The keyboard on my computer is brand new.
noun,Gebirge,"mountains, mountain range","das Gebirge, -",Wir haben unseren Urlaub im Gebirge verbracht.,We spent our vacation in the mountains.
verb,unterlassen,to refrain from,"unterlassen, unterlässt, unterließ, hat unterlassen",Das Rauchen auf den Gängen ist zu unterlassen.,Smoking in the corridors is prohibited.
other,sozial,social,sozial,Das System ist nicht sozial.,The system is not social.,Es gibt viele soziale Probleme.,There are many social problems.
other,Bio-,organic,Bio-,Ich kaufe nur noch Biogemüse.,I only buy organic vegetables.
noun,Fläche,"area, surface","die Fläche, -n",Unsere Wohnung hat eine Wohnfläche von 100 m².,Our apartment has a living space of 100 m².
noun,Aushilfe,"temporary help, assistance","die Aushilfe, -n",Wir suchen eine freundliche Aushilfe für unser Geschäft.,We are looking for a friendly assistant for our store.
noun,Wohnsitz,residence,"der Wohnsitz, -e",Er hat einen festen Wohnsitz in dieser Stadt.,He has a permanent residence in this city.
noun,Zwiebel,onion,"die Zwiebel, -n",Eine Zwiebel in kleine Stücke schneiden und zusammen mit dem Fleisch braten.,Cut an onion into small pieces and fry together with the meat.
noun,"Sozialarbeiter, Sozialarbeiterin",social worker,"der Sozialarbeiter, - die Sozialarbeiterin, -nen",Die Sozialarbeiterin kommt einmal in der Woche.,The social worker comes once a week.
noun,Reisebüro,travel agency,"das Reisebüro, -s",Wir haben die Reise im Reisebüro gebucht.,We booked the trip at the travel agency.
noun,Lexikon,"dictionary, lexicon","das Lexikon, Lexika",Wir könnten im Lexikon nachsehen.,We could look it up in the dictionary.
other,einerseits,on the one hand,einerseits,"Einerseits möchte ich die Reise gern machen, andererseits ist sie zu teuer.","On the one hand, I would like to make the trip, but on the other hand it is too expensive."
other,äußerlich,external,äußerlich,Das Medikament dürfen Sie nur äußerlich anwenden.,The medication may only be used externally.
verb,schminken,to (wear) make up,"schminken, schminkt, schminkte, hat geschminkt",Du bist heute sehr schön geschminkt.,You're wearing beautiful make-up today.
noun,"Raucher, Raucherin",smoker,"der Raucher, - die Raucherin, -nen",Gibt es hier ein Zimmer für Raucher?,Is there a room for smokers here?,Ich bin keine Raucherin. Ich bin Nichtraucherin.,I am not a smoker. I am a non-smoker.
noun,Einschreiben,registered mail,"das Einschreiben, -",Ich habe den Brief als Einschreiben geschickt.,I sent the letter by registered mail.
noun,Betreuung,care,"die Betreuung, -en",Haben Sie eine Betreuung für Ihre Kinder?,Do you have childcare for your children?
noun,Kugelschreiber,(ballpoint) pen,"der Kugelschreiber, -",Mein Kugelschreiber ist weg.,My ballpoint pen is gone.
verb,sich eignen,to be suited,"sich eignen, eignet sich, eignete sich, hat sich geeignet",Dieses Hotel eignet sich besonders für Familien mit Kindern.,This hotel is particularly suitable for families with children.
noun,Vorort,"suburbs, outskirts","der Vorort, -e",Wir wohnen in einem Vorort von Köln.,We live in a suburb of Cologne.
noun,Einkauf,"purchase, shopping","der Einkauf, ¨-e",Achten Sie beim Einkauf auf Sonderangebote.,Look out for special offers when shopping.,Ich habe alle Einkäufe erledigt. Jetzt können wir einen Kaffee trinken.,I've done all the shopping. Now we can have a coffee.
noun,"Übersetzer, Übersetzerin",translator,"der Übersetzer, - die Übersetzerin, -nen",Meine Tochter möchte als Übersetzerin arbeiten.,My daughter would like to work as a translator.
verb,ankündigen,to announce,"ankündigen, kündigt an, kündigte an, hat angekündigt",Wir sollten unseren Besuch ankündigen.,We should announce our visit.
noun,Jause,snack,"die Jause, -n (A) → D: Imbiss; CH: Znüni/Zvieri",Es ist Zeit für eine kleine Jause.,It's time for a little snack.
noun,Aussprache,pronunciation,"die Aussprache, -n",Ali hat eine gute Aussprache.,Ali has good pronunciation.
verb,sich erkälten,to catch a cold,"sich erkälten, erkältet sich, erkältete sich, hat sich erkältet",Der Junge hat sich beim Baden erkältet.,The boy caught a cold while bathing.
noun,Gebühr,fee,"die Gebühr, -en",Die Gebühr liegt bei 60 Euro.,The fee is 60 euros.
other,schmal,narrow,schmal,Hier kannst du nicht parken. Die Straße ist zu schmal.,You can't park here. The road is too narrow.
noun,Reportage,report,"die Reportage, -n",Hast du die Reportage über Afrika gesehen?,Have you seen the report on Africa?
verb,entgegenkommen,"to meet, accommodate","entgegengekommen, kommt entgegen, kam entgegen, ist entgegengekommen",Auf dem Weg nach Hause ist mir mein Nachbar entgegengekommen.,"On the way home, my neighbor ran into me.",Können Sie mir mit dem Preis entgegenkommen?,Can you accommodate me with the price?
other,parallel,parallel,parallel,Die Goethestraße ist parallel zur Hauptstraße.,Goethestrasse is parallel to the main road.
noun,Fremdsprache,foreign language,"die Fremdsprache, -n",Ich spreche drei Fremdsprachen.,I speak three foreign languages.
noun,Erzählung,"story, narrative","die Erzählung, -en",Diese Erzählung ist sehr berühmt. Du musst sie lesen.,This story is very famous. You must read it.
noun,Briefmarke,stamp,"die Briefmarke, -n",Briefmarken bekommen Sie am Schalter 7.,Stamps are available at counter 7.
other,windig,windy,windig,Es ist heute sehr windig.,It's very windy today.
verb,betreuen,"to look after sb., supervise","betreuen, betreut, betreute, hat betreut",Wer betreut bei Ihnen die Kinder?,Who looks after your children?
noun,Karotte,carrot,"die Karotte, -n → D: Möhre; CH: Rüebli",Hasen fressen gern Karotten.,Rabbits like to eat carrots.
noun,Nahrungsmittel,food(stuff),"das Nahrungsmittel, -",In diesen Ländern fehlen vor allem Nahrungsmittel.,There is a shortage of food in these countries.
other,populär,popular,populär,Diese Musik ist bei Jugendlichen populär.,This music is popular with young people.
noun,Tram,"streetcar, tram","das Tram, -s → D, A: Straßenbahn",Fahren wir mit dem Tram oder dem Bus?,Are we taking the streetcar or the bus?
other,historisch,historical,historisch,Wir waren mit unserer Klasse im Historischen Museum.,We went to the Historical Museum with our class.
noun,Aufforderung,request,"die Aufforderung, -en","Sie erhalten eine Aufforderung, den Betrag bis Juni zu zahlen.",You will receive a request to pay the amount by June.
verb,blitzen,"to flash, sparkle","blitzen, blitzt, blitzte, hat geblitzt",Gestern Abend gab es ein Gewitter. Es hat furchtbar geblitzt und gedonnert.,There was a thunderstorm last night. There was terrible lightning and thunder.,Ihre Augen blitzen vor Freude.,Her eyes sparkle with joy.
noun,Beleg,receipt,"der Beleg, -e",Brauchen Sie einen Beleg?,Do you need a receipt?
other,städtisch,urban,städtisch,Ich gehe gern in die städtische Bibliothek.,I like going to the public library.
other,befriedigend,satisfactory,befriedigend,Das Ergebnis ist befriedigend.,The result is satisfactory.
noun,"Steward, Stewardess","steward, stewardess","der Steward, -s die Stewardess, -en",Die Stewardess bringt das Mittagessen.,The stewardess brings lunch.
noun,Vollzeit,full-time,"die Vollzeit, -en",Ich möchte gerne Vollzeit arbeiten.,I would like to work full-time.
verb,auffordern,"to ask, prompt","auffordern, fordert auf, forderte auf, hat aufgefordert","Sie forderte mich auf, meine Meinung zu sagen.",She asked me to speak my mind.,Er fordert sie zum Tanz auf.,He asks them to dance.
noun,Forum,forum,"das Forum, Foren (Internetforum)",Ich melde mich heute bei diesem Forum an.,I am registering for this forum today.
verb,dekorieren,to decorate,"dekorieren, dekoriert, dekorierte, hat dekoriert","Hilfst du mir, den Tisch für die Party zu dekorieren?",Can you help me decorate the table for the party?
noun,Möhre,carrot,"die Möhre, -n (D) → Karotte; CH: Rüebli",Hasen fressen gern Möhren.,Rabbits like to eat carrots.
noun,Minderheit,minority,"die Minderheit, -en",Frauen sind in unserer Firma in der Minderheit.,Women are in the minority in our company.
noun,Voraussetzung,"prerequisite, condition","die Voraussetzung, -en",Gesunde Ernährung ist die Voraussetzung für ein langes Leben.,A healthy diet is a prerequisite for a long life.,"Er will die Arbeit nur unter der Voraussetzung annehmen, dass ihm die Firma eine Wohnung organisiert.",He only wants to accept the job on the condition that the company organizes an apartment for him.
noun,Vorwahl,area code,"die Vorwahl, -en",Wie ist die Vorwahl von Hamburg?,What is the area code for Hamburg?
noun,Mobiltelefon,cell phone,"das Mobiltelefon, -e",Wie kann ich Sie erreichen? Haben Sie ein Mobiltelefon?,How can I reach you? Do you have a cell phone?
verb,schneien,to snow,"schneien, es schneit, es schneite, es hat geschneit",Heute Nacht hat es geschneit.,It snowed tonight.
other,schädlich,harmful,schädlich,Rauchen ist schädlich für die Gesundheit.,Smoking is harmful to your health.
noun,Arbeitslosigkeit,unemployment,die Arbeitslosigkeit (Sg.),Die Arbeitslosigkeit ist gesunken.,Unemployment has fallen.
other,minimal,minimal,minimal,Da ist nur ein minimaler Unterschied.,There is only a minimal difference.
other,statistisch,statistical,statistisch,Die statistischen Ergebnisse zeigen eine gute Entwicklung.,The statistical results show a positive trend.
other,salzig,salty,salzig,Dieses Essen ist zu salzig für mich.,This food is too salty for me.
noun,Erhöhung,increase,"die Erhöhung, -en",Wir streiken für eine Lohnerhöhung.,We are striking for a pay rise.
noun,Kiosk,kiosk,"der Kiosk, -e",Zeitungen bekommst du am Kiosk.,You can get newspapers at newsstands.
noun,Referat,"unit, presentation","das Referat, -e",Vielen Dank für dieses interessante Referat.,Thank you very much for this interesting presentation.
other,sonnig,sunny,sonnig,Das Wetter morgen: sonnig und warm.,The weather tomorrow: sunny and warm.
noun,Rückfahrt,return (journey),"die Rückfahrt, -en",Auf der Rückfahrt besuche ich meine Eltern.,"On the way back, I visit my parents."
noun,Schnitzel,schnitzel,"das Schnitzel, -",Bitte ein Schnitzel mit Kartoffeln und Salat.,Please a schnitzel with potatoes and salad.
other,Doppel-,double,Doppel-,Wir hätten gern ein Doppelbett.,We would like a double bed.,Wollen Sie ein Doppelzimmer oder ein Einzelzimmer?,Do you want a double room or a single room?
noun,Kopierer,copier,"der Kopierer, -",Der Kopierer ist schon wieder kaputt.,The photocopier is broken again.
verb,umtauschen,to exchange,"umtauschen, tauscht um, tauschte um, hat umgetauscht",Ich möchte diese Bluse umtauschen. Sie passt mir nicht.,I would like to exchange this blouse. It doesn't fit me.,Wo kann ich Geld umtauschen?,Where can I exchange money?
verb,heizen,to heat,"heizen, heizt, heizte, hat geheizt",Wir heizen mit Öl.,We heat with oil.,Ziehen Sie sich warm an. In der Halle ist nicht geheizt.,Dress warmly. The hall is not heated.
noun,Sonderangebot,special offer,"das Sonderangebot, -e",Das ist ein Sonderangebot: 25 % reduziert.,This is a special offer: 25% off.
noun,Diskothek,discotheque,"die Diskothek, -en/Disko, -s",Wir gehen heute Abend in die Disko(thek).,We're going to the disco(thek) tonight.
noun,Wanderung,hike,"die Wanderung, -en",Wir haben in den Ferien eine schöne Wanderung gemacht.,We went on a lovely hike during the vacations.
verb,verbrauchen,to consume,"verbrauchen, verbraucht, verbrauchte, hat verbraucht",Wie viel Benzin verbraucht dein Auto?,How much gas does your car use?
other,elektrisch,electric,elektrisch,"Wir kochen nicht mit Gas, sondern elektrisch.","We don't cook with gas, but with electricity."
noun,Rind,beef,"das Rind, -er",Ich esse nur Fleisch vom Rind.,I only eat beef.
noun,Schwierigkeit,difficulty,"die Schwierigkeit, -en",Ich hatte große Schwierigkeiten einen Parkplatz zu bekommen.,I had great difficulty getting a parking space.
noun,Notausgang,emergency exit,"der Notausgang, ¨-e",Der Notausgang ist gleich hier bei der Treppe.,The emergency exit is right here by the stairs.
noun,Sehenswürdigkeit,"place of interest, sight","die Sehenswürdigkeit, -en",Welche Sehenswürdigkeiten gibt es hier?,What sights are there here?
noun,Pflaume,plum,"die Pflaume, -n",Ich esse gern Pflaumen und noch lieber Pflaumenkuchen.,I love eating plums and even more plum cake.
noun,Sprechstunde,consultation hour,"die Sprechstunde, -n → A: Ordination",Frau Dr. Berger hat von 8 bis 12 Uhr Sprechstunde.,Dr. Berger has consultation hours from 8 a.m. to 12 noon.
noun,Halbpension,half board,"die Halbpension, -en",Wir möchten ein Hotel mit Halbpension.,We would like a hotel with half board.
other,mobil/mobil-,mobile,mobil/mobil-,Mit dem Fahrrad bin ich in der Stadt sehr mobil.,I'm very mobile in the city on my bike.
other,mild,mild,mild,"Möchten Sie die Soße scharf? – Nein, bitte ganz mild.","Would you like the sauce hot? - No, very mild please.",Wie wird das Wetter? – Es soll etwas milder werden.,What's the weather going to be like?
verb,verpacken,to pack,"verpacken, verpackt, verpackte, hat verpackt",Hast Du die Pakete gut verpackt?,Did you pack the parcels well?
noun,Senioren,seniors,die Senioren (Pl.),Dieser Computerkurs ist für Senioren.,This computer course is for seniors.
verb,umsteigen,to change (transport),"umsteigen, steigt um, stieg um, ist umgestiegen",In Ulm müssen Sie umsteigen.,You have to change trains in Ulm.
other,musikalisch,musical,musikalisch,"Sie ist sehr musikalisch: Sie spielt Klavier, Flöte und Geige.","She is very musical: she plays the piano, flute and violin.",Das musikalische Angebot gefällt mir.,I like the music on offer.
noun,Mobilbox,voicemail,"die Mobilbox, -en",Ich habe zwei Nachrichten auf meiner Mobilbox.,I have two messages on my voicemail.
verb,zunehmen,"to increase, gain weight","zunehmen, nimmt zu, nahm zu, hat zugenommen",Ich habe im Urlaub 1 Kilo zugenommen.,I gained 1 kilo during my vacation.
other,Spezial-,special,Spezial-,Ich brauche eine Spezialpflege für trockenes Haar.,I need special care for dry hair.
noun,Krimi,(crime) thriller,"der Krimi, -s",Heute Abend kommt ein spannender Krimi im Fernsehen.,There's an exciting thriller on TV tonight.
verb,ergänzen,to complete,"ergänzen, ergänzt, ergänzte, hat ergänzt",Ergänzen Sie bitte die fehlenden Angaben.,Please complete the missing information.
noun,Förderung,"promotion, funding","die Förderung, -en",Für das Projekt bekommen wir eine Förderung von der Stadt.,We receive funding from the city for the project.
noun,Umtausch,exchange,"der Umtausch, ¨-e",Ein Umtausch ist leider nicht möglich.,An exchange is unfortunately not possible.
noun,Buchhandlung,bookstore,"die Buchhandlung, -en",In der Buchhandlung in der Stadt haben sie das Buch sicher.,They certainly have the book in the bookstore in town.
noun,Mahnung,reminder,"die Mahnung, -en","Wenn du die Rechnung nicht pünktlich bezahlst, bekommst du eine Mahnung.","If you do not pay the bill on time, you will receive a reminder."
noun,"Fußgänger, Fußgängerin",pedestrian,"der Fußgänger, - die Fußgängerin, -nen",Dieser Weg ist nur für Fußgänger.,This path is for pedestrians only.
noun,Ordination,"consultation (hour), surgery","die Ordination, -en (A) → Sprechstunde",Frau Dr. Berger hat von 8 bis 12 Uhr Ordination.,Dr. Berger has consultation hours from 8 am to 12 pm.
noun,Drogerie,drugstore,"die Drogerie, -n",Waschmittel bekommst du in der Drogerie.,You can buy detergent at the drugstore.
other,virtuell,virtual,virtuell,Auf dieser Website kann man an einer virtuellen Stadtrundfahrt teilnehmen.,You can take part in a virtual city tour on this website.
other,Lieblings-,favorite,Lieblings-,"z. B. Lieblingsfarbe, Lieblingsfilm, Lieblingsessen Mein Lieblingsessen ist Pizza.","z. e.g. favorite color, favorite movie, favorite food My favorite food is pizza."
noun,Fußgängerzone,pedestrian zone,"die Fußgängerzone, -n",Wir treffen uns um 15 Uhr in der Fußgängerzone.,We meet at 3 p.m. in the pedestrian zone.
other,zahlreich,numerous,zahlreich,Die Gäste sind zahlreich gekommen. Es gibt zahlreiche Beispiele für gute Zusammenarbeit.,The guests came in large numbers. There are numerous examples of good cooperation.
other,zukünftig,"in the future, future",zukünftig,"Ich bitte dich, zukünftig früher zu kommen.",I would ask you to come earlier in future.
verb,integrieren,to integrate,"integrieren, integriert, integrierte, hat integriert",Sie ist schon sehr gut im Team integriert.,She is already very well integrated into the team.,Die Leute aus dem Ausland sollen besser integriert werden.,People from abroad should be better integrated.
noun,Einbahnstraße,one-way street,"die Einbahnstraße, -n",Die Goethestraße ist jetzt eine Einbahnstraße.,Goethestrasse is now a one-way street.
other,entspannend,relaxing,entspannend,Der Urlaub war sehr entspannend.,The vacation was very relaxing.
other,elektronisch,electronic,elektronisch,"Wir sollten die Daten elektronisch bearbeiten, sonst dauert es zu lange.","We should process the data electronically, otherwise it will take too long."
other,chic/schick,fancy,chic/schick,Ich finde dein Kleid sehr chick.,I think your dress is very fancy.
noun,Qualifikation,qualification,"die Qualifikation, -en",Für diese Arbeit haben Sie gute Qualifikationen.,You have good qualifications for this work.
noun,Teilzeit,part-time,"die Teilzeit, -en",Ich arbeite im Moment nur Teilzeit.,I only work part-time at the moment.
noun,"Nichtraucher, Nichtraucherin",Non-smoker,"der Nichtraucher, - die Nichtraucherin, -nen",In unserer Familie sind alle Nichtraucher.,Everyone in our family is a non-smoker.,Möchten Sie einen Tisch im Nichtraucherbereich?,Would you like a table in the non-smoking area?
verb,einfügen,"to insert, paste","einfügen, fügt ein, fügte ein, hat eingefügt","Markieren Sie zuerst die Zeilen, dann „kopieren“ drücken und dann einfügen.","First select the lines, then press copy and then paste."
verb,einführen,to introduce,"einführen, führt ein, führte ein, hat eingeführt",Dürfen wir diese Ware ins Land einführen?,Are we allowed to import these goods into the country?,Wir haben letztes Jahr ein neues System eingeführt.,We introduced a new system last year.
noun,Gymnastik,gymnastics,die Gymnastik (Sg.),Ich mache jeden Morgen Gymnastik.,I do gymnastics every morning.
noun,Annonce,advertisement,"die Annonce, -n","Ich habe alle Annoncen gelesen, aber die Wohnungen sind zu teuer.","I have read all the advertisements, but the apartments are too expensive."
other,tolerant,tolerant,tolerant,Die Nachbarn hören oft laut Musik. Wir müssen sehr tolerant sein.,The neighbors often listen to loud music. We have to be very tolerant.
verb,zusammenfassen,to summarize,"zusammenfassen, fasst zusammen, fasste zusammen, hat zusammengefasst",Können Sie das bitte noch einmal kurz zusammenfassen?,Can you please summarize this briefly?
noun,Volleyball,volleyball,"der Volleyball, -¨e",Im Sommer spiele ich gern Volleyball.,I like to play volleyball in the summer.
noun,Automat,automatic machine,"der Automat, -en",Zigaretten bekommst du am Automaten.,You can get cigarettes from the vending machine.,Der Fahrkartenautomat ist auf dem Bahnsteig.,The ticket machine is on the platform.
other,Elektro-,electrical,Elektro-,"z.B. Elektrogeschäft, Elektroingenieur, Elektroherd","e.g. electrical store, electrical engineer, electric stove"
noun,Reform,reform,"die Reform, -en",Die Regierung plant für nächstes Jahr eine Reform. Die Steuern sollen steigen.,The government is planning a reform for next year. Taxes are to rise.
noun,Rüebli,carrot,"das Rüebli, - (CH) → Karotte; D: Möhre",Hasen fressen gern Rüebli.,Rabbits like to eat carrots.
noun,Nudel,"noodle, pasta","die Nudel, -n",Möchten Sie Nudeln oder Reis? – Lieber Nudeln.,Would you prefer pasta or rice?
noun,Krankenpfleger,nurse,"der Krankenpfleger, -",Mein Bruder arbeitet als Krankenpfleger im Krankenhaus.,My brother works as a nurse in the hospital.
noun,Altenheim,old people's home,"das Altenheim, -e → Altersheim",Die Großeltern unserer Nachbarn sind im Altenheim.,Our neighbors' grandparents are in a retirement home.
verb,begründen,to justify,"begründen, begründet, begründete, hat begründet",Bitte begründen Sie Ihre Meinung.,Please give reasons for your opinion.
verb,abmachen,"to arrange, agree, take off","abmachen, macht ab, machte ab, hat abgemacht","Wir hatten doch abgemacht, dass du die Getränke besorgst.",We agreed that you would get the drinks.
noun,Quiz,quiz,"das Quiz, -",Er hat beim Quiz gewonnen.,He won the quiz.
noun,Fahrplan,timetable,"der Fahrplan, ¨-e",Der Fahrplan hat sich geändert.,The timetable has changed.,Haben Sie schon den neuen Sommerfahrplan?,Do you already have the new summer timetable?
noun,Strumpf,stocking,"der Strumpf, ¨-e",Wo sind meine roten Strümpfe?,Where are my red stockings?
verb,ausdrucken,to print,"ausdrucken, druckt aus, druckte aus, hat ausgedruckt",Kann ich das auf deinem Drucker ausdrucken?,Can I print this out on your printer?
other,passiv,passive,passiv,"Man sollte im Kurs nicht passiv sein, sondern mitdiskutieren.","You should not be passive in the course, but participate in the discussion."
noun,Steckdose,socket,"die Steckdose, -n",Es gibt drei Steckdosen in diesem Zimmer.,There are three sockets in this room.
noun,Kuli,pen,"der Kuli, -s",Hast du einen Kuli für mich?,Do you have a pen for me?
noun,Zvieri/Znüni,snack,"das/der Zvieri/Znüni, -s (CH) → D: Imbiss; A: Jause",Es ist Zeit für ein kleines Zvieri.,It's time for a little snack.
noun,Fotoapparat,camera,"der Fotoapparat, -e",Ich möchte mir einen Fotoapparat kaufen.,I would like to buy a camera.
other,senkrecht,vertical,senkrecht,Ziehen Sie bitte eine senkrechte Linie.,Please draw a vertical line.
verb,nachschlagen,to look up,"nachschlagen, schlägt nach, schlug nach, hat nachgeschlagen",Ich kenne das Wort nicht. Das musst du im Wörterbuch nachschlagen.,I don't know the word. You'll have to look it up in the dictionary.
verb,sich entschließen,to decide,"sich entschließen, entschließt sich, entschloss sich, hat sich entschlossen","Mein Nachbar hat sich nun doch entschlossen, sein Auto zu verkaufen.",My neighbor has now decided to sell his car after all.
noun,Müllabfuhr,garbage collection,"die Müllabfuhr, -en",Die Müllabfuhr kommt zweimal pro Woche.,The refuse collection service comes twice a week.
noun,Integration,integration,"die Integration, -en",Gute Deutschkenntnisse sollen bei der Integration helfen.,Good German language skills should help with integration.
verb,hageln,to hail,"hageln, hagelt, hagelte, hat gehagelt",Bei Gewitter kann es auch hageln.,It can also hail during thunderstorms.
noun,Einnahme,"income, intake","die Einnahme, -n",Unser Geschäft läuft gut. Unsere Einnahmen waren in diesem Monat höher als im letzten.,Our business is going well. Our income was higher this month than last.
noun,Familienname,family name,"der Familienname, -n",Ludin ist mein Familienname.,Ludin is my family name.
noun,Tourismus,tourism,der Tourismus (Sg.),In dieser Gegend gibt es viel Tourismus.,There is a lot of tourism in this area.
noun,Konsum,consumption,"der Konsum, -s",Der Konsum von Lebensmitteln steigt.,Food consumption is on the rise.
noun,Übernachtung,overnight stay,"die Übernachtung, -en",In diesem Hotel kostet die Übernachtung mit Frühstück 90 Euro.,"In this hotel, an overnight stay with breakfast costs 90 euros."
noun,Personalien,personal data,die Personalien (Pl.),Mein Kollege wird Ihre Personalien aufnehmen.,My colleague will take your personal details.
noun,Hausaufgabe,homework,"die Hausaufgabe, -n",Kannst du mir bei den Hausaufgaben helfen?,Can you help me with my homework?
noun,Zuschlag,surcharge,"der Zuschlag, ¨-e",Für diesen Zug müssen Sie einen Zuschlag zahlen.,You will have to pay a surcharge for this train.
noun,Umleitung,detour,"die Umleitung, -en",Es gibt wegen des Unfalls eine Umleitung.,There is a detour due to the accident.
noun,Prospekt,"brochure, leaflet","der Prospekt, -e",Bitte schicken Sie mir einen Prospekt von Ihrem Hotel.,Please send me a brochure of your hotel.
noun,Import,import,"der Import, -e","Im dritten Stock ist die Firma Schmidt & Co, Import und Export.","Schmidt & Co, Import and Export, is on the third floor.",Der Import von Zigaretten ist nur bis zu einer bestimmten Menge erlaubt.,The import of cigarettes is only permitted up to a certain quantity.
noun,Überschrift,"heading, title","die Überschrift, -en",Der Artikel erschien unter der folgenden Überschrift: „…“,The article appeared under the following headline: "...",Die Überschrift passt überhaupt nicht zum Inhalt des Artikels.,The headline does not match the content of the article at all.
other,voraussichtlich,expected,voraussichtlich,Der Zug hat voraussichtlich 20 Minuten Verspätung.,The train is expected to be 20 minutes late.
verb,hochladen,to upload,"hochladen, lädt hoch, lud hoch, hat hochgeladen",Kannst du bitte die Datei für die Hausaufgabe hochladen?,Can you please upload the file for the homework assignment?
noun,Arbeitsstelle,"job, workplace","die Arbeitsstelle, -n",Meine Frau hat eine neue Arbeitsstelle gefunden.,My wife has found a new job.
noun,Hauptbahnhof,central (train) station,"der Hauptbahnhof, ¨-e",Treffen wir uns am Hauptbahnhof?,Shall we meet at the main station?
noun,Muttersprache,mother tongue,"die Muttersprache, -n",Was ist Ihre Muttersprache?,What is your mother tongue?
noun,Tabelle,table,"die Tabelle, -n",Tragen Sie die richtige Information in die Tabelle ein.,Enter the correct information in the table.
noun,Speisewagen,dining car,"der Speisewagen, -",Wo ist der Speisewagen?,Where is the dining car?
verb,faulenzen,to laze around,"faulenzen, faulenzt, faulenzte, hat gefaulenzt",Am Wochenende können wir faulenzen.,We can laze around at the weekend.
noun,Grafik,graphic,"die Grafik, -en",Die Grafik zeigt die Temperaturen im letzten Jahr.,The graph shows the temperatures last year.
other,bewölkt,cloudy,bewölkt,Heute ist es stark bewölkt.,Today it is very cloudy.
noun,Sportart,sport type,"die Sportart, -en",Welche Sportart findest du am besten?,Which sport do you like best?
noun,Kaffeehaus,coffee house,"das Kaffeehaus, ¨-er (A)",Hier in der Nähe ist ein Kaffeehaus. Lass uns einen Kaffee trinken.,There's a coffee house nearby. Let's have a coffee.
other,gleichberechtigt,equal (by rights),gleichberechtigt,Mann und Frau sind gleichberechtigt.,Men and women have equal rights.
noun,Waschmittel,detergent,"das Waschmittel, -",Diese Bluse darfst du nicht mit jedem Waschmittel waschen.,Do not wash this blouse with any detergent.
verb,festsetzen,to set,"festsetzen, setzt fest, setzte fest, hat festgesetzt",Die Schule hat den Termin für die Prüfung festgesetzt.,The school has set the date for the exam.
noun,Umweltverschmutzung,environmental pollution,"die Umweltverschmutzung, -en",Die Umweltverschmutzung nimmt weiter zu.,Environmental pollution continues to increase.
noun,Wohnort,place of residence,"der Wohnort, -e",Tragen Sie bitte auch Ihren Wohnort ein.,Please also enter your place of residence.,Tragen Sie bitte Straße und Wohnort ein.,Please enter your street and place of residence.
noun,Einzelheit,detail,"die Einzelheit, -en",Du musst mir das in allen Einzelheiten erzählen.,You have to tell me all the details.
noun,Briefumschlag,envelope,"der Briefumschlag, ¨-e → A: Kuvert; CH: Couvert",Ich hätte gern 50 Briefumschläge und Briefmarken dazu.,I would like 50 envelopes and stamps.
verb,spazieren gehen,to go for a walk,"spazieren gehen, geht spazieren, ging spazieren, ist spazieren gegangen",Wir gehen sonntags immer spazieren.,We always go for a walk on Sundays.
noun,Tagesablauf,daily routine,"der Tagesablauf, ¨-e",Wie ist Ihr Tagesablauf?,What is your daily routine like?
verb,feststehen,to be fixed/definite,"feststehen, steht fest, stand fest, ist festgestanden",Der Termin steht seit Langem fest.,The date has been fixed for a long time.
noun,Krankenkasse,health insurance,"die Krankenkasse, -n",Die Krankenkasse bezahlt die Medikamente.,The health insurance company pays for the medication.
verb,konsumieren,to consume,"konsumieren, konsumiert, konsumierte, hat konsumiert",Die Europäer haben im letzten Jahr mehr Fleisch konsumiert.,Europeans consumed more meat last year.
verb,einzahlen,to deposit,"einzahlen, zahlt ein, zahlte ein, hat eingezahlt",Ich habe gestern Geld auf mein Bankkonto eingezahlt.,I deposited money into my bank account yesterday.
other,ander-,other,ander-,Die anderen sind schon nach Hause gegangen.,The others have already gone home.,Bitte nicht alle auf einmal! Einer nach dem anderen.,"Not all at once, please! One at a time.",Ich hätte gern ein anderes Auto.,I would like a different car.,Natascha hat unter anderem Chinesisch und Spanisch gelernt.,"Natascha has learned Chinese and Spanish, among other languages."
noun,Wettervorhersage,weather forecast,"die Wettervorhersage, -n",Die Wettervorhersage für morgen: trocken und sonnig.,The weather forecast for tomorrow: dry and sunny.
verb,kaputtgehen,to break (intransitive),"kaputtgehen, geht kaputt, ging kaputt, ist kaputtgegangen",Pass bitte mit diesem Glas auf. Es geht leicht kaputt.,Please be careful with this glass. It breaks easily.,Der Fernseher ist gestern kaputtgegangen.,The TV broke yesterday.
noun,Postleitzahl,zip code,"die Postleitzahl, -en",Weißt du die Postleitzahl der Kollwitzstraße in Berlin?,Do you know the zip code of Kollwitzstraße in Berlin?
other,mündlich,oral,mündlich,Die mündliche Prüfung ist erst nächste Woche.,The oral exam is next week.
noun,Einzahlung,deposit,"die Einzahlung, -en",Sie sollten die Einzahlung pünktlich machen.,You should make the deposit on time.
other,individuell,individual,individuell,"Die Lehrerin versucht, jedes Kind individuell zu fördern.",The teacher tries to support each child individually.
noun,Export,export,"der Export, -e","Hier ist die Firma Schulz, Import und Export.","This is the company Schulz, Import and Export.",Sonja arbeitet in der Exportabteilung.,Sonja works in the export department.
noun,Couvert,envelope,"das Couvert, -s (CH) → Briefumschlag; A: Kuvert",Ich hätte gern 50 Couverts und Briefmarken dazu.,I would like 50 envelopes and stamps.
noun,Nachspeise,dessert,"die Nachspeise, -n (D, A) → Dessert",Nach dem Essen gab es noch eine leckere Nachspeise,After the meal we had a delicious dessert
noun,Fundbüro,lost and found office,"das Fundbüro, -s",Sie haben Ihren Schirm verloren. Da fragen Sie am besten im Fundbüro.,You have lost your umbrella. The best place to ask is the lost and found office.
noun,Vorfahrt,right of way,die Vorfahrt (Sg.),Achtung! Das Auto rechts hat Vorfahrt!,Attention! The car on the right has right of way!
noun,Abfalleimer,garbage can,"der Abfalleimer, -",Wirf das bitte in den Abfalleimer!,Please throw this in the garbage can!
noun,Bankleitzahl,bank code,"die Bankleitzahl, -en",Bitte geben Sie Ihre Bankleitzahl an.,Please enter your bank sort code.
verb,bekannt geben,to announce,"bekannt geben, gibt bekannt, gab bekannt, hat bekannt gegeben",Den Prüfungsort geben wir Ihnen noch rechtzeitig bekannt.,We will inform you of the examination location in good time.
noun,Kunststoff,plastic,"der Kunststoff, -e",Der Stuhl ist aus Kunststoff.,The chair is made of plastic.
other,zentral,central,zentral,Wir suchen eine Zweizimmerwohnung in zentraler Lage.,We are looking for a two-room apartment in a central location.
other,vegetarisch,vegetarian,vegetarisch,Ich mag kein Fleisch. Ich esse am liebsten vegetarisch.,I don't like meat. I prefer to eat vegetarian food.,Haben Sie auch vegetarische Gerichte?,Do you also have vegetarian dishes?
other,preiswert,inexpensive,preiswert,Die Jacke ist sehr preiswert.,The jacket is very good value for money.
noun,Fachleute,experts,die Fachleute (Pl.),Die suchen Fachleute für dieses Computerprogramm.,They are looking for experts for this computer program.
noun,Zertifikat,certificate,"das Zertifikat, -e","Wenn ich die Prüfung schaffe, bekomme ich ein Zertifikat.","If I pass the exam, I will receive a certificate."
noun,Bankomat-Karte,ATM card,"die Bankomat-Karte, -n (A) → ec-Karte/EC-Karte",Sie können auch mit Bankomat-Karte zahlen.,You can also pay with an ATM card.
noun,Konfitüre,jam,"die Konfitüre, -n (CH)",Bring bitte noch ein Glas Konfitüre mit.,Please bring a jar of jam with you.
other,farbig,colored,farbig,"Ich brauche kein weißes, sondern farbiges Papier.","I don't need white paper, I need colored paper."
noun,Stadtplan,city map,"der Stadtplan, ¨-e",Haben Sie einen Stadtplan?,Do you have a city map?
noun,Rufnummer,phone number,"die Rufnummer, -n",Wir möchten Sie gerne anrufen. Wie ist Ihre Rufnummer?,We would like to call you. What is your phone number?
noun,ec-Karte,ec card,"die ec-Karte/EC-Karte → A: Bankomat-Karte",Bezahlen Sie bar? Sie können auch mit der ec-Karte zahlen.,Do you pay in cash? You can also pay by debit card.
noun,Gebrauchsanweisung,"instructions for use, manual","die Gebrauchsanweisung, -en",Lesen Sie bitte zuerst die Gebrauchsanweisung.,Please read the instructions for use first.
noun,"Lerner, Lernerin",learner,"der Lerner, - die Lernerin, -nen",Sie ist eine fleißige Lernerin.,She is a diligent learner.
noun,Knödel,dumpling,"der Knödel, - (D, A) → D: Kloß",Möchten Sie zum Fleisch Erdäpfel oder Knödel? – Knödel bitte.,Would you like potatoes or dumplings with your meat?
noun,"Radfahrer, Radfahrerin",cyclist,"der Radfahrer, - die Radfahrerin, -nen",Achtung! Da kommt eine Radfahrerin.,Watch out! Here comes a cyclist.
verb,unterstreichen,to underline,"unterstreichen, unterstreicht, unterstrich, hat unterstrichen",Wir sollen alle wichtigen Wörter unterstreichen.,We should underline all the important words.
other,folgend,following,folgend,Mehr Informationen auf den folgenden Seiten.,More information on the following pages.,Das Geschäft hat folgende Angebote: …,The store has the following offers: ...
noun,Chipkarte,chip card,"die Chipkarte, -n",Ich habe eine Chipkarte für diesen Automaten.,I have a chip card for this machine.
other,alltäglich,everyday,alltäglich,Das alltägliche Leben ist manchmal langweilig.,Everyday life is sometimes boring.,Der Roman erzählt eine ganz alltägliche Geschichte.,The novel tells an everyday story.
other,halbtags,half-day,halbtags,Ich habe ein kleines Kind und kann nicht acht Stunden am Tag arbeiten. Deshalb möchte ich halbtags arbeiten.,I have a small child and can't work eight hours a day. That's why I would like to work part-time.
noun,Eck,corner,"das Eck, -en (A) → D, CH: Ecke",Das Regal stellen wir hier ins Eck.,We put the shelf in the corner here.,Das bekommen Sie im Kiosk am Eck.,You can get this at the kiosk on the corner.,Wo ist die Apotheke? ? Gleich ums Eck.,Where is the pharmacy? ? Just around the corner.
noun,Geldautomat,cash machine,"der Geldautomat, -en (D) → A, CH: Bancomat/Bankomat",Ich hole noch Geld vom Geldautomaten.,I get some money from the ATM.
noun,Fahrbahn,roadway,"die Fahrbahn, -en",Fahren Sie bitte vorsichtig. Es sind Kühe auf der Fahrbahn.,Please drive carefully. There are cows on the road.
other,kulturell,cultural,kulturell,Es gibt große kulturelle Unterschiede zwischen den Ländern.,There are major cultural differences between countries.
noun,Metropole,metropolis,"die Metropole, -n",Berlin und Wien sind Metropolen.,Berlin and Vienna are metropolitan cities.
noun,Inserat,advertisement,"das Inserat, -e",Was kostet ein Inserat in der Zeitung?,What does an advertisement in the newspaper cost?
other,neblig,foggy,neblig,Fahr vorsichtig! Es ist neblig.,Drive carefully! It's foggy.
noun,Gewürz,spice,"das Gewürz, -e",Von den scharfen Gewürzen bekommt man Durst.,The hot spices make you thirsty.
noun,Anbieter,provider,"der Anbieter, -",Ist das ein privater Telefonanbieter?,Is this a private telephone provider?
noun,Verkehrsmittel,means of transportation,"das Verkehrsmittel, -",Es gibt kaum Parkplätze. Sie sollten mit öffentlichen Verkehrsmitteln fahren.,There are hardly any parking spaces. You should use public transportation.
verb,staubsaugen,to vacuum,"staubsaugen, staubsaugt, staubsaugte, hat gestaubsaugt",Ich muss heute in meiner Wohnung noch staubsaugen.,I have to vacuum my apartment today.
noun,Bancomat/Bankomat,ATM,"der Bancomat/Bankomat, -en (A, CH) → D: Geldautomat",Ich hole noch schnell Geld vom Bankomaten.,I quickly get some money from the ATM.
noun,Laufwerk,(computer) drive,"das Laufwerk, -e",Für meinen Computer habe ich mir ein neues Laufwerk gekauft.,I bought a new drive for my computer.
other,möbliert,furnished,möbliert,Ich suche ein möbliertes Zimmer.,I am looking for a furnished room.
noun,Angabe,"information, specification","die Angabe,-n","Wir brauchen von Ihnen folgende Angaben: Name, Adresse, Geburtsdatum.","We need the following information from you: Name, address, date of birth."
noun,Umweltschutz,environmental protection,der Umweltschutz (Sg.),Das Land muss mehr Geld für Umweltschutz ausgeben.,The country must spend more money on environmental protection.
verb,abonnieren,to subscribe,"abonnieren, abonniert, abonnierte, hat abonniert",Diese Zeitschrift würde ich gerne abonnieren.,I would like to subscribe to this magazine.
noun,Bedienungsanleitung,operating instructions,"die Bedienungsanleitung, -en",Die Bedienungsanleitung verstehe ich nicht.,I don't understand the operating instructions.
noun,Abgase,exhaust gases,Abgase (Pl.),Abgase aus Industrie und Haushalten verschmutzen die Luft.,Exhaust gases from industry and households pollute the air.
other,regional,regional,regional,Du kannst mit einer Regionalbahn fahren. Das ist billiger.,You can take a regional train. It's cheaper.
verb,verschmutzen,to pollute,"verschmutzen, verschmutzt, verschmutzte, hat verschmutzt",Die Fabrik verschmutzt den Fluss.,The factory pollutes the river.
noun,Arbeitserlaubnis,work permit,"die Arbeitserlaubnis, -se",Haben Sie eine Arbeitserlaubnis?,Do you have a work permit?
verb,sich ereignen,to occur,"sich ereignen, ereignet sich, ereignete sich, hat sich ereignet",Der Unfall ereignete sich am frühen Morgen.,The accident happened early in the morning.
noun,Mensa,canteen,"die Mensa, -s/-en",Ich esse fast jeden Tag in der Mensa.,I eat in the canteen almost every day.
noun,Anrede,"salutation, title","die Anrede, -n",Du darfst im Brief die Anrede nicht vergessen.,You must not forget the salutation in the letter.
noun,"Betriebsrat, Betriebsrätin",works council,"der Betriebsrat, ¨-e die Betriebsrätin, -nen",Der Betriebsrat wird Sie über die neuen Arbeitszeiten informieren.,The works council will inform you about the new working hours.
verb,(sich) siezen,to be on first name terms,"(sich) siezen, siezt, siezte, hat gesiezt","Obwohl sie sich schon lange kennen, siezen sie sich.","Although they have known each other for a long time, they are on first-name terms."
noun,Gehsteig,sidewalk,"der Gehsteig, -e (D, A) → CH: Trottoir",Das Fahrradfahren auf dem Gehsteig ist nicht erlaubt.,Cycling on the sidewalk is not permitted.
noun,Abbildung,illustration,"die Abbildung, -en","Auf der Abbildung sehen Sie, wie man das Gerät einschaltet.",The illustration shows you how to switch on the device.
other,waagerecht,horizontal,waagerecht,Ziehen Sie bitte einen waagerechten Strich.,Please draw a horizontal line.
noun,Margarine,margarine,"die Margarine, -n",Meine Frau isst nur Margarine und keine Butter.,My wife only eats margarine and no butter.
noun,Trottoir,sidewalk,"das Trottoir, -s (CH) → Gehsteig (D, A)",Das Velofahren auf dem Trottoir ist nicht erlaubt.,Cycling on the sidewalk is not permitted.
noun,Rundfahrt,"tour, round trip","die Rundfahrt, -en",Am zweiten Tag haben wir eine Rundfahrt durch den Hafen gemacht.,"On the second day, we took a tour of the port."
noun,Jugendherberge,youth hostel,"die Jugendherberge, -n",Wo habt ihr übernachtet? – In einer Jugendherberge.,Where did you stay overnight? - In a youth hostel.
other,pauschal,"flat rate, general",pauschal,Sie haben die Reise pauschal gebucht.,You have booked the trip as a packaga (flat rate).,"Das ist mir zu pauschal, ich wüsste es gern genauer.","That's too general for me, I'd like to know more."
